"Profile","Id","Path","Slice Name","Alias(s)","Label","Min","Max","Must Support?","Is Modifier?","Is Summary?","Type(s)","Short","Definition","Comments","Requirements","Default Value","Meaning When Missing","Fixed Value","Pattern","Example","Minimum Value","Maximum Value","Maximum Length","Binding Strength","Binding Description","Binding Value Set","Code","Slicing Discriminator","Slicing Description","Slicing Ordered","Slicing Rules","Base Path","Base Min","Base Max","Condition(s)","Constraint(s)"
"FRLMAddendum","FRLMAddendum","FRLMAddendum","","","",0,*,"","","","null {[]} {[]}
","Logical model - FR LM Addendum","Section Addendum","","","","","","","","","",,,,,"",,,,"Base",0,*,"",""
"FRLMAddendum","FRLMAddendum.codeSection","FRLMAddendum.codeSection","","","",1,1,"","","","CodeableConcept {[]} {[]}
","Code de la section","Code de la section","","","","","","","","","",,,,,"",,,,"FRLMSection.codeSection",1,1,"",""
"FRLMAddendum","FRLMAddendum.titleSection","FRLMAddendum.titleSection","","","",1,1,"","","","string {[]} {[]}
","Titre de la section","Titre de la section","","","","","","","","","",,,,,"",,,,"FRLMSection.titleSection",0,1,"",""
"FRLMAddendum","FRLMAddendum.description","FRLMAddendum.description","","","",1,1,"","","","string {[]} {[]}
","Bloc narratif","Bloc narratif","","","","","","","","","",,,,,"",,,,"FRLMSection.description",1,1,"",""
"FRLMAddendum","FRLMAddendum.author[x]","FRLMAddendum.author[x]","","","",0,*,"","","","Base {[]} {[]}
","author[x] peut correspondre soit à un professionnel, soit à une organisation, soit à un système.","author[x] peut correspondre soit à un professionnel, soit à une organisation, soit à un système.","","","","","","","","","",,,,,"",,,,"FRLMSection.author[x]",0,*,"",""
"FRLMAddendum","FRLMAddendum.author[x].authorProfessional","FRLMAddendum.author[x].authorProfessional","","","",0,*,"","","","https://interop.esante.gouv.fr/ig/document-core/StructureDefinition/FRLMHealthProfessional {[]} {[]}
","L'auteur est un professionnel de santé","L'auteur est un professionnel de santé","","","","","","","","","",,,,,"",,,,"FRLMSection.author[x].authorProfessional",0,*,"",""
"FRLMAddendum","FRLMAddendum.author[x].authorOrganisation","FRLMAddendum.author[x].authorOrganisation","","","",0,*,"","","","https://interop.esante.gouv.fr/ig/document-core/StructureDefinition/FRLMOrganisation {[]} {[]}
","L'auteur est une organisation","L'auteur est une organisation","","","","","","","","","",,,,,"",,,,"FRLMSection.author[x].authorOrganisation",0,*,"",""
"FRLMAddendum","FRLMAddendum.author[x].authorDevice","FRLMAddendum.author[x].authorDevice","","","",0,*,"","","","https://interop.esante.gouv.fr/ig/document-core/StructureDefinition/FRLMDevice {[]} {[]}
","L'auteur est un système","L'auteur est un système","","","","","","","","","",,,,,"",,,,"FRLMSection.author[x].authorDevice",0,*,"",""
"FRLMAddendum","FRLMAddendum.informant","FRLMAddendum.informant","","","",0,*,"","","","https://interop.esante.gouv.fr/ig/document-core/StructureDefinition/FRLMInformant {[]} {[]}
","Informateur","Informateur","","","","","","","","","",,,,,"",,,,"FRLMSection.informant",0,*,"",""
"FRLMAddendum","FRLMAddendum.subSection","FRLMAddendum.subSection","","","",0,0,"","","","Base {[]} {[]}
","Sous-sections","Sous-sections","","","","","","","","","",,,,,"",,,,"FRLMSection.subSection",0,*,"",""
"FRLMAddendum","FRLMAddendum.entry","FRLMAddendum.entry","","","",0,0,"","","","Base {[]} {[]}
","Entrées","Entrées","","","","","","","","","",,,,,"",,,,"FRLMSection.entry",0,*,"",""
"FRLMAdmissionEvaluation","FRLMAdmissionEvaluation","FRLMAdmissionEvaluation","","","",0,*,"","","","null {[]} {[]}
","Logical model - FR LM Admission Evaluation","Section Évaluation à l'admission","","","","","","","","","",,,,,"",,,,"Base",0,*,"",""
"FRLMAdmissionEvaluation","FRLMAdmissionEvaluation.codeSection","FRLMAdmissionEvaluation.codeSection","","","",1,1,"","","","CodeableConcept {[]} {[]}
","Code de la section","Code de la section","","","","","","","","","",,,,,"",,,,"FRLMSection.codeSection",1,1,"",""
"FRLMAdmissionEvaluation","FRLMAdmissionEvaluation.titleSection","FRLMAdmissionEvaluation.titleSection","","","",1,1,"","","","string {[]} {[]}
","Titre de la section","Titre de la section","","","","","","","","","",,,,,"",,,,"FRLMSection.titleSection",0,1,"",""
"FRLMAdmissionEvaluation","FRLMAdmissionEvaluation.description","FRLMAdmissionEvaluation.description","","","",1,1,"","","","string {[]} {[]}
","Bloc narratif","Bloc narratif","","","","","","","","","",,,,,"",,,,"FRLMSection.description",1,1,"",""
"FRLMAdmissionEvaluation","FRLMAdmissionEvaluation.author[x]","FRLMAdmissionEvaluation.author[x]","","","",0,*,"","","","Base {[]} {[]}
","author[x] peut correspondre soit à un professionnel, soit à une organisation, soit à un système.","author[x] peut correspondre soit à un professionnel, soit à une organisation, soit à un système.","","","","","","","","","",,,,,"",,,,"FRLMSection.author[x]",0,*,"",""
"FRLMAdmissionEvaluation","FRLMAdmissionEvaluation.author[x].authorProfessional","FRLMAdmissionEvaluation.author[x].authorProfessional","","","",0,*,"","","","https://interop.esante.gouv.fr/ig/document-core/StructureDefinition/FRLMHealthProfessional {[]} {[]}
","L'auteur est un professionnel de santé","L'auteur est un professionnel de santé","","","","","","","","","",,,,,"",,,,"FRLMSection.author[x].authorProfessional",0,*,"",""
"FRLMAdmissionEvaluation","FRLMAdmissionEvaluation.author[x].authorOrganisation","FRLMAdmissionEvaluation.author[x].authorOrganisation","","","",0,*,"","","","https://interop.esante.gouv.fr/ig/document-core/StructureDefinition/FRLMOrganisation {[]} {[]}
","L'auteur est une organisation","L'auteur est une organisation","","","","","","","","","",,,,,"",,,,"FRLMSection.author[x].authorOrganisation",0,*,"",""
"FRLMAdmissionEvaluation","FRLMAdmissionEvaluation.author[x].authorDevice","FRLMAdmissionEvaluation.author[x].authorDevice","","","",0,*,"","","","https://interop.esante.gouv.fr/ig/document-core/StructureDefinition/FRLMDevice {[]} {[]}
","L'auteur est un système","L'auteur est un système","","","","","","","","","",,,,,"",,,,"FRLMSection.author[x].authorDevice",0,*,"",""
"FRLMAdmissionEvaluation","FRLMAdmissionEvaluation.informant","FRLMAdmissionEvaluation.informant","","","",0,*,"","","","https://interop.esante.gouv.fr/ig/document-core/StructureDefinition/FRLMInformant {[]} {[]}
","Informateur","Informateur","","","","","","","","","",,,,,"",,,,"FRLMSection.informant",0,*,"",""
"FRLMAdmissionEvaluation","FRLMAdmissionEvaluation.subSection","FRLMAdmissionEvaluation.subSection","","","",0,0,"","","","Base {[]} {[]}
","Sous-sections","Sous-sections","","","","","","","","","",,,,,"",,,,"FRLMSection.subSection",0,*,"",""
"FRLMAdmissionEvaluation","FRLMAdmissionEvaluation.entry","FRLMAdmissionEvaluation.entry","","","",0,*,"","","","Base {[]} {[]}
","Entrées","Entrées","","","","","","","","","",,,,,"",,,,"FRLMSection.entry",0,*,"",""
"FRLMAdmissionEvaluation","FRLMAdmissionEvaluation.entry.encounterInformation","FRLMAdmissionEvaluation.entry.encounterInformation","","","",0,1,"","","","https://interop.esante.gouv.fr/ig/document-core/StructureDefinition/FRLMEncounter {[]} {[]}
","Entrée Informations sur la rencontre","Entrée Informations sur la rencontre","","","","","","","","","",,,,,"",,,,"FRLMAdmissionEvaluation.entry.encounterInformation",0,1,"",""
"FRLMAdmissionEvaluation","FRLMAdmissionEvaluation.entry.objectiveFindings","FRLMAdmissionEvaluation.entry.objectiveFindings","","","",0,*,"","","","https://interop.esante.gouv.fr/ig/document-core/StructureDefinition/FRLMObservation {[]} {[]}
","Constatations objectives","Constatations objectives","","","","","","","","","",,,,,"",,,,"FRLMAdmissionEvaluation.entry.objectiveFindings",0,*,"",""
"FRLMAdmissionEvaluation","FRLMAdmissionEvaluation.entry.functionalStatus[x]","FRLMAdmissionEvaluation.entry.functionalStatus[x]","","","",0,*,"","","","https://interop.esante.gouv.fr/ig/document-core/StructureDefinition/FRLMCondition {[]} {[]}
https://interop.esante.gouv.fr/ig/document-core/StructureDefinition/FRLMObservation {[]} {[]}","Statut fonctionnel","Statut fonctionnel","","","","","","","","","",,,,,"",,,,"FRLMAdmissionEvaluation.entry.functionalStatus[x]",0,*,"",""
"FRLMAdmissionEvaluation","FRLMAdmissionEvaluation.entry.note","FRLMAdmissionEvaluation.entry.note","","","",0,1,"","","","string {[]} {[]}
","Commentaire","Commentaire","","","","","","","","","",,,,,"",,,,"FRLMAdmissionEvaluation.entry.note",0,1,"",""
"FRLMAdvanceDirective","FRLMAdvanceDirective","FRLMAdvanceDirective","","","",0,*,"","","","null {[]} {[]}
","Logical model - FR LM Advance Directive","Directive anticipée","","","","","","","","","",,,,,"",,,,"Base",0,*,"",""
"FRLMAdvanceDirective","FRLMAdvanceDirective.header","FRLMAdvanceDirective.header","","","",1,1,"","","","Base {[]} {[]}
","Métadonnées de base","Métadonnées de base","","","","","","","","","",,,,,"",,,,"FRLMEntry.header",1,1,"",""
"FRLMAdvanceDirective","FRLMAdvanceDirective.header.subject","FRLMAdvanceDirective.header.subject","","","",1,1,"","","","https://interop.esante.gouv.fr/ig/document-core/StructureDefinition/FRLMPatient {[]} {[]}
","Patient / Usager","Patient / Usager","","","","","","","","","",,,,,"",,,,"FRLMEntry.header.subject",1,1,"",""
"FRLMAdvanceDirective","FRLMAdvanceDirective.header.identifier","FRLMAdvanceDirective.header.identifier","","","",0,*,"","","","Identifier {[]} {[]}
","Identifiant de l’entrée","Identifiant de l’entrée","","","","","","","","","",,,,,"",,,,"FRLMEntry.header.identifier",0,*,"",""
"FRLMAdvanceDirective","FRLMAdvanceDirective.header.author[x]","FRLMAdvanceDirective.header.author[x]","","","",0,*,"","","","Base {[]} {[]}
","author[x] peut correspondre soit à un professionnel, soit à une organisation, soit à un système.","author[x] peut correspondre soit à un professionnel, soit à une organisation, soit à un système.","","","","","","","","","",,,,,"",,,,"FRLMEntry.header.author[x]",0,*,"",""
"FRLMAdvanceDirective","FRLMAdvanceDirective.header.author[x].authorProfessional","FRLMAdvanceDirective.header.author[x].authorProfessional","","","",0,*,"","","","https://interop.esante.gouv.fr/ig/document-core/StructureDefinition/FRLMHealthProfessional {[]} {[]}
","L'auteur est un professionnel de santé","L'auteur est un professionnel de santé","","","","","","","","","",,,,,"",,,,"FRLMEntry.header.author[x].authorProfessional",0,*,"",""
"FRLMAdvanceDirective","FRLMAdvanceDirective.header.author[x].authorOrganisation","FRLMAdvanceDirective.header.author[x].authorOrganisation","","","",0,*,"","","","https://interop.esante.gouv.fr/ig/document-core/StructureDefinition/FRLMOrganisation {[]} {[]}
","L'auteur est une organisation","L'auteur est une organisation","","","","","","","","","",,,,,"",,,,"FRLMEntry.header.author[x].authorOrganisation",0,*,"",""
"FRLMAdvanceDirective","FRLMAdvanceDirective.header.author[x].authorDevice","FRLMAdvanceDirective.header.author[x].authorDevice","","","",0,*,"","","","https://interop.esante.gouv.fr/ig/document-core/StructureDefinition/FRLMDevice {[]} {[]}
","L'auteur est un système","L'auteur est un système","","","","","","","","","",,,,,"",,,,"FRLMEntry.header.author[x].authorDevice",0,*,"",""
"FRLMAdvanceDirective","FRLMAdvanceDirective.header.performer[x]","FRLMAdvanceDirective.header.performer[x]","","","",0,*,"","","","https://interop.esante.gouv.fr/ig/document-core/StructureDefinition/FRLMHealthProfessional {[]} {[]}
https://interop.esante.gouv.fr/ig/document-core/StructureDefinition/FRLMOrganisation {[]} {[]}","Exécutant (performer)","Exécutant (performer)","","","","","","","","","",,,,,"",,,,"FRLMEntry.header.performer[x]",0,*,"",""
"FRLMAdvanceDirective","FRLMAdvanceDirective.header.participant[x]","FRLMAdvanceDirective.header.participant[x]","","","",0,*,"","","","Base {[]} {[]}
","Participant","Participant","","","","","","","","","",,,,,"",,,,"FRLMEntry.header.participant[x]",0,*,"",""
"FRLMAdvanceDirective","FRLMAdvanceDirective.header.participant[x].participantProfessional","FRLMAdvanceDirective.header.participant[x].participantProfessional","","","",0,*,"","","","https://interop.esante.gouv.fr/ig/document-core/StructureDefinition/FRLMHealthProfessional {[]} {[]}
","Le participant est un professionnel de santé","Le participant est un professionnel de santé","","","","","","","","","",,,,,"",,,,"FRLMEntry.header.participant[x].participantProfessional",0,*,"",""
"FRLMAdvanceDirective","FRLMAdvanceDirective.header.participant[x].participantOrganisation","FRLMAdvanceDirective.header.participant[x].participantOrganisation","","","",0,*,"","","","https://interop.esante.gouv.fr/ig/document-core/StructureDefinition/FRLMOrganisation {[]} {[]}
","Le participant est une organisation","Le participant est une organisation","","","","","","","","","",,,,,"",,,,"FRLMEntry.header.participant[x].participantOrganisation",0,*,"",""
"FRLMAdvanceDirective","FRLMAdvanceDirective.header.participant[x].participantDevice","FRLMAdvanceDirective.header.participant[x].participantDevice","","","",0,*,"","","","https://interop.esante.gouv.fr/ig/document-core/StructureDefinition/FRLMDevice {[]} {[]}
","Le participant est un système","Le participant est un système","","","","","","","","","",,,,,"",,,,"FRLMEntry.header.participant[x].participantDevice",0,*,"",""
"FRLMAdvanceDirective","FRLMAdvanceDirective.header.informant","FRLMAdvanceDirective.header.informant","","","",0,*,"","","","https://interop.esante.gouv.fr/ig/document-core/StructureDefinition/FRLMInformant {[]} {[]}
","Informateur","Informateur","","","","","","","","","",,,,,"",,,,"FRLMEntry.header.informant",0,*,"",""
"FRLMAdvanceDirective","FRLMAdvanceDirective.header.date","FRLMAdvanceDirective.header.date","","","",0,1,"","","","dateTime {[]} {[]}
","Date/Heure de création par l'auteur","Date/Heure de création par l'auteur","","","","","","","","","",,,,,"",,,,"FRLMEntry.header.date",0,1,"",""
"FRLMAdvanceDirective","FRLMAdvanceDirective.header.status","FRLMAdvanceDirective.header.status","","","",1,1,"","","","CodeableConcept {[]} {[]}
","Statut de la directive anticipée","Statut","","","","","","","","","",,,,,"",,,,"FRLMEntry.header.status",0,1,"",""
"FRLMAdvanceDirective","FRLMAdvanceDirective.header.source","FRLMAdvanceDirective.header.source","","","",0,1,"","","","CodeableConcept {[]} {[]}
","Source","Source","","","","","","","","","",,,,,"",,,,"FRLMEntry.header.source",0,1,"",""
"FRLMAdvanceDirective","FRLMAdvanceDirective.header.language","FRLMAdvanceDirective.header.language","","","",0,1,"","","","CodeableConcept {[]} {[]}
","'fr-FR' pour français métropolitain (la casse des caractères doit être respectée)
La partie en minuscules indique le code de la langue utilisée (ISO-639-1)
La partie en majuscules indique le code pays (ISO-3166)","'fr-FR' pour français métropolitain (la casse des caractères doit être respectée)
La partie en minuscules indique le code de la langue utilisée (ISO-639-1)
La partie en majuscules indique le code pays (ISO-3166)","","","","","","","","","",,,,,"",,,,"FRLMEntry.header.language",0,1,"",""
"FRLMAdvanceDirective","FRLMAdvanceDirective.date","FRLMAdvanceDirective.date","","","",1,1,"","","","dateTime {[]} {[]}
","Date de la directive anticipée","Date de la directive anticipée","","","","","","","","","",,,,,"",,,,"FRLMAdvanceDirective.date",1,1,"",""
"FRLMAdvanceDirective","FRLMAdvanceDirective.category","FRLMAdvanceDirective.category","","","",1,1,"","","","CodeableConcept {[]} {[]}
","Type de directive","Type de directive","","","","","","","","","",,"required","jdv-type-directive-anticipee-cisis (1.2.250.1.213.1.1.5.136)","https://smt.esante.gouv.fr/fhir/ValueSet/jdv-type-directive-anticipee-cisis|20260619134043","",,,,"FRLMAdvanceDirective.category",1,1,"",""
"FRLMAdvanceDirective","FRLMAdvanceDirective.value","FRLMAdvanceDirective.value","","","",1,1,"","","","boolean {[]} {[]}
","Procédure autorisée ou pas","Procédure autorisée ou pas","","","","","","","","","",,,,,"",,,,"FRLMAdvanceDirective.value",1,1,"",""
"FRLMAdvanceDirective","FRLMAdvanceDirective.note","FRLMAdvanceDirective.note","","","",0,1,"","","","string {[]} {[]}
","Commentaire","Commentaire","","","","","","","","","",,,,,"",,,,"FRLMAdvanceDirective.note",0,1,"",""
"FRLMAdvanceDirective","FRLMAdvanceDirective.attachment","FRLMAdvanceDirective.attachment","","","",0,1,"","","","https://interop.esante.gouv.fr/ig/document-core/StructureDefinition/FRLMAttachment {[]} {[]}
","Piece jointe associee a la directive","Piece jointe associee a la directive","","","","","","","","","",,,,,"",,,,"FRLMAdvanceDirective.attachment",0,1,"",""
"FRLMAdvanceDirectives","FRLMAdvanceDirectives","FRLMAdvanceDirectives","","","",0,*,"","","","null {[]} {[]}
","Logical model - FR LM Advance Directives","Section Directives anticipées","","","","","","","","","",,,,,"",,,,"Base",0,*,"",""
"FRLMAdvanceDirectives","FRLMAdvanceDirectives.codeSection","FRLMAdvanceDirectives.codeSection","","","",1,1,"","","","CodeableConcept {[]} {[]}
","Code de la section","Code de la section","","","","","","","","","",,,,,"",,,,"FRLMSection.codeSection",1,1,"",""
"FRLMAdvanceDirectives","FRLMAdvanceDirectives.titleSection","FRLMAdvanceDirectives.titleSection","","","",1,1,"","","","string {[]} {[]}
","Titre de la section","Titre de la section","","","","","","","","","",,,,,"",,,,"FRLMSection.titleSection",0,1,"",""
"FRLMAdvanceDirectives","FRLMAdvanceDirectives.description","FRLMAdvanceDirectives.description","","","",1,1,"","","","string {[]} {[]}
","Bloc narratif","Bloc narratif","","","","","","","","","",,,,,"",,,,"FRLMSection.description",1,1,"",""
"FRLMAdvanceDirectives","FRLMAdvanceDirectives.author[x]","FRLMAdvanceDirectives.author[x]","","","",0,*,"","","","Base {[]} {[]}
","author[x] peut correspondre soit à un professionnel, soit à une organisation, soit à un système.","author[x] peut correspondre soit à un professionnel, soit à une organisation, soit à un système.","","","","","","","","","",,,,,"",,,,"FRLMSection.author[x]",0,*,"",""
"FRLMAdvanceDirectives","FRLMAdvanceDirectives.author[x].authorProfessional","FRLMAdvanceDirectives.author[x].authorProfessional","","","",0,*,"","","","https://interop.esante.gouv.fr/ig/document-core/StructureDefinition/FRLMHealthProfessional {[]} {[]}
","L'auteur est un professionnel de santé","L'auteur est un professionnel de santé","","","","","","","","","",,,,,"",,,,"FRLMSection.author[x].authorProfessional",0,*,"",""
"FRLMAdvanceDirectives","FRLMAdvanceDirectives.author[x].authorOrganisation","FRLMAdvanceDirectives.author[x].authorOrganisation","","","",0,*,"","","","https://interop.esante.gouv.fr/ig/document-core/StructureDefinition/FRLMOrganisation {[]} {[]}
","L'auteur est une organisation","L'auteur est une organisation","","","","","","","","","",,,,,"",,,,"FRLMSection.author[x].authorOrganisation",0,*,"",""
"FRLMAdvanceDirectives","FRLMAdvanceDirectives.author[x].authorDevice","FRLMAdvanceDirectives.author[x].authorDevice","","","",0,*,"","","","https://interop.esante.gouv.fr/ig/document-core/StructureDefinition/FRLMDevice {[]} {[]}
","L'auteur est un système","L'auteur est un système","","","","","","","","","",,,,,"",,,,"FRLMSection.author[x].authorDevice",0,*,"",""
"FRLMAdvanceDirectives","FRLMAdvanceDirectives.informant","FRLMAdvanceDirectives.informant","","","",0,*,"","","","https://interop.esante.gouv.fr/ig/document-core/StructureDefinition/FRLMInformant {[]} {[]}
","Informateur","Informateur","","","","","","","","","",,,,,"",,,,"FRLMSection.informant",0,*,"",""
"FRLMAdvanceDirectives","FRLMAdvanceDirectives.subSection","FRLMAdvanceDirectives.subSection","","","",0,0,"","","","Base {[]} {[]}
","Sous-sections","Sous-sections","","","","","","","","","",,,,,"",,,,"FRLMSection.subSection",0,*,"",""
"FRLMAdvanceDirectives","FRLMAdvanceDirectives.entry","FRLMAdvanceDirectives.entry","","","",0,*,"","","","Base {[]} {[]}
","Entrées","Entrées","","","","","","","","","",,,,,"",,,,"FRLMSection.entry",0,*,"",""
"FRLMAdvanceDirectives","FRLMAdvanceDirectives.entry.advanceDirective","FRLMAdvanceDirectives.entry.advanceDirective","","","",0,*,"","","","https://interop.esante.gouv.fr/ig/document-core/StructureDefinition/FRLMAdvanceDirective {[]} {[]}
","Entrée Directive anticipée","Entrée Directive anticipée","","","","","","","","","",,,,,"",,,,"FRLMAdvanceDirectives.entry.advanceDirective",0,*,"",""
"FRLMAdverseDrugReaction","FRLMAdverseDrugReaction","FRLMAdverseDrugReaction","","","",0,*,"","","","null {[]} {[]}
","Modèle logique métier - FR LM Adverse Drug Reaction","Effet indésirable médicamenteux","","","","","","","","","",,,,,"",,,,"Base",0,*,"",""
"FRLMAdverseDrugReaction","FRLMAdverseDrugReaction.header","FRLMAdverseDrugReaction.header","","","",1,1,"","","","Base {[]} {[]}
","Métadonnées de base","Métadonnées de base","","","","","","","","","",,,,,"",,,,"FRLMEntry.header",1,1,"",""
"FRLMAdverseDrugReaction","FRLMAdverseDrugReaction.header.subject","FRLMAdverseDrugReaction.header.subject","","","",1,1,"","","","https://interop.esante.gouv.fr/ig/document-core/StructureDefinition/FRLMPatient {[]} {[]}
","Patient / Usager","Patient / Usager","","","","","","","","","",,,,,"",,,,"FRLMEntry.header.subject",1,1,"",""
"FRLMAdverseDrugReaction","FRLMAdverseDrugReaction.header.identifier","FRLMAdverseDrugReaction.header.identifier","","","",0,*,"","","","Identifier {[]} {[]}
","Identifiant de l’entrée","Identifiant de l’entrée","","","","","","","","","",,,,,"",,,,"FRLMEntry.header.identifier",0,*,"",""
"FRLMAdverseDrugReaction","FRLMAdverseDrugReaction.header.author[x]","FRLMAdverseDrugReaction.header.author[x]","","","",0,*,"","","","Base {[]} {[]}
","author[x] peut correspondre soit à un professionnel, soit à une organisation, soit à un système.","author[x] peut correspondre soit à un professionnel, soit à une organisation, soit à un système.","","","","","","","","","",,,,,"",,,,"FRLMEntry.header.author[x]",0,*,"",""
"FRLMAdverseDrugReaction","FRLMAdverseDrugReaction.header.author[x].authorProfessional","FRLMAdverseDrugReaction.header.author[x].authorProfessional","","","",0,*,"","","","https://interop.esante.gouv.fr/ig/document-core/StructureDefinition/FRLMHealthProfessional {[]} {[]}
","L'auteur est un professionnel de santé","L'auteur est un professionnel de santé","","","","","","","","","",,,,,"",,,,"FRLMEntry.header.author[x].authorProfessional",0,*,"",""
"FRLMAdverseDrugReaction","FRLMAdverseDrugReaction.header.author[x].authorOrganisation","FRLMAdverseDrugReaction.header.author[x].authorOrganisation","","","",0,*,"","","","https://interop.esante.gouv.fr/ig/document-core/StructureDefinition/FRLMOrganisation {[]} {[]}
","L'auteur est une organisation","L'auteur est une organisation","","","","","","","","","",,,,,"",,,,"FRLMEntry.header.author[x].authorOrganisation",0,*,"",""
"FRLMAdverseDrugReaction","FRLMAdverseDrugReaction.header.author[x].authorDevice","FRLMAdverseDrugReaction.header.author[x].authorDevice","","","",0,*,"","","","https://interop.esante.gouv.fr/ig/document-core/StructureDefinition/FRLMDevice {[]} {[]}
","L'auteur est un système","L'auteur est un système","","","","","","","","","",,,,,"",,,,"FRLMEntry.header.author[x].authorDevice",0,*,"",""
"FRLMAdverseDrugReaction","FRLMAdverseDrugReaction.header.performer[x]","FRLMAdverseDrugReaction.header.performer[x]","","","",0,*,"","","","https://interop.esante.gouv.fr/ig/document-core/StructureDefinition/FRLMHealthProfessional {[]} {[]}
https://interop.esante.gouv.fr/ig/document-core/StructureDefinition/FRLMOrganisation {[]} {[]}","Exécutant (performer)","Exécutant (performer)","","","","","","","","","",,,,,"",,,,"FRLMEntry.header.performer[x]",0,*,"",""
"FRLMAdverseDrugReaction","FRLMAdverseDrugReaction.header.participant[x]","FRLMAdverseDrugReaction.header.participant[x]","","","",0,*,"","","","Base {[]} {[]}
","Participant","Participant","","","","","","","","","",,,,,"",,,,"FRLMEntry.header.participant[x]",0,*,"",""
"FRLMAdverseDrugReaction","FRLMAdverseDrugReaction.header.participant[x].participantProfessional","FRLMAdverseDrugReaction.header.participant[x].participantProfessional","","","",0,*,"","","","https://interop.esante.gouv.fr/ig/document-core/StructureDefinition/FRLMHealthProfessional {[]} {[]}
","Le participant est un professionnel de santé","Le participant est un professionnel de santé","","","","","","","","","",,,,,"",,,,"FRLMEntry.header.participant[x].participantProfessional",0,*,"",""
"FRLMAdverseDrugReaction","FRLMAdverseDrugReaction.header.participant[x].participantOrganisation","FRLMAdverseDrugReaction.header.participant[x].participantOrganisation","","","",0,*,"","","","https://interop.esante.gouv.fr/ig/document-core/StructureDefinition/FRLMOrganisation {[]} {[]}
","Le participant est une organisation","Le participant est une organisation","","","","","","","","","",,,,,"",,,,"FRLMEntry.header.participant[x].participantOrganisation",0,*,"",""
"FRLMAdverseDrugReaction","FRLMAdverseDrugReaction.header.participant[x].participantDevice","FRLMAdverseDrugReaction.header.participant[x].participantDevice","","","",0,*,"","","","https://interop.esante.gouv.fr/ig/document-core/StructureDefinition/FRLMDevice {[]} {[]}
","Le participant est un système","Le participant est un système","","","","","","","","","",,,,,"",,,,"FRLMEntry.header.participant[x].participantDevice",0,*,"",""
"FRLMAdverseDrugReaction","FRLMAdverseDrugReaction.header.informant","FRLMAdverseDrugReaction.header.informant","","","",0,*,"","","","https://interop.esante.gouv.fr/ig/document-core/StructureDefinition/FRLMInformant {[]} {[]}
","Informateur","Informateur","","","","","","","","","",,,,,"",,,,"FRLMEntry.header.informant",0,*,"",""
"FRLMAdverseDrugReaction","FRLMAdverseDrugReaction.header.date","FRLMAdverseDrugReaction.header.date","","","",0,1,"","","","dateTime {[]} {[]}
","Date/Heure de création par l'auteur","Date/Heure de création par l'auteur","","","","","","","","","",,,,,"",,,,"FRLMEntry.header.date",0,1,"",""
"FRLMAdverseDrugReaction","FRLMAdverseDrugReaction.header.status","FRLMAdverseDrugReaction.header.status","","","",0,1,"","","","CodeableConcept {[]} {[]}
","Statut","Statut","","","","","","","","","",,,,,"",,,,"FRLMEntry.header.status",0,1,"",""
"FRLMAdverseDrugReaction","FRLMAdverseDrugReaction.header.source","FRLMAdverseDrugReaction.header.source","","","",0,1,"","","","CodeableConcept {[]} {[]}
","Source","Source","","","","","","","","","",,,,,"",,,,"FRLMEntry.header.source",0,1,"",""
"FRLMAdverseDrugReaction","FRLMAdverseDrugReaction.header.language","FRLMAdverseDrugReaction.header.language","","","",0,1,"","","","CodeableConcept {[]} {[]}
","'fr-FR' pour français métropolitain (la casse des caractères doit être respectée)
La partie en minuscules indique le code de la langue utilisée (ISO-639-1)
La partie en majuscules indique le code pays (ISO-3166)","'fr-FR' pour français métropolitain (la casse des caractères doit être respectée)
La partie en minuscules indique le code de la langue utilisée (ISO-639-1)
La partie en majuscules indique le code pays (ISO-3166)","","","","","","","","","",,,,,"",,,,"FRLMEntry.header.language",0,1,"",""
"FRLMAdverseDrugReaction","FRLMAdverseDrugReaction.adverseDrugReactionType","FRLMAdverseDrugReaction.adverseDrugReactionType","","","",1,1,"","","","CodeableConcept {[]} {[]}
","Type d'effet indésirable","Type d'effet indésirable","","","","","","","","","",,"required","Type d'effet indésirable provenant du jdv-origine-effet-indesirable-cisis","https://smt.esante.gouv.fr/fhir/ValueSet/jdv-origine-effet-indesirable-cisis|20260619134042","",,,,"FRLMAdverseDrugReaction.adverseDrugReactionType",1,1,"",""
"FRLMAdverseDrugReaction","FRLMAdverseDrugReaction.detected","FRLMAdverseDrugReaction.detected","","","",0,1,"","","","dateTime {[]} {[]}
","Date de détection de l'effet indésirable","Date de détection de l'effet indésirable","","","","","","","","","",,,,,"",,,,"FRLMAdverseDrugReaction.detected",0,1,"",""
"FRLMAdverseDrugReaction","FRLMAdverseDrugReaction.value","FRLMAdverseDrugReaction.value","","","",1,1,"","","","CodeableConcept {[]} {[]}
","Valeur de l'observation","Valeur de l'observation","","","","","","","","","",,,,,"",,,,"FRLMAdverseDrugReaction.value",1,1,"",""
"FRLMAdverseDrugReaction","FRLMAdverseDrugReaction.medicationAdministration","FRLMAdverseDrugReaction.medicationAdministration","","","",1,1,"","","","https://interop.esante.gouv.fr/ig/document-core/StructureDefinition/FRLMMedicationAdministration {[]} {[]}
","Médicament, substance incriminée, posologie","Médicament, substance incriminée, posologie","","","","","","","","","",,,,,"",,,,"FRLMAdverseDrugReaction.medicationAdministration",1,1,"",""
"FRLMAdverseDrugReaction","FRLMAdverseDrugReaction.reaction","FRLMAdverseDrugReaction.reaction","","","",0,*,"","","","https://interop.esante.gouv.fr/ig/document-core/StructureDefinition/FRLMCondition {[]} {[]}
","Réaction observée","Réaction observée","","","","","","","","","",,,,,"",,,,"FRLMAdverseDrugReaction.reaction",0,*,"",""
"FRLMAdverseDrugReaction","FRLMAdverseDrugReaction.causalityAssessment","FRLMAdverseDrugReaction.causalityAssessment","","","",0,1,"","","","CodeableConcept {[]} {[]}
","Imputabilité","Imputabilité","","","","","","","","","",,"required","Niveau d'imputabilité provenant du jdv-imputabilite-cisis","https://smt.esante.gouv.fr/fhir/ValueSet/jdv-imputabilite-cisis|20260619134042","",,,,"FRLMAdverseDrugReaction.causalityAssessment",0,1,"",""
"FRLMAdverseDrugReaction","FRLMAdverseDrugReaction.severity","FRLMAdverseDrugReaction.severity","","","",1,1,"","","","CodeableConcept {[]} {[]}
","Gravité","Gravité","","","","","","","","","",,"required","Gravité provenant du jdv-gravite-cisis","https://smt.esante.gouv.fr/fhir/ValueSet/jdv-gravite-cisis|20260619134042","",,,,"FRLMAdverseDrugReaction.severity",1,1,"",""
"FRLMAdverseDrugReaction","FRLMAdverseDrugReaction.outcome","FRLMAdverseDrugReaction.outcome","","","",0,1,"","","","CodeableConcept {[]} {[]}
","Évolution de l'effet indésirable","Évolution de l'effet indésirable","","","","","","","","","",,"required","Évolution de l'effet indésirable provenant du jdv-evolution-cisis","https://smt.esante.gouv.fr/fhir/ValueSet/jdv-evolution-cisis|20260619134042","",,,,"FRLMAdverseDrugReaction.outcome",0,1,"",""
"FRLMAlert","FRLMAlert","FRLMAlert","","","",0,*,"","","","null {[]} {[]}
","Logical model - FR LM Alert","Points de vigilances","","","","","","","","","",,,,,"",,,,"Base",0,*,"",""
"FRLMAlert","FRLMAlert.header","FRLMAlert.header","","","",1,1,"","","","Base {[]} {[]}
","Métadonnées de base","Métadonnées de base","","","","","","","","","",,,,,"",,,,"FRLMEntry.header",1,1,"",""
"FRLMAlert","FRLMAlert.header.subject","FRLMAlert.header.subject","","","",1,1,"","","","https://interop.esante.gouv.fr/ig/document-core/StructureDefinition/FRLMPatient {[]} {[]}
","Patient / Usager","Patient / Usager","","","","","","","","","",,,,,"",,,,"FRLMEntry.header.subject",1,1,"",""
"FRLMAlert","FRLMAlert.header.identifier","FRLMAlert.header.identifier","","","",0,*,"","","","Identifier {[]} {[]}
","Identifiant de l’entrée","Identifiant de l’entrée","","","","","","","","","",,,,,"",,,,"FRLMEntry.header.identifier",0,*,"",""
"FRLMAlert","FRLMAlert.header.author[x]","FRLMAlert.header.author[x]","","","",0,*,"","","","Base {[]} {[]}
","author[x] peut correspondre soit à un professionnel, soit à une organisation, soit à un système.","author[x] peut correspondre soit à un professionnel, soit à une organisation, soit à un système.","","","","","","","","","",,,,,"",,,,"FRLMEntry.header.author[x]",0,*,"",""
"FRLMAlert","FRLMAlert.header.author[x].authorProfessional","FRLMAlert.header.author[x].authorProfessional","","","",0,*,"","","","https://interop.esante.gouv.fr/ig/document-core/StructureDefinition/FRLMHealthProfessional {[]} {[]}
","L'auteur est un professionnel de santé","L'auteur est un professionnel de santé","","","","","","","","","",,,,,"",,,,"FRLMEntry.header.author[x].authorProfessional",0,*,"",""
"FRLMAlert","FRLMAlert.header.author[x].authorOrganisation","FRLMAlert.header.author[x].authorOrganisation","","","",0,*,"","","","https://interop.esante.gouv.fr/ig/document-core/StructureDefinition/FRLMOrganisation {[]} {[]}
","L'auteur est une organisation","L'auteur est une organisation","","","","","","","","","",,,,,"",,,,"FRLMEntry.header.author[x].authorOrganisation",0,*,"",""
"FRLMAlert","FRLMAlert.header.author[x].authorDevice","FRLMAlert.header.author[x].authorDevice","","","",0,*,"","","","https://interop.esante.gouv.fr/ig/document-core/StructureDefinition/FRLMDevice {[]} {[]}
","L'auteur est un système","L'auteur est un système","","","","","","","","","",,,,,"",,,,"FRLMEntry.header.author[x].authorDevice",0,*,"",""
"FRLMAlert","FRLMAlert.header.performer[x]","FRLMAlert.header.performer[x]","","","",0,*,"","","","https://interop.esante.gouv.fr/ig/document-core/StructureDefinition/FRLMHealthProfessional {[]} {[]}
https://interop.esante.gouv.fr/ig/document-core/StructureDefinition/FRLMOrganisation {[]} {[]}","Exécutant (performer)","Exécutant (performer)","","","","","","","","","",,,,,"",,,,"FRLMEntry.header.performer[x]",0,*,"",""
"FRLMAlert","FRLMAlert.header.participant[x]","FRLMAlert.header.participant[x]","","","",0,*,"","","","Base {[]} {[]}
","Participant","Participant","","","","","","","","","",,,,,"",,,,"FRLMEntry.header.participant[x]",0,*,"",""
"FRLMAlert","FRLMAlert.header.participant[x].participantProfessional","FRLMAlert.header.participant[x].participantProfessional","","","",0,*,"","","","https://interop.esante.gouv.fr/ig/document-core/StructureDefinition/FRLMHealthProfessional {[]} {[]}
","Le participant est un professionnel de santé","Le participant est un professionnel de santé","","","","","","","","","",,,,,"",,,,"FRLMEntry.header.participant[x].participantProfessional",0,*,"",""
"FRLMAlert","FRLMAlert.header.participant[x].participantOrganisation","FRLMAlert.header.participant[x].participantOrganisation","","","",0,*,"","","","https://interop.esante.gouv.fr/ig/document-core/StructureDefinition/FRLMOrganisation {[]} {[]}
","Le participant est une organisation","Le participant est une organisation","","","","","","","","","",,,,,"",,,,"FRLMEntry.header.participant[x].participantOrganisation",0,*,"",""
"FRLMAlert","FRLMAlert.header.participant[x].participantDevice","FRLMAlert.header.participant[x].participantDevice","","","",0,*,"","","","https://interop.esante.gouv.fr/ig/document-core/StructureDefinition/FRLMDevice {[]} {[]}
","Le participant est un système","Le participant est un système","","","","","","","","","",,,,,"",,,,"FRLMEntry.header.participant[x].participantDevice",0,*,"",""
"FRLMAlert","FRLMAlert.header.informant","FRLMAlert.header.informant","","","",0,*,"","","","https://interop.esante.gouv.fr/ig/document-core/StructureDefinition/FRLMInformant {[]} {[]}
","Informateur","Informateur","","","","","","","","","",,,,,"",,,,"FRLMEntry.header.informant",0,*,"",""
"FRLMAlert","FRLMAlert.header.date","FRLMAlert.header.date","","","",0,1,"","","","dateTime {[]} {[]}
","Date/Heure de création par l'auteur","Date/Heure de création par l'auteur","","","","","","","","","",,,,,"",,,,"FRLMEntry.header.date",0,1,"",""
"FRLMAlert","FRLMAlert.header.status","FRLMAlert.header.status","","","",1,1,"","","","CodeableConcept {[]} {[]}
","Statut de l'alerte","Statut","","","","","","","","","",,,,,"",,,,"FRLMEntry.header.status",0,1,"",""
"FRLMAlert","FRLMAlert.header.source","FRLMAlert.header.source","","","",0,1,"","","","CodeableConcept {[]} {[]}
","Source","Source","","","","","","","","","",,,,,"",,,,"FRLMEntry.header.source",0,1,"",""
"FRLMAlert","FRLMAlert.header.language","FRLMAlert.header.language","","","",0,1,"","","","CodeableConcept {[]} {[]}
","'fr-FR' pour français métropolitain (la casse des caractères doit être respectée)
La partie en minuscules indique le code de la langue utilisée (ISO-639-1)
La partie en majuscules indique le code pays (ISO-3166)","'fr-FR' pour français métropolitain (la casse des caractères doit être respectée)
La partie en minuscules indique le code de la langue utilisée (ISO-639-1)
La partie en majuscules indique le code pays (ISO-3166)","","","","","","","","","",,,,,"",,,,"FRLMEntry.header.language",0,1,"",""
"FRLMAlert","FRLMAlert.code","FRLMAlert.code","","","",0,1,"","","","CodeableConcept {[]} {[]}
","Code de l'alerte","Code de l'alerte","","","","","","","","","",,,,,"",,,,"FRLMAlert.code",0,1,"",""
"FRLMAlert","FRLMAlert.description","FRLMAlert.description","","","",0,1,"","","","string {[]} {[]}
","Description narrative de l'alerte","Description narrative de l'alerte","","","","","","","","","",,,,,"",,,,"FRLMAlert.description",0,1,"",""
"FRLMAlert","FRLMAlert.priority","FRLMAlert.priority","","","",0,1,"","","","CodeableConcept {[]} {[]}
","Priorite","Priorite","","","","","","","","","",,"preferred","(preferred): hl7:Flag-priority-code","","",,,,"FRLMAlert.priority",0,1,"",""
"FRLMAlert","FRLMAlert.period","FRLMAlert.period","","","",0,1,"","","","Period {[]} {[]}
","Période de validité de l'alerte. Durée entre l'activation et la désactivation de l'alerte. Si l'alerte est active, la fin de cette période ne doit pas être spécifiée.","Période de validité de l'alerte. Durée entre l'activation et la désactivation de l'alerte. Si l'alerte est active, la fin de cette période ne doit pas être spécifiée.","","","","","","","","","",,,,,"",,,,"FRLMAlert.period",0,1,"",""
"FRLMAlert","FRLMAlert.sourceReference","FRLMAlert.sourceReference","","","",0,*,"","","","Reference {[]} {[]}
","Référence de la source de l'alerte","Référence de la source de l'alerte","","","","","","","","","",,,,,"",,,,"FRLMAlert.sourceReference",0,*,"",""
"FRLMAlerts","FRLMAlerts","FRLMAlerts","","","",0,*,"","","","null {[]} {[]}
","Logical model - FR LM Alerts","Section Points de vigilance","","","","","","","","","",,,,,"",,,,"Base",0,*,"",""
"FRLMAlerts","FRLMAlerts.codeSection","FRLMAlerts.codeSection","","","",1,1,"","","","CodeableConcept {[]} {[]}
","Code de la section","Code de la section","","","","","","","","","",,,,,"",,,,"FRLMSection.codeSection",1,1,"",""
"FRLMAlerts","FRLMAlerts.titleSection","FRLMAlerts.titleSection","","","",1,1,"","","","string {[]} {[]}
","Titre de la section","Titre de la section","","","","","","","","","",,,,,"",,,,"FRLMSection.titleSection",0,1,"",""
"FRLMAlerts","FRLMAlerts.description","FRLMAlerts.description","","","",1,1,"","","","string {[]} {[]}
","Bloc narratif","Bloc narratif","","","","","","","","","",,,,,"",,,,"FRLMSection.description",1,1,"",""
"FRLMAlerts","FRLMAlerts.author[x]","FRLMAlerts.author[x]","","","",0,*,"","","","Base {[]} {[]}
","author[x] peut correspondre soit à un professionnel, soit à une organisation, soit à un système.","author[x] peut correspondre soit à un professionnel, soit à une organisation, soit à un système.","","","","","","","","","",,,,,"",,,,"FRLMSection.author[x]",0,*,"",""
"FRLMAlerts","FRLMAlerts.author[x].authorProfessional","FRLMAlerts.author[x].authorProfessional","","","",0,*,"","","","https://interop.esante.gouv.fr/ig/document-core/StructureDefinition/FRLMHealthProfessional {[]} {[]}
","L'auteur est un professionnel de santé","L'auteur est un professionnel de santé","","","","","","","","","",,,,,"",,,,"FRLMSection.author[x].authorProfessional",0,*,"",""
"FRLMAlerts","FRLMAlerts.author[x].authorOrganisation","FRLMAlerts.author[x].authorOrganisation","","","",0,*,"","","","https://interop.esante.gouv.fr/ig/document-core/StructureDefinition/FRLMOrganisation {[]} {[]}
","L'auteur est une organisation","L'auteur est une organisation","","","","","","","","","",,,,,"",,,,"FRLMSection.author[x].authorOrganisation",0,*,"",""
"FRLMAlerts","FRLMAlerts.author[x].authorDevice","FRLMAlerts.author[x].authorDevice","","","",0,*,"","","","https://interop.esante.gouv.fr/ig/document-core/StructureDefinition/FRLMDevice {[]} {[]}
","L'auteur est un système","L'auteur est un système","","","","","","","","","",,,,,"",,,,"FRLMSection.author[x].authorDevice",0,*,"",""
"FRLMAlerts","FRLMAlerts.informant","FRLMAlerts.informant","","","",0,*,"","","","https://interop.esante.gouv.fr/ig/document-core/StructureDefinition/FRLMInformant {[]} {[]}
","Informateur","Informateur","","","","","","","","","",,,,,"",,,,"FRLMSection.informant",0,*,"",""
"FRLMAlerts","FRLMAlerts.subSection","FRLMAlerts.subSection","","","",0,0,"","","","Base {[]} {[]}
","Sous-sections","Sous-sections","","","","","","","","","",,,,,"",,,,"FRLMSection.subSection",0,*,"",""
"FRLMAlerts","FRLMAlerts.entry","FRLMAlerts.entry","","","",0,*,"","","","Base {[]} {[]}
","Entrées","Entrées","","","","","","","","","",,,,,"",,,,"FRLMSection.entry",0,*,"",""
"FRLMAlerts","FRLMAlerts.entry.alert","FRLMAlerts.entry.alert","","","",0,*,"","","","https://interop.esante.gouv.fr/ig/document-core/StructureDefinition/FRLMAlert {[]} {[]}
","Points de vigilance","Points de vigilance","","","","","","","","","",,,,,"",,,,"FRLMAlerts.entry.alert",0,*,"",""
"FRLMAllergiesAndIntolerances","FRLMAllergiesAndIntolerances","FRLMAllergiesAndIntolerances","","","",0,*,"","","","null {[]} {[]}
","Logical model - FR LM Allergies And Intolerances","Section Allergies et hypersensibilités","","","","","","","","","",,,,,"",,,,"Base",0,*,"",""
"FRLMAllergiesAndIntolerances","FRLMAllergiesAndIntolerances.codeSection","FRLMAllergiesAndIntolerances.codeSection","","","",1,1,"","","","CodeableConcept {[]} {[]}
","Code de la section","Code de la section","","","","","","","","","",,,,,"",,,,"FRLMSection.codeSection",1,1,"",""
"FRLMAllergiesAndIntolerances","FRLMAllergiesAndIntolerances.titleSection","FRLMAllergiesAndIntolerances.titleSection","","","",1,1,"","","","string {[]} {[]}
","Allergies et hypersensibilités","Titre de la section","","","","","","","","","",,,,,"",,,,"FRLMSection.titleSection",0,1,"",""
"FRLMAllergiesAndIntolerances","FRLMAllergiesAndIntolerances.description","FRLMAllergiesAndIntolerances.description","","","",1,1,"","","","string {[]} {[]}
","Bloc narratif","Bloc narratif","","","","","","","","","",,,,,"",,,,"FRLMSection.description",1,1,"",""
"FRLMAllergiesAndIntolerances","FRLMAllergiesAndIntolerances.author[x]","FRLMAllergiesAndIntolerances.author[x]","","","",0,*,"","","","Base {[]} {[]}
","author[x] peut correspondre soit à un professionnel, soit à une organisation, soit à un système.","author[x] peut correspondre soit à un professionnel, soit à une organisation, soit à un système.","","","","","","","","","",,,,,"",,,,"FRLMSection.author[x]",0,*,"",""
"FRLMAllergiesAndIntolerances","FRLMAllergiesAndIntolerances.author[x].authorProfessional","FRLMAllergiesAndIntolerances.author[x].authorProfessional","","","",0,*,"","","","https://interop.esante.gouv.fr/ig/document-core/StructureDefinition/FRLMHealthProfessional {[]} {[]}
","L'auteur est un professionnel de santé","L'auteur est un professionnel de santé","","","","","","","","","",,,,,"",,,,"FRLMSection.author[x].authorProfessional",0,*,"",""
"FRLMAllergiesAndIntolerances","FRLMAllergiesAndIntolerances.author[x].authorOrganisation","FRLMAllergiesAndIntolerances.author[x].authorOrganisation","","","",0,*,"","","","https://interop.esante.gouv.fr/ig/document-core/StructureDefinition/FRLMOrganisation {[]} {[]}
","L'auteur est une organisation","L'auteur est une organisation","","","","","","","","","",,,,,"",,,,"FRLMSection.author[x].authorOrganisation",0,*,"",""
"FRLMAllergiesAndIntolerances","FRLMAllergiesAndIntolerances.author[x].authorDevice","FRLMAllergiesAndIntolerances.author[x].authorDevice","","","",0,*,"","","","https://interop.esante.gouv.fr/ig/document-core/StructureDefinition/FRLMDevice {[]} {[]}
","L'auteur est un système","L'auteur est un système","","","","","","","","","",,,,,"",,,,"FRLMSection.author[x].authorDevice",0,*,"",""
"FRLMAllergiesAndIntolerances","FRLMAllergiesAndIntolerances.informant","FRLMAllergiesAndIntolerances.informant","","","",0,*,"","","","https://interop.esante.gouv.fr/ig/document-core/StructureDefinition/FRLMInformant {[]} {[]}
","Informateur","Informateur","","","","","","","","","",,,,,"",,,,"FRLMSection.informant",0,*,"",""
"FRLMAllergiesAndIntolerances","FRLMAllergiesAndIntolerances.subSection","FRLMAllergiesAndIntolerances.subSection","","","",0,0,"","","","Base {[]} {[]}
","Sous-sections","Sous-sections","","","","","","","","","",,,,,"",,,,"FRLMSection.subSection",0,*,"",""
"FRLMAllergiesAndIntolerances","FRLMAllergiesAndIntolerances.entry","FRLMAllergiesAndIntolerances.entry","","","",1,*,"","","","Base {[]} {[]}
","Entrées","Entrées","","","","","","","","","",,,,,"",,,,"FRLMSection.entry",0,*,"",""
"FRLMAllergiesAndIntolerances","FRLMAllergiesAndIntolerances.entry.allergieIntolerance","FRLMAllergiesAndIntolerances.entry.allergieIntolerance","","","",1,*,"","","","https://interop.esante.gouv.fr/ig/document-core/StructureDefinition/FRLMAllergyIntolerance {[]} {[]}
","Entrée Allergie ou Hypersensibilité","Entrée Allergie ou Hypersensibilité","","","","","","","","","",,,,,"",,,,"FRLMAllergiesAndIntolerances.entry.allergieIntolerance",1,*,"",""
"FRLMAllergyIntolerance","FRLMAllergyIntolerance","FRLMAllergyIntolerance","","","",0,*,"","","","null {[]} {[]}
","Logical model - FR LM Allergy Intolerance","Allergie ou Hypersensibilité","","","","","","","","","",,,,,"",,,,"Base",0,*,"",""
"FRLMAllergyIntolerance","FRLMAllergyIntolerance.header","FRLMAllergyIntolerance.header","","","",1,1,"","","","Base {[]} {[]}
","Métadonnées de base","Métadonnées de base","","","","","","","","","",,,,,"",,,,"FRLMEntry.header",1,1,"",""
"FRLMAllergyIntolerance","FRLMAllergyIntolerance.header.subject","FRLMAllergyIntolerance.header.subject","","","",1,1,"","","","https://interop.esante.gouv.fr/ig/document-core/StructureDefinition/FRLMPatient {[]} {[]}
","Patient / Usager","Patient / Usager","","","","","","","","","",,,,,"",,,,"FRLMEntry.header.subject",1,1,"",""
"FRLMAllergyIntolerance","FRLMAllergyIntolerance.header.identifier","FRLMAllergyIntolerance.header.identifier","","","",0,*,"","","","Identifier {[]} {[]}
","Identifiant de l’entrée","Identifiant de l’entrée","","","","","","","","","",,,,,"",,,,"FRLMEntry.header.identifier",0,*,"",""
"FRLMAllergyIntolerance","FRLMAllergyIntolerance.header.author[x]","FRLMAllergyIntolerance.header.author[x]","","","",0,*,"","","","Base {[]} {[]}
","author[x] peut correspondre soit à un professionnel, soit à une organisation, soit à un système.","author[x] peut correspondre soit à un professionnel, soit à une organisation, soit à un système.","","","","","","","","","",,,,,"",,,,"FRLMEntry.header.author[x]",0,*,"",""
"FRLMAllergyIntolerance","FRLMAllergyIntolerance.header.author[x].authorProfessional","FRLMAllergyIntolerance.header.author[x].authorProfessional","","","",0,*,"","","","https://interop.esante.gouv.fr/ig/document-core/StructureDefinition/FRLMHealthProfessional {[]} {[]}
","L'auteur est un professionnel de santé","L'auteur est un professionnel de santé","","","","","","","","","",,,,,"",,,,"FRLMEntry.header.author[x].authorProfessional",0,*,"",""
"FRLMAllergyIntolerance","FRLMAllergyIntolerance.header.author[x].authorOrganisation","FRLMAllergyIntolerance.header.author[x].authorOrganisation","","","",0,*,"","","","https://interop.esante.gouv.fr/ig/document-core/StructureDefinition/FRLMOrganisation {[]} {[]}
","L'auteur est une organisation","L'auteur est une organisation","","","","","","","","","",,,,,"",,,,"FRLMEntry.header.author[x].authorOrganisation",0,*,"",""
"FRLMAllergyIntolerance","FRLMAllergyIntolerance.header.author[x].authorDevice","FRLMAllergyIntolerance.header.author[x].authorDevice","","","",0,*,"","","","https://interop.esante.gouv.fr/ig/document-core/StructureDefinition/FRLMDevice {[]} {[]}
","L'auteur est un système","L'auteur est un système","","","","","","","","","",,,,,"",,,,"FRLMEntry.header.author[x].authorDevice",0,*,"",""
"FRLMAllergyIntolerance","FRLMAllergyIntolerance.header.performer[x]","FRLMAllergyIntolerance.header.performer[x]","","","",0,*,"","","","https://interop.esante.gouv.fr/ig/document-core/StructureDefinition/FRLMHealthProfessional {[]} {[]}
https://interop.esante.gouv.fr/ig/document-core/StructureDefinition/FRLMOrganisation {[]} {[]}","Exécutant (performer)","Exécutant (performer)","","","","","","","","","",,,,,"",,,,"FRLMEntry.header.performer[x]",0,*,"",""
"FRLMAllergyIntolerance","FRLMAllergyIntolerance.header.participant[x]","FRLMAllergyIntolerance.header.participant[x]","","","",0,*,"","","","Base {[]} {[]}
","Participant","Participant","","","","","","","","","",,,,,"",,,,"FRLMEntry.header.participant[x]",0,*,"",""
"FRLMAllergyIntolerance","FRLMAllergyIntolerance.header.participant[x].participantProfessional","FRLMAllergyIntolerance.header.participant[x].participantProfessional","","","",0,*,"","","","https://interop.esante.gouv.fr/ig/document-core/StructureDefinition/FRLMHealthProfessional {[]} {[]}
","Le participant est un professionnel de santé","Le participant est un professionnel de santé","","","","","","","","","",,,,,"",,,,"FRLMEntry.header.participant[x].participantProfessional",0,*,"",""
"FRLMAllergyIntolerance","FRLMAllergyIntolerance.header.participant[x].participantOrganisation","FRLMAllergyIntolerance.header.participant[x].participantOrganisation","","","",0,*,"","","","https://interop.esante.gouv.fr/ig/document-core/StructureDefinition/FRLMOrganisation {[]} {[]}
","Le participant est une organisation","Le participant est une organisation","","","","","","","","","",,,,,"",,,,"FRLMEntry.header.participant[x].participantOrganisation",0,*,"",""
"FRLMAllergyIntolerance","FRLMAllergyIntolerance.header.participant[x].participantDevice","FRLMAllergyIntolerance.header.participant[x].participantDevice","","","",0,*,"","","","https://interop.esante.gouv.fr/ig/document-core/StructureDefinition/FRLMDevice {[]} {[]}
","Le participant est un système","Le participant est un système","","","","","","","","","",,,,,"",,,,"FRLMEntry.header.participant[x].participantDevice",0,*,"",""
"FRLMAllergyIntolerance","FRLMAllergyIntolerance.header.informant","FRLMAllergyIntolerance.header.informant","","","",0,*,"","","","https://interop.esante.gouv.fr/ig/document-core/StructureDefinition/FRLMInformant {[]} {[]}
","Informateur","Informateur","","","","","","","","","",,,,,"",,,,"FRLMEntry.header.informant",0,*,"",""
"FRLMAllergyIntolerance","FRLMAllergyIntolerance.header.date","FRLMAllergyIntolerance.header.date","","","",0,1,"","","","dateTime {[]} {[]}
","Date/Heure de création par l'auteur","Date/Heure de création par l'auteur","","","","","","","","","",,,,,"",,,,"FRLMEntry.header.date",0,1,"",""
"FRLMAllergyIntolerance","FRLMAllergyIntolerance.header.status","FRLMAllergyIntolerance.header.status","","","",0,1,"","","","CodeableConcept {[]} {[]}
","Statut clinique de l'allergie","Statut","","","","","","","","","",,"required","jdv-hl7-allergyintolerance-clinical-cisis (2.16.840.1.113883.4.642.3.1372)","https://smt.esante.gouv.fr/fhir/ValueSet/jdv-hl7-allergyintolerance-clinical-cisis|20260619134042","",,,,"FRLMEntry.header.status",0,1,"",""
"FRLMAllergyIntolerance","FRLMAllergyIntolerance.header.source","FRLMAllergyIntolerance.header.source","","","",0,1,"","","","CodeableConcept {[]} {[]}
","Source","Source","","","","","","","","","",,,,,"",,,,"FRLMEntry.header.source",0,1,"",""
"FRLMAllergyIntolerance","FRLMAllergyIntolerance.header.language","FRLMAllergyIntolerance.header.language","","","",0,1,"","","","CodeableConcept {[]} {[]}
","'fr-FR' pour français métropolitain (la casse des caractères doit être respectée)
La partie en minuscules indique le code de la langue utilisée (ISO-639-1)
La partie en majuscules indique le code pays (ISO-3166)","'fr-FR' pour français métropolitain (la casse des caractères doit être respectée)
La partie en minuscules indique le code de la langue utilisée (ISO-639-1)
La partie en majuscules indique le code pays (ISO-3166)","","","","","","","","","",,,,,"",,,,"FRLMEntry.header.language",0,1,"",""
"FRLMAllergyIntolerance","FRLMAllergyIntolerance.type","FRLMAllergyIntolerance.type","","","",1,1,"","","","CodeableConcept {[]} {[]}
","Allergie / hypersensibilité non allergique / intolérance / idiosyncrasie","Allergie / hypersensibilité non allergique / intolérance / idiosyncrasie","","","","","","","","","",,"required"," jdv-type-event-indesirable-previsible-cisis (1.2.250.1.213.1.1.5.842)","https://smt.esante.gouv.fr/fhir/ValueSet/jdv-type-evenement-indesirable-previsible-cisis|20260619134042","",,,,"FRLMAllergyIntolerance.type",1,1,"",""
"FRLMAllergyIntolerance","FRLMAllergyIntolerance.category","FRLMAllergyIntolerance.category","","","",1,1,"","","","CodeableConcept {[]} {[]}
","food | medication | environment | biologic","food | medication | environment | biologic","","","","","","","","","",,"required","jdv-hl7-allergy-intolerance-category-cisis (2.16.840.1.113883.4.642.3.133)","https://smt.esante.gouv.fr/fhir/ValueSet/jdv-hl7-allergy-intolerance-category-cisis|20260619134041","",,,,"FRLMAllergyIntolerance.category",1,1,"",""
"FRLMAllergyIntolerance","FRLMAllergyIntolerance.agentOrAllergen","FRLMAllergyIntolerance.agentOrAllergen","","","",1,1,"","","","CodeableConcept {[]} {[]}
","Agent responsable
- Médicaments : CIP ou UCD
- Substances : SMS
- Aliments : CIM-11 Chapitre X Extensions – Allergènes ou substances non médicinales
- Agents environnementaux ou physiques : idem CIM-11 Chapitre X Extensions
- Allergènes pouvant induire une contre-indication vaccinale : jdv-allergie-vaccin-cisis","Agent responsable
- Médicaments : CIP ou UCD
- Substances : SMS
- Aliments : CIM-11 Chapitre X Extensions – Allergènes ou substances non médicinales
- Agents environnementaux ou physiques : idem CIM-11 Chapitre X Extensions
- Allergènes pouvant induire une contre-indication vaccinale : jdv-allergie-vaccin-cisis","","","","","","","","","",,,,,"",,,,"FRLMAllergyIntolerance.agentOrAllergen",1,1,"",""
"FRLMAllergyIntolerance","FRLMAllergyIntolerance.note","FRLMAllergyIntolerance.note","","","",0,1,"","","","string {[]} {[]}
","commentaire","commentaire","","","","","","","","","",,,,,"",,,,"FRLMAllergyIntolerance.note",0,1,"",""
"FRLMAllergyIntolerance","FRLMAllergyIntolerance.criticality","FRLMAllergyIntolerance.criticality","","","",0,1,"","","","CodeableConcept {[]} {[]}
","Criticité","Criticité","","","","","","","","","",,"required","jdv-hl7-allergy-intolerance-criticality-cisis (2.16.840.1.113883.4.642.3.129","https://smt.esante.gouv.fr/fhir/ValueSet/jdv-hl7-allergy-intolerance-criticality-cisis|20260619134041","",,,,"FRLMAllergyIntolerance.criticality",0,1,"",""
"FRLMAllergyIntolerance","FRLMAllergyIntolerance.certainty","FRLMAllergyIntolerance.certainty","","","",0,1,"","","","CodeableConcept {[]} {[]}
","Certitude","Certitude","","","","","","","","","",,"required","jdv-hl7-condition-ver-status-cisis (2.16.840.1.113883.4.642.3.166)","https://smt.esante.gouv.fr/fhir/ValueSet/jdv-hl7-condition-ver-status-cisis|20260619134042","",,,,"FRLMAllergyIntolerance.certainty",0,1,"",""
"FRLMAllergyIntolerance","FRLMAllergyIntolerance.period","FRLMAllergyIntolerance.period","","","",1,1,"","","","Extension {[CanonicalType[http://hl7.org/fhir/StructureDefinition/organization-period|5.3.0]]} {[]}
","Période","Période","","","","","","","","","",,,,,"",,,,"FRLMAllergyIntolerance.period",1,1,"","ele-1:All FHIR elements must have a @value or children {hasValue() or (children().count() > id.count())}
ext-1:Must have either extensions or value[x], not both {extension.exists() != value.exists()}"
"FRLMAllergyIntolerance","FRLMAllergyIntolerance.period.id","FRLMAllergyIntolerance.period.id","","","",0,1,"","","","string {[]} {[]}
","Unique id for inter-element referencing","Unique id for the element within a resource (for internal references). This may be any string value that does not contain spaces.","","","","","","","","","",,,,,"",,,,"Element.id",0,1,"",""
"FRLMAllergyIntolerance","FRLMAllergyIntolerance.period.extension","FRLMAllergyIntolerance.period.extension","","extensions
user content","",0,*,"","","","Extension {[]} {[]}
","Additional content defined by implementations","May be used to represent additional information that is not part of the basic definition of the element. To make the use of extensions safe and manageable, there is a strict set of governance  applied to the definition and use of extensions. Though any implementer can define an extension, there is a set of requirements that SHALL be met as part of the definition of the extension.","There can be no stigma associated with the use of extensions by any application, project, or standard - regardless of the institution or jurisdiction that uses or defines the extensions.  The use of extensions is what allows the FHIR specification to retain a core level of simplicity for everyone.","","","","","","","","",,,,,"","value:url}
","Extensions are always sliced by (at least) url",,"open","Element.extension",0,*,"","ele-1:All FHIR elements must have a @value or children {hasValue() or (children().count() > id.count())}
ext-1:Must have either extensions or value[x], not both {extension.exists() != value.exists()}"
"FRLMAllergyIntolerance","FRLMAllergyIntolerance.period.url","FRLMAllergyIntolerance.period.url","","","",1,1,"","","","uri {[]} {[]}
","identifies the meaning of the extension","Source of the definition for the extension code - a logical name or a URL.","The definition may point directly to a computable or human-readable definition of the extensibility codes, or it may be a logical URI as declared in some other specification. The definition SHALL be a URI for the Structure Definition defining the extension.","","","","","","","","",,,,,"",,,,"Extension.url",1,1,"",""
"FRLMAllergyIntolerance","FRLMAllergyIntolerance.period.value[x]","FRLMAllergyIntolerance.period.value[x]","","","",0,1,"","","","base64Binary {[]} {[]}
boolean {[]} {[]}canonical {[]} {[]}code {[]} {[]}date {[]} {[]}dateTime {[]} {[]}decimal {[]} {[]}id {[]} {[]}instant {[]} {[]}integer {[]} {[]}markdown {[]} {[]}oid {[]} {[]}positiveInt {[]} {[]}string {[]} {[]}time {[]} {[]}unsignedInt {[]} {[]}uri {[]} {[]}url {[]} {[]}uuid {[]} {[]}Address {[]} {[]}Age {[]} {[]}Annotation {[]} {[]}Attachment {[]} {[]}CodeableConcept {[]} {[]}Coding {[]} {[]}ContactPoint {[]} {[]}Count {[]} {[]}Distance {[]} {[]}Duration {[]} {[]}HumanName {[]} {[]}Identifier {[]} {[]}Money {[]} {[]}Period {[]} {[]}Quantity {[]} {[]}Range {[]} {[]}Ratio {[]} {[]}Reference {[]} {[]}SampledData {[]} {[]}Signature {[]} {[]}Timing {[]} {[]}ContactDetail {[]} {[]}Contributor {[]} {[]}DataRequirement {[]} {[]}Expression {[]} {[]}ParameterDefinition {[]} {[]}RelatedArtifact {[]} {[]}TriggerDefinition {[]} {[]}UsageContext {[]} {[]}Dosage {[]} {[]}Meta {[]} {[]}","Value of extension","Value of extension - must be one of a constrained set of the data types (see [Extensibility](http://hl7.org/fhir/R4/extensibility.html) for a list).","","","","","","","","","",,,,,"",,,,"Extension.value[x]",0,1,"","ele-1:All FHIR elements must have a @value or children {hasValue() or (children().count() > id.count())}
"
"FRLMAllergyIntolerance","FRLMAllergyIntolerance.period.onsetDate","FRLMAllergyIntolerance.period.onsetDate","","","",0,1,"","","","dateTime {[]} {[]}
","Date de début","Date de début","","","","","","","","","",,,,,"",,,,"FRLMAllergyIntolerance.period.onsetDate",0,1,"",""
"FRLMAllergyIntolerance","FRLMAllergyIntolerance.period.endDate","FRLMAllergyIntolerance.period.endDate","","","",0,1,"","","","dateTime {[]} {[]}
","Date de fin","Date de fin","","","","","","","","","",,,,,"",,,,"FRLMAllergyIntolerance.period.endDate",0,1,"",""
"FRLMAllergyIntolerance","FRLMAllergyIntolerance.reaction","FRLMAllergyIntolerance.reaction","","","",0,*,"","","","Base {[]} {[]}
","Réaction observée","Réaction observée","","","","","","","","","",,,,,"",,,,"FRLMAllergyIntolerance.reaction",0,*,"",""
"FRLMAllergyIntolerance","FRLMAllergyIntolerance.reaction.agentOrAllergen","FRLMAllergyIntolerance.reaction.agentOrAllergen","","","",0,1,"","","","CodeableConcept {[]} {[]}
","Agent responsable : - Substances : SMS","Agent responsable : - Substances : SMS","","","","","","","","","",,"required","SMS","","",,,,"FRLMAllergyIntolerance.reaction.agentOrAllergen",0,1,"",""
"FRLMAllergyIntolerance","FRLMAllergyIntolerance.reaction.manifestation","FRLMAllergyIntolerance.reaction.manifestation","","","",1,1,"","","","CodeableConcept {[]} {[]}
","Manifestation
CIM-11 / Chapitre 04 Maladies du système immunitaire / Bloc Affections allergiques ou d'hypersen-sibilité","Manifestation
CIM-11 / Chapitre 04 Maladies du système immunitaire / Bloc Affections allergiques ou d'hypersen-sibilité","","","","","","","","","",,"required","CIM-11","","",,,,"FRLMAllergyIntolerance.reaction.manifestation",1,1,"",""
"FRLMAllergyIntolerance","FRLMAllergyIntolerance.reaction.severity","FRLMAllergyIntolerance.reaction.severity","","","",0,1,"","","","CodeableConcept {[]} {[]}
","Sévérité de la manifestion","Sévérité de la manifestion","","","","","","","","","",,"preferred","SNOMED_CT (preferred)","https://smt.esante.gouv.fr/fhir/ValueSet/jdv-severite-observation-cisis|20260619134042","",,,,"FRLMAllergyIntolerance.reaction.severity",0,1,"",""
"FRLMAllergyIntolerance","FRLMAllergyIntolerance.reaction.period","FRLMAllergyIntolerance.reaction.period","","","",1,1,"","","","Extension {[CanonicalType[http://hl7.org/fhir/StructureDefinition/organization-period|5.3.0]]} {[]}
","Période","Période","","","","","","","","","",,,,,"",,,,"FRLMAllergyIntolerance.reaction.period",1,1,"","ele-1:All FHIR elements must have a @value or children {hasValue() or (children().count() > id.count())}
ext-1:Must have either extensions or value[x], not both {extension.exists() != value.exists()}"
"FRLMAllergyIntolerance","FRLMAllergyIntolerance.reaction.period.id","FRLMAllergyIntolerance.reaction.period.id","","","",0,1,"","","","string {[]} {[]}
","Unique id for inter-element referencing","Unique id for the element within a resource (for internal references). This may be any string value that does not contain spaces.","","","","","","","","","",,,,,"",,,,"Element.id",0,1,"",""
"FRLMAllergyIntolerance","FRLMAllergyIntolerance.reaction.period.extension","FRLMAllergyIntolerance.reaction.period.extension","","extensions
user content","",0,*,"","","","Extension {[]} {[]}
","Additional content defined by implementations","May be used to represent additional information that is not part of the basic definition of the element. To make the use of extensions safe and manageable, there is a strict set of governance  applied to the definition and use of extensions. Though any implementer can define an extension, there is a set of requirements that SHALL be met as part of the definition of the extension.","There can be no stigma associated with the use of extensions by any application, project, or standard - regardless of the institution or jurisdiction that uses or defines the extensions.  The use of extensions is what allows the FHIR specification to retain a core level of simplicity for everyone.","","","","","","","","",,,,,"","value:url}
","Extensions are always sliced by (at least) url",,"open","Element.extension",0,*,"","ele-1:All FHIR elements must have a @value or children {hasValue() or (children().count() > id.count())}
ext-1:Must have either extensions or value[x], not both {extension.exists() != value.exists()}"
"FRLMAllergyIntolerance","FRLMAllergyIntolerance.reaction.period.url","FRLMAllergyIntolerance.reaction.period.url","","","",1,1,"","","","uri {[]} {[]}
","identifies the meaning of the extension","Source of the definition for the extension code - a logical name or a URL.","The definition may point directly to a computable or human-readable definition of the extensibility codes, or it may be a logical URI as declared in some other specification. The definition SHALL be a URI for the Structure Definition defining the extension.","","","","","","","","",,,,,"",,,,"Extension.url",1,1,"",""
"FRLMAllergyIntolerance","FRLMAllergyIntolerance.reaction.period.value[x]","FRLMAllergyIntolerance.reaction.period.value[x]","","","",0,1,"","","","base64Binary {[]} {[]}
boolean {[]} {[]}canonical {[]} {[]}code {[]} {[]}date {[]} {[]}dateTime {[]} {[]}decimal {[]} {[]}id {[]} {[]}instant {[]} {[]}integer {[]} {[]}markdown {[]} {[]}oid {[]} {[]}positiveInt {[]} {[]}string {[]} {[]}time {[]} {[]}unsignedInt {[]} {[]}uri {[]} {[]}url {[]} {[]}uuid {[]} {[]}Address {[]} {[]}Age {[]} {[]}Annotation {[]} {[]}Attachment {[]} {[]}CodeableConcept {[]} {[]}Coding {[]} {[]}ContactPoint {[]} {[]}Count {[]} {[]}Distance {[]} {[]}Duration {[]} {[]}HumanName {[]} {[]}Identifier {[]} {[]}Money {[]} {[]}Period {[]} {[]}Quantity {[]} {[]}Range {[]} {[]}Ratio {[]} {[]}Reference {[]} {[]}SampledData {[]} {[]}Signature {[]} {[]}Timing {[]} {[]}ContactDetail {[]} {[]}Contributor {[]} {[]}DataRequirement {[]} {[]}Expression {[]} {[]}ParameterDefinition {[]} {[]}RelatedArtifact {[]} {[]}TriggerDefinition {[]} {[]}UsageContext {[]} {[]}Dosage {[]} {[]}Meta {[]} {[]}","Value of extension","Value of extension - must be one of a constrained set of the data types (see [Extensibility](http://hl7.org/fhir/R4/extensibility.html) for a list).","","","","","","","","","",,,,,"",,,,"Extension.value[x]",0,1,"","ele-1:All FHIR elements must have a @value or children {hasValue() or (children().count() > id.count())}
"
"FRLMAllergyIntolerance","FRLMAllergyIntolerance.reaction.period.onsetDate","FRLMAllergyIntolerance.reaction.period.onsetDate","","","",0,1,"","","","dateTime {[]} {[]}
","Date de début","Date de début","","","","","","","","","",,,,,"",,,,"FRLMAllergyIntolerance.reaction.period.onsetDate",0,1,"",""
"FRLMAllergyIntolerance","FRLMAllergyIntolerance.reaction.period.endDate","FRLMAllergyIntolerance.reaction.period.endDate","","","",0,1,"","","","dateTime {[]} {[]}
","Date de fin","Date de fin","","","","","","","","","",,,,,"",,,,"FRLMAllergyIntolerance.reaction.period.endDate",0,1,"",""
"FRLMAttachment","FRLMAttachment","FRLMAttachment","","","",0,*,"","","","null {[]} {[]}
","Logical model - FR LM Attachment","Document attaché","","","","","","","","","",,,,,"",,,,"Base",0,*,"",""
"FRLMAttachment","FRLMAttachment.header","FRLMAttachment.header","","","",1,1,"","","","Base {[]} {[]}
","Métadonnées de base","Métadonnées de base","","","","","","","","","",,,,,"",,,,"FRLMEntry.header",1,1,"",""
"FRLMAttachment","FRLMAttachment.header.subject","FRLMAttachment.header.subject","","","",1,1,"","","","https://interop.esante.gouv.fr/ig/document-core/StructureDefinition/FRLMPatient {[]} {[]}
","Patient / Usager","Patient / Usager","","","","","","","","","",,,,,"",,,,"FRLMEntry.header.subject",1,1,"",""
"FRLMAttachment","FRLMAttachment.header.identifier","FRLMAttachment.header.identifier","","","",0,*,"","","","Identifier {[]} {[]}
","Identifiant de l’entrée","Identifiant de l’entrée","","","","","","","","","",,,,,"",,,,"FRLMEntry.header.identifier",0,*,"",""
"FRLMAttachment","FRLMAttachment.header.author[x]","FRLMAttachment.header.author[x]","","","",0,*,"","","","Base {[]} {[]}
","author[x] peut correspondre soit à un professionnel, soit à une organisation, soit à un système.","author[x] peut correspondre soit à un professionnel, soit à une organisation, soit à un système.","","","","","","","","","",,,,,"",,,,"FRLMEntry.header.author[x]",0,*,"",""
"FRLMAttachment","FRLMAttachment.header.author[x].authorProfessional","FRLMAttachment.header.author[x].authorProfessional","","","",0,*,"","","","https://interop.esante.gouv.fr/ig/document-core/StructureDefinition/FRLMHealthProfessional {[]} {[]}
","L'auteur est un professionnel de santé","L'auteur est un professionnel de santé","","","","","","","","","",,,,,"",,,,"FRLMEntry.header.author[x].authorProfessional",0,*,"",""
"FRLMAttachment","FRLMAttachment.header.author[x].authorOrganisation","FRLMAttachment.header.author[x].authorOrganisation","","","",0,*,"","","","https://interop.esante.gouv.fr/ig/document-core/StructureDefinition/FRLMOrganisation {[]} {[]}
","L'auteur est une organisation","L'auteur est une organisation","","","","","","","","","",,,,,"",,,,"FRLMEntry.header.author[x].authorOrganisation",0,*,"",""
"FRLMAttachment","FRLMAttachment.header.author[x].authorDevice","FRLMAttachment.header.author[x].authorDevice","","","",0,*,"","","","https://interop.esante.gouv.fr/ig/document-core/StructureDefinition/FRLMDevice {[]} {[]}
","L'auteur est un système","L'auteur est un système","","","","","","","","","",,,,,"",,,,"FRLMEntry.header.author[x].authorDevice",0,*,"",""
"FRLMAttachment","FRLMAttachment.header.performer[x]","FRLMAttachment.header.performer[x]","","","",0,*,"","","","https://interop.esante.gouv.fr/ig/document-core/StructureDefinition/FRLMHealthProfessional {[]} {[]}
https://interop.esante.gouv.fr/ig/document-core/StructureDefinition/FRLMOrganisation {[]} {[]}","Exécutant (performer)","Exécutant (performer)","","","","","","","","","",,,,,"",,,,"FRLMEntry.header.performer[x]",0,*,"",""
"FRLMAttachment","FRLMAttachment.header.participant[x]","FRLMAttachment.header.participant[x]","","","",0,*,"","","","Base {[]} {[]}
","Participant","Participant","","","","","","","","","",,,,,"",,,,"FRLMEntry.header.participant[x]",0,*,"",""
"FRLMAttachment","FRLMAttachment.header.participant[x].participantProfessional","FRLMAttachment.header.participant[x].participantProfessional","","","",0,*,"","","","https://interop.esante.gouv.fr/ig/document-core/StructureDefinition/FRLMHealthProfessional {[]} {[]}
","Le participant est un professionnel de santé","Le participant est un professionnel de santé","","","","","","","","","",,,,,"",,,,"FRLMEntry.header.participant[x].participantProfessional",0,*,"",""
"FRLMAttachment","FRLMAttachment.header.participant[x].participantOrganisation","FRLMAttachment.header.participant[x].participantOrganisation","","","",0,*,"","","","https://interop.esante.gouv.fr/ig/document-core/StructureDefinition/FRLMOrganisation {[]} {[]}
","Le participant est une organisation","Le participant est une organisation","","","","","","","","","",,,,,"",,,,"FRLMEntry.header.participant[x].participantOrganisation",0,*,"",""
"FRLMAttachment","FRLMAttachment.header.participant[x].participantDevice","FRLMAttachment.header.participant[x].participantDevice","","","",0,*,"","","","https://interop.esante.gouv.fr/ig/document-core/StructureDefinition/FRLMDevice {[]} {[]}
","Le participant est un système","Le participant est un système","","","","","","","","","",,,,,"",,,,"FRLMEntry.header.participant[x].participantDevice",0,*,"",""
"FRLMAttachment","FRLMAttachment.header.informant","FRLMAttachment.header.informant","","","",0,*,"","","","https://interop.esante.gouv.fr/ig/document-core/StructureDefinition/FRLMInformant {[]} {[]}
","Informateur","Informateur","","","","","","","","","",,,,,"",,,,"FRLMEntry.header.informant",0,*,"",""
"FRLMAttachment","FRLMAttachment.header.date","FRLMAttachment.header.date","","","",0,1,"","","","dateTime {[]} {[]}
","Date/Heure de création par l'auteur","Date/Heure de création par l'auteur","","","","","","","","","",,,,,"",,,,"FRLMEntry.header.date",0,1,"",""
"FRLMAttachment","FRLMAttachment.header.status","FRLMAttachment.header.status","","","",0,1,"","","","CodeableConcept {[]} {[]}
","Statut","Statut","","","","","","","","","",,,,,"",,,,"FRLMEntry.header.status",0,1,"",""
"FRLMAttachment","FRLMAttachment.header.source","FRLMAttachment.header.source","","","",0,1,"","","","CodeableConcept {[]} {[]}
","Source","Source","","","","","","","","","",,,,,"",,,,"FRLMEntry.header.source",0,1,"",""
"FRLMAttachment","FRLMAttachment.header.language","FRLMAttachment.header.language","","","",0,1,"","","","CodeableConcept {[]} {[]}
","'fr-FR' pour français métropolitain (la casse des caractères doit être respectée)
La partie en minuscules indique le code de la langue utilisée (ISO-639-1)
La partie en majuscules indique le code pays (ISO-3166)","'fr-FR' pour français métropolitain (la casse des caractères doit être respectée)
La partie en minuscules indique le code de la langue utilisée (ISO-639-1)
La partie en majuscules indique le code pays (ISO-3166)","","","","","","","","","",,,,,"",,,,"FRLMEntry.header.language",0,1,"",""
"FRLMAttachment","FRLMAttachment.contentType","FRLMAttachment.contentType","","","",0,1,"","","","CodeableConcept {[]} {[]}
","Type MIME de la piece jointe, avec encodage de caracteres, etc.","Type MIME de la piece jointe, avec encodage de caracteres, etc.","","","","","","","","","",,"preferred","(preferred): BCP-13","","",,,,"FRLMAttachment.contentType",0,1,"",""
"FRLMAttachment","FRLMAttachment.language","FRLMAttachment.language","","","",0,1,"","","","CodeableConcept {[]} {[]}
","Langue du contenu","Langue du contenu","","","","","","","","","",,"preferred","(preferred): BCP 47","","",,,,"FRLMAttachment.language",0,1,"",""
"FRLMAttachment","FRLMAttachment.data","FRLMAttachment.data","","","",0,1,"","","","base64Binary {[]} {[]}
","Contenu encode en base64","Contenu encode en base64","","","","","","","","","",,,,,"",,,,"FRLMAttachment.data",0,1,"",""
"FRLMAttachment","FRLMAttachment.url","FRLMAttachment.url","","","",0,1,"","","","uri {[]} {[]}
","URL de la ressource","URL de la ressource","","","","","","","","","",,,,,"",,,,"FRLMAttachment.url",0,1,"",""
"FRLMAttachment","FRLMAttachment.size","FRLMAttachment.size","","","",0,1,"","","","unsignedInt {[]} {[]}
","Taille de la piece jointe avant encodage en base64","Taille de la piece jointe avant encodage en base64","","","","","","","","","",,,,,"",,,,"FRLMAttachment.size",0,1,"",""
"FRLMAttachment","FRLMAttachment.title","FRLMAttachment.title","","","",0,1,"","","","string {[]} {[]}
","Titre de la piece jointe","Titre de la piece jointe","","","","","","","","","",,,,,"",,,,"FRLMAttachment.title",0,1,"",""
"FRLMAttachments","FRLMAttachments","FRLMAttachments","","","",0,*,"","","","null {[]} {[]}
","Logical model - FR LM Attachments","Section Documents ajoutés","","","","","","","","","",,,,,"",,,,"Base",0,*,"",""
"FRLMAttachments","FRLMAttachments.codeSection","FRLMAttachments.codeSection","","","",1,1,"","","","CodeableConcept {[]} {[]}
","Code de la section","Code de la section","","","","","","","","","",,,,,"",,,,"FRLMSection.codeSection",1,1,"",""
"FRLMAttachments","FRLMAttachments.titleSection","FRLMAttachments.titleSection","","","",0,1,"","","","string {[]} {[]}
","Titre de la section","Titre de la section","","","","","","","","","",,,,,"",,,,"FRLMSection.titleSection",0,1,"",""
"FRLMAttachments","FRLMAttachments.description","FRLMAttachments.description","","","",1,1,"","","","string {[]} {[]}
","Bloc narratif","Bloc narratif","","","","","","","","","",,,,,"",,,,"FRLMSection.description",1,1,"",""
"FRLMAttachments","FRLMAttachments.author[x]","FRLMAttachments.author[x]","","","",0,*,"","","","Base {[]} {[]}
","author[x] peut correspondre soit à un professionnel, soit à une organisation, soit à un système.","author[x] peut correspondre soit à un professionnel, soit à une organisation, soit à un système.","","","","","","","","","",,,,,"",,,,"FRLMSection.author[x]",0,*,"",""
"FRLMAttachments","FRLMAttachments.author[x].authorProfessional","FRLMAttachments.author[x].authorProfessional","","","",0,*,"","","","https://interop.esante.gouv.fr/ig/document-core/StructureDefinition/FRLMHealthProfessional {[]} {[]}
","L'auteur est un professionnel de santé","L'auteur est un professionnel de santé","","","","","","","","","",,,,,"",,,,"FRLMSection.author[x].authorProfessional",0,*,"",""
"FRLMAttachments","FRLMAttachments.author[x].authorOrganisation","FRLMAttachments.author[x].authorOrganisation","","","",0,*,"","","","https://interop.esante.gouv.fr/ig/document-core/StructureDefinition/FRLMOrganisation {[]} {[]}
","L'auteur est une organisation","L'auteur est une organisation","","","","","","","","","",,,,,"",,,,"FRLMSection.author[x].authorOrganisation",0,*,"",""
"FRLMAttachments","FRLMAttachments.author[x].authorDevice","FRLMAttachments.author[x].authorDevice","","","",0,*,"","","","https://interop.esante.gouv.fr/ig/document-core/StructureDefinition/FRLMDevice {[]} {[]}
","L'auteur est un système","L'auteur est un système","","","","","","","","","",,,,,"",,,,"FRLMSection.author[x].authorDevice",0,*,"",""
"FRLMAttachments","FRLMAttachments.informant","FRLMAttachments.informant","","","",0,*,"","","","https://interop.esante.gouv.fr/ig/document-core/StructureDefinition/FRLMInformant {[]} {[]}
","Informateur","Informateur","","","","","","","","","",,,,,"",,,,"FRLMSection.informant",0,*,"",""
"FRLMAttachments","FRLMAttachments.subSection","FRLMAttachments.subSection","","","",0,0,"","","","Base {[]} {[]}
","Sous-sections","Sous-sections","","","","","","","","","",,,,,"",,,,"FRLMSection.subSection",0,*,"",""
"FRLMAttachments","FRLMAttachments.entry","FRLMAttachments.entry","","","",0,*,"","","","Base {[]} {[]}
","Entrées","Entrées","","","","","","","","","",,,,,"",,,,"FRLMSection.entry",0,*,"",""
"FRLMAttachments","FRLMAttachments.entry.observation","FRLMAttachments.entry.observation","","","",0,1,"","","","https://interop.esante.gouv.fr/ig/document-core/StructureDefinition/FRLMObservation {[]} {[]}
","Entrée Simple observation : Permet d'indiquer la nature des documents ajoutés","Entrée Simple observation : Permet d'indiquer la nature des documents ajoutés","","","","","","","","","",,,,,"",,,,"FRLMAttachments.entry.observation",0,1,"",""
"FRLMAttachments","FRLMAttachments.entry.attachment","FRLMAttachments.entry.attachment","","","",1,*,"","","","https://interop.esante.gouv.fr/ig/document-core/StructureDefinition/FRLMAttachment {[]} {[]}
","Entrée Document attaché","Entrée Document attaché","","","","","","","","","",,,,,"",,,,"FRLMAttachments.entry.attachment",1,*,"",""
"FRLMAttester","FRLMAttester","FRLMAttester","","","",0,*,"","","","null {[]} {[]}
","Logical model - FR LM Attester","Professionnel attestant la validité des informations portées dans le document sans pour autant en prendre la responsabilité. N'est pas utilisé dans un document d'expression personnelle du patient/usager et un document produit par un système.","","","","","","","","","",,,,,"",,,,"Base",0,*,"",""
"FRLMAttester","FRLMAttester.dateTime","FRLMAttester.dateTime","","","",1,1,"","","","dateTime {[]} {[]}
","Date/Heure de l'attestation de validité.","Date/Heure de l'attestation de validité.","","","","","","","","","",,,,,"",,,,"FRLMAttester.dateTime",1,1,"",""
"FRLMAttester","FRLMAttester.attester[x]","FRLMAttester.attester[x]","","","",1,1,"","","","https://interop.esante.gouv.fr/ig/document-core/StructureDefinition/FRLMHealthProfessional {[]} {[]}
https://interop.esante.gouv.fr/ig/document-core/StructureDefinition/FRLMDevice {[]} {[]}","Professionnel attestant la validité.","Professionnel attestant la validité.","","","","","","","","","",,,,,"",,,,"FRLMAttester.attester[x]",1,1,"",""
"FRLMBatterieExamensBiologieMedicale","FRLMBatterieExamensBiologieMedicale","FRLMBatterieExamensBiologieMedicale","","","",0,*,"","","","null {[]} {[]}
","Modèle logique métier - FR LM Batterie d'examens de biologie médicale","Entrée Batterie d'examens de biologie médicale","","","","","","","","","",,,,,"",,,,"Base",0,*,"",""
"FRLMBatterieExamensBiologieMedicale","FRLMBatterieExamensBiologieMedicale.header","FRLMBatterieExamensBiologieMedicale.header","","","",1,1,"","","","Base {[]} {[]}
","Métadonnées de base","Métadonnées de base","","","","","","","","","",,,,,"",,,,"FRLMEntry.header",1,1,"",""
"FRLMBatterieExamensBiologieMedicale","FRLMBatterieExamensBiologieMedicale.header.subject","FRLMBatterieExamensBiologieMedicale.header.subject","","","",1,1,"","","","https://interop.esante.gouv.fr/ig/document-core/StructureDefinition/FRLMPatient {[]} {[]}
","Patient / Usager","Patient / Usager","","","","","","","","","",,,,,"",,,,"FRLMEntry.header.subject",1,1,"",""
"FRLMBatterieExamensBiologieMedicale","FRLMBatterieExamensBiologieMedicale.header.identifier","FRLMBatterieExamensBiologieMedicale.header.identifier","","","",0,*,"","","","Identifier {[]} {[]}
","Identifiant de l’entrée","Identifiant de l’entrée","","","","","","","","","",,,,,"",,,,"FRLMEntry.header.identifier",0,*,"",""
"FRLMBatterieExamensBiologieMedicale","FRLMBatterieExamensBiologieMedicale.header.author[x]","FRLMBatterieExamensBiologieMedicale.header.author[x]","","","",0,*,"","","","Base {[]} {[]}
","author[x] peut correspondre soit à un professionnel, soit à une organisation, soit à un système.","author[x] peut correspondre soit à un professionnel, soit à une organisation, soit à un système.","","","","","","","","","",,,,,"",,,,"FRLMEntry.header.author[x]",0,*,"",""
"FRLMBatterieExamensBiologieMedicale","FRLMBatterieExamensBiologieMedicale.header.author[x].authorProfessional","FRLMBatterieExamensBiologieMedicale.header.author[x].authorProfessional","","","",0,*,"","","","https://interop.esante.gouv.fr/ig/document-core/StructureDefinition/FRLMHealthProfessional {[]} {[]}
","L'auteur est un professionnel de santé","L'auteur est un professionnel de santé","","","","","","","","","",,,,,"",,,,"FRLMEntry.header.author[x].authorProfessional",0,*,"",""
"FRLMBatterieExamensBiologieMedicale","FRLMBatterieExamensBiologieMedicale.header.author[x].authorOrganisation","FRLMBatterieExamensBiologieMedicale.header.author[x].authorOrganisation","","","",0,*,"","","","https://interop.esante.gouv.fr/ig/document-core/StructureDefinition/FRLMOrganisation {[]} {[]}
","L'auteur est une organisation","L'auteur est une organisation","","","","","","","","","",,,,,"",,,,"FRLMEntry.header.author[x].authorOrganisation",0,*,"",""
"FRLMBatterieExamensBiologieMedicale","FRLMBatterieExamensBiologieMedicale.header.author[x].authorDevice","FRLMBatterieExamensBiologieMedicale.header.author[x].authorDevice","","","",0,*,"","","","https://interop.esante.gouv.fr/ig/document-core/StructureDefinition/FRLMDevice {[]} {[]}
","L'auteur est un système","L'auteur est un système","","","","","","","","","",,,,,"",,,,"FRLMEntry.header.author[x].authorDevice",0,*,"",""
"FRLMBatterieExamensBiologieMedicale","FRLMBatterieExamensBiologieMedicale.header.performer[x]","FRLMBatterieExamensBiologieMedicale.header.performer[x]","","","",0,*,"","","","https://interop.esante.gouv.fr/ig/document-core/StructureDefinition/FRLMHealthProfessional {[]} {[]}
https://interop.esante.gouv.fr/ig/document-core/StructureDefinition/FRLMOrganisation {[]} {[]}","Exécutant (performer)","Exécutant (performer)","","","","","","","","","",,,,,"",,,,"FRLMEntry.header.performer[x]",0,*,"",""
"FRLMBatterieExamensBiologieMedicale","FRLMBatterieExamensBiologieMedicale.header.participant[x]","FRLMBatterieExamensBiologieMedicale.header.participant[x]","","","",0,*,"","","","Base {[]} {[]}
","Participant","Participant","","","","","","","","","",,,,,"",,,,"FRLMEntry.header.participant[x]",0,*,"",""
"FRLMBatterieExamensBiologieMedicale","FRLMBatterieExamensBiologieMedicale.header.participant[x].participantProfessional","FRLMBatterieExamensBiologieMedicale.header.participant[x].participantProfessional","","","",0,*,"","","","https://interop.esante.gouv.fr/ig/document-core/StructureDefinition/FRLMHealthProfessional {[]} {[]}
","Le participant est un professionnel de santé","Le participant est un professionnel de santé","","","","","","","","","",,,,,"",,,,"FRLMEntry.header.participant[x].participantProfessional",0,*,"",""
"FRLMBatterieExamensBiologieMedicale","FRLMBatterieExamensBiologieMedicale.header.participant[x].participantOrganisation","FRLMBatterieExamensBiologieMedicale.header.participant[x].participantOrganisation","","","",0,*,"","","","https://interop.esante.gouv.fr/ig/document-core/StructureDefinition/FRLMOrganisation {[]} {[]}
","Le participant est une organisation","Le participant est une organisation","","","","","","","","","",,,,,"",,,,"FRLMEntry.header.participant[x].participantOrganisation",0,*,"",""
"FRLMBatterieExamensBiologieMedicale","FRLMBatterieExamensBiologieMedicale.header.participant[x].participantDevice","FRLMBatterieExamensBiologieMedicale.header.participant[x].participantDevice","","","",0,*,"","","","https://interop.esante.gouv.fr/ig/document-core/StructureDefinition/FRLMDevice {[]} {[]}
","Le participant est un système","Le participant est un système","","","","","","","","","",,,,,"",,,,"FRLMEntry.header.participant[x].participantDevice",0,*,"",""
"FRLMBatterieExamensBiologieMedicale","FRLMBatterieExamensBiologieMedicale.header.informant","FRLMBatterieExamensBiologieMedicale.header.informant","","","",0,*,"","","","https://interop.esante.gouv.fr/ig/document-core/StructureDefinition/FRLMInformant {[]} {[]}
","Informateur","Informateur","","","","","","","","","",,,,,"",,,,"FRLMEntry.header.informant",0,*,"",""
"FRLMBatterieExamensBiologieMedicale","FRLMBatterieExamensBiologieMedicale.header.date","FRLMBatterieExamensBiologieMedicale.header.date","","","",0,1,"","","","dateTime {[]} {[]}
","Date/Heure de création par l'auteur","Date/Heure de création par l'auteur","","","","","","","","","",,,,,"",,,,"FRLMEntry.header.date",0,1,"",""
"FRLMBatterieExamensBiologieMedicale","FRLMBatterieExamensBiologieMedicale.header.status","FRLMBatterieExamensBiologieMedicale.header.status","","","",0,1,"","","","CodeableConcept {[]} {[]}
","Statut","Statut","","","","","","","","","",,,,,"",,,,"FRLMEntry.header.status",0,1,"",""
"FRLMBatterieExamensBiologieMedicale","FRLMBatterieExamensBiologieMedicale.header.source","FRLMBatterieExamensBiologieMedicale.header.source","","","",0,1,"","","","CodeableConcept {[]} {[]}
","Source","Source","","","","","","","","","",,,,,"",,,,"FRLMEntry.header.source",0,1,"",""
"FRLMBatterieExamensBiologieMedicale","FRLMBatterieExamensBiologieMedicale.header.language","FRLMBatterieExamensBiologieMedicale.header.language","","","",0,1,"","","","CodeableConcept {[]} {[]}
","'fr-FR' pour français métropolitain (la casse des caractères doit être respectée)
La partie en minuscules indique le code de la langue utilisée (ISO-639-1)
La partie en majuscules indique le code pays (ISO-3166)","'fr-FR' pour français métropolitain (la casse des caractères doit être respectée)
La partie en minuscules indique le code de la langue utilisée (ISO-639-1)
La partie en majuscules indique le code pays (ISO-3166)","","","","","","","","","",,,,,"",,,,"FRLMEntry.header.language",0,1,"",""
"FRLMBatterieExamensBiologieMedicale","FRLMBatterieExamensBiologieMedicale.codeBatterieExamen","FRLMBatterieExamensBiologieMedicale.codeBatterieExamen","","","",0,1,"","","","CodeableConcept {[]} {[]}
","Code de la batterie d'examen","Code de la batterie d'examen","","","","","","","","","",,,,,"",,,,"FRLMBatterieExamensBiologieMedicale.codeBatterieExamen",0,1,"",""
"FRLMBatterieExamensBiologieMedicale","FRLMBatterieExamensBiologieMedicale.laboratoireExecutant","FRLMBatterieExamensBiologieMedicale.laboratoireExecutant","","","",0,*,"","","","https://interop.esante.gouv.fr/ig/document-core/StructureDefinition/FRLMLaboratoireExecutant {[]} {[]}
","Laboratoire sous-traitant. Apparaît à ce niveau si et et seulement si ce résultat a été produit par un laboratoire exécutant distinct du laboratoire exécutant déclaré aux niveaux supérieurs.","Laboratoire sous-traitant. Apparaît à ce niveau si et et seulement si ce résultat a été produit par un laboratoire exécutant distinct du laboratoire exécutant déclaré aux niveaux supérieurs.","","","","","","","","","",,,,,"",,,,"FRLMBatterieExamensBiologieMedicale.laboratoireExecutant",0,*,"",""
"FRLMBatterieExamensBiologieMedicale","FRLMBatterieExamensBiologieMedicale.prelevement","FRLMBatterieExamensBiologieMedicale.prelevement","","","",0,*,"","","","https://interop.esante.gouv.fr/ig/document-core/StructureDefinition/FRLMSpecimen {[]} {[]}
","Prélèvement","Prélèvement","","","","","","","","","",,,,,"",,,,"FRLMBatterieExamensBiologieMedicale.prelevement",0,*,"",""
"FRLMBatterieExamensBiologieMedicale","FRLMBatterieExamensBiologieMedicale.resultatElementCliniquePertinent","FRLMBatterieExamensBiologieMedicale.resultatElementCliniquePertinent","","","",0,*,"","","","https://interop.esante.gouv.fr/ig/document-core/StructureDefinition/FRLMResultatExamensBiologieElementCliniquePertinent {[]} {[]}
","Résultat d'examen de biologie / élément clinique pertinent","Résultat d'examen de biologie / élément clinique pertinent","","","","","","","","","",,,,,"",,,,"FRLMBatterieExamensBiologieMedicale.resultatElementCliniquePertinent",0,*,"",""
"FRLMBatterieExamensBiologieMedicale","FRLMBatterieExamensBiologieMedicale.imageIllustrative","FRLMBatterieExamensBiologieMedicale.imageIllustrative","","","",0,*,"","","","https://interop.esante.gouv.fr/ig/document-core/StructureDefinition/FRLMObservationMedia {[]} {[]}
","Image illustrative","Image illustrative","","","","","","","","","",,,,,"",,,,"FRLMBatterieExamensBiologieMedicale.imageIllustrative",0,*,"",""
"FRLMBatterieExamensBiologieMedicale","FRLMBatterieExamensBiologieMedicale.commentaire","FRLMBatterieExamensBiologieMedicale.commentaire","","","",0,*,"","","","string {[]} {[]}
","Commentaire","Commentaire","","","","","","","","","",,,,,"",,,,"FRLMBatterieExamensBiologieMedicale.commentaire",0,*,"",""
"FRLMBodyStructure","FRLMBodyStructure","FRLMBodyStructure","","","",0,*,"","","","null {[]} {[]}
","Logical model - FR LM Body Structure","Localisation anatomique","","","","","","","","","",,,,,"",,,,"Base",0,*,"",""
"FRLMBodyStructure","FRLMBodyStructure.morphology","FRLMBodyStructure.morphology","","","",0,1,"","","","CodeableConcept {[]} {[]}
","Type de structure représentée par la localisation anatomique. Peut décrire une morphologie normale ou anormale.","Type de structure représentée par la localisation anatomique. Peut décrire une morphologie normale ou anormale.","","","","","","","","","",,,,,"",,,,"FRLMBodyStructure.morphology",0,1,"",""
"FRLMBodyStructure","FRLMBodyStructure.location","FRLMBodyStructure.location","","","",0,1,"","","","CodeableConcept {[]} {[]}
","Site anatomique","Site anatomique","","","","","","","","","",,"preferred","SNOMED CT","","",,,,"FRLMBodyStructure.location",0,1,"",""
"FRLMBodyStructure","FRLMBodyStructure.locationQualifier","FRLMBodyStructure.locationQualifier","","","",0,*,"","","","CodeableConcept {[]} {[]}
","Précision topographique (par exemple : supérieur, inférieur, distal, proximal).","Précision topographique (par exemple : supérieur, inférieur, distal, proximal).","","","","","","","","","",,"required","jdv-modificateur-topographique-cisis","https://smt.esante.gouv.fr/fhir/ValueSet/jdv-modificateur-topographique-cisis|20260619134042","",,,,"FRLMBodyStructure.locationQualifier",0,*,"",""
"FRLMBodyStructure","FRLMBodyStructure.description","FRLMBodyStructure.description","","","",0,1,"","","","string {[]} {[]}
","Description textuelle de la localisation anatomique","Description textuelle de la localisation anatomique","","","","","","","","","",,,,,"",,,,"FRLMBodyStructure.description",0,1,"",""
"FRLMCarePlan","FRLMCarePlan","FRLMCarePlan","","","",0,*,"","","","null {[]} {[]}
","Logical model - FR LM Care Plan","Plan de soins","","","","","","","","","",,,,,"",,,,"Base",0,*,"",""
"FRLMCarePlan","FRLMCarePlan.header","FRLMCarePlan.header","","","",1,1,"","","","Base {[]} {[]}
","Métadonnées de base","Métadonnées de base","","","","","","","","","",,,,,"",,,,"FRLMEntry.header",1,1,"",""
"FRLMCarePlan","FRLMCarePlan.header.subject","FRLMCarePlan.header.subject","","","",1,1,"","","","https://interop.esante.gouv.fr/ig/document-core/StructureDefinition/FRLMPatient {[]} {[]}
","Patient / Usager","Patient / Usager","","","","","","","","","",,,,,"",,,,"FRLMEntry.header.subject",1,1,"",""
"FRLMCarePlan","FRLMCarePlan.header.identifier","FRLMCarePlan.header.identifier","","","",0,*,"","","","Identifier {[]} {[]}
","Identifiant de l’entrée","Identifiant de l’entrée","","","","","","","","","",,,,,"",,,,"FRLMEntry.header.identifier",0,*,"",""
"FRLMCarePlan","FRLMCarePlan.header.author[x]","FRLMCarePlan.header.author[x]","","","",0,*,"","","","Base {[]} {[]}
","author[x] peut correspondre soit à un professionnel, soit à une organisation, soit à un système.","author[x] peut correspondre soit à un professionnel, soit à une organisation, soit à un système.","","","","","","","","","",,,,,"",,,,"FRLMEntry.header.author[x]",0,*,"",""
"FRLMCarePlan","FRLMCarePlan.header.author[x].authorProfessional","FRLMCarePlan.header.author[x].authorProfessional","","","",0,*,"","","","https://interop.esante.gouv.fr/ig/document-core/StructureDefinition/FRLMHealthProfessional {[]} {[]}
","L'auteur est un professionnel de santé","L'auteur est un professionnel de santé","","","","","","","","","",,,,,"",,,,"FRLMEntry.header.author[x].authorProfessional",0,*,"",""
"FRLMCarePlan","FRLMCarePlan.header.author[x].authorOrganisation","FRLMCarePlan.header.author[x].authorOrganisation","","","",0,*,"","","","https://interop.esante.gouv.fr/ig/document-core/StructureDefinition/FRLMOrganisation {[]} {[]}
","L'auteur est une organisation","L'auteur est une organisation","","","","","","","","","",,,,,"",,,,"FRLMEntry.header.author[x].authorOrganisation",0,*,"",""
"FRLMCarePlan","FRLMCarePlan.header.author[x].authorDevice","FRLMCarePlan.header.author[x].authorDevice","","","",0,*,"","","","https://interop.esante.gouv.fr/ig/document-core/StructureDefinition/FRLMDevice {[]} {[]}
","L'auteur est un système","L'auteur est un système","","","","","","","","","",,,,,"",,,,"FRLMEntry.header.author[x].authorDevice",0,*,"",""
"FRLMCarePlan","FRLMCarePlan.header.performer[x]","FRLMCarePlan.header.performer[x]","","","",0,*,"","","","https://interop.esante.gouv.fr/ig/document-core/StructureDefinition/FRLMHealthProfessional {[]} {[]}
https://interop.esante.gouv.fr/ig/document-core/StructureDefinition/FRLMOrganisation {[]} {[]}","Exécutant (performer)","Exécutant (performer)","","","","","","","","","",,,,,"",,,,"FRLMEntry.header.performer[x]",0,*,"",""
"FRLMCarePlan","FRLMCarePlan.header.participant[x]","FRLMCarePlan.header.participant[x]","","","",0,*,"","","","Base {[]} {[]}
","Participant","Participant","","","","","","","","","",,,,,"",,,,"FRLMEntry.header.participant[x]",0,*,"",""
"FRLMCarePlan","FRLMCarePlan.header.participant[x].participantProfessional","FRLMCarePlan.header.participant[x].participantProfessional","","","",0,*,"","","","https://interop.esante.gouv.fr/ig/document-core/StructureDefinition/FRLMHealthProfessional {[]} {[]}
","Le participant est un professionnel de santé","Le participant est un professionnel de santé","","","","","","","","","",,,,,"",,,,"FRLMEntry.header.participant[x].participantProfessional",0,*,"",""
"FRLMCarePlan","FRLMCarePlan.header.participant[x].participantOrganisation","FRLMCarePlan.header.participant[x].participantOrganisation","","","",0,*,"","","","https://interop.esante.gouv.fr/ig/document-core/StructureDefinition/FRLMOrganisation {[]} {[]}
","Le participant est une organisation","Le participant est une organisation","","","","","","","","","",,,,,"",,,,"FRLMEntry.header.participant[x].participantOrganisation",0,*,"",""
"FRLMCarePlan","FRLMCarePlan.header.participant[x].participantDevice","FRLMCarePlan.header.participant[x].participantDevice","","","",0,*,"","","","https://interop.esante.gouv.fr/ig/document-core/StructureDefinition/FRLMDevice {[]} {[]}
","Le participant est un système","Le participant est un système","","","","","","","","","",,,,,"",,,,"FRLMEntry.header.participant[x].participantDevice",0,*,"",""
"FRLMCarePlan","FRLMCarePlan.header.informant","FRLMCarePlan.header.informant","","","",0,*,"","","","https://interop.esante.gouv.fr/ig/document-core/StructureDefinition/FRLMInformant {[]} {[]}
","Informateur","Informateur","","","","","","","","","",,,,,"",,,,"FRLMEntry.header.informant",0,*,"",""
"FRLMCarePlan","FRLMCarePlan.header.date","FRLMCarePlan.header.date","","","",0,1,"","","","dateTime {[]} {[]}
","Date/Heure de création par l'auteur","Date/Heure de création par l'auteur","","","","","","","","","",,,,,"",,,,"FRLMEntry.header.date",0,1,"",""
"FRLMCarePlan","FRLMCarePlan.header.status","FRLMCarePlan.header.status","","","",1,1,"","","","CodeableConcept {[]} {[]}
","Statut du plan de soin (projet, actif, suspendu, annulé, terminé, erreur, inconnu)","Statut","","","","","","","","","",,,,,"",,,,"FRLMEntry.header.status",0,1,"",""
"FRLMCarePlan","FRLMCarePlan.header.source","FRLMCarePlan.header.source","","","",0,1,"","","","CodeableConcept {[]} {[]}
","Source","Source","","","","","","","","","",,,,,"",,,,"FRLMEntry.header.source",0,1,"",""
"FRLMCarePlan","FRLMCarePlan.header.language","FRLMCarePlan.header.language","","","",0,1,"","","","CodeableConcept {[]} {[]}
","'fr-FR' pour français métropolitain (la casse des caractères doit être respectée)
La partie en minuscules indique le code de la langue utilisée (ISO-639-1)
La partie en majuscules indique le code pays (ISO-3166)","'fr-FR' pour français métropolitain (la casse des caractères doit être respectée)
La partie en minuscules indique le code de la langue utilisée (ISO-639-1)
La partie en majuscules indique le code pays (ISO-3166)","","","","","","","","","",,,,,"",,,,"FRLMEntry.header.language",0,1,"",""
"FRLMCarePlan","FRLMCarePlan.addresses","FRLMCarePlan.addresses","","","",0,*,"","","","https://interop.esante.gouv.fr/ig/document-core/StructureDefinition/FRLMCondition {[]} {[]}
","Problèmes de santé traités par ce plan","Problèmes de santé traités par ce plan","","","","","","","","","",,,,,"",,,,"FRLMCarePlan.addresses",0,*,"",""
"FRLMCarePlan","FRLMCarePlan.goal","FRLMCarePlan.goal","","","",0,*,"","","","CodeableConcept {[]} {[]}
","Résultat souhaité du plan","Résultat souhaité du plan","","","","","","","","","",,,,,"",,,,"FRLMCarePlan.goal",0,*,"",""
"FRLMCarePlan","FRLMCarePlan.activity","FRLMCarePlan.activity","","","",0,*,"","","","Reference {[]} {[]}
","Action incluse dans ce plan de soins","Action incluse dans ce plan de soins","","","","","","","","","",,,,,"",,,,"FRLMCarePlan.activity",0,*,"",""
"FRLMCarePlans","FRLMCarePlans","FRLMCarePlans","","","",0,*,"","","","null {[]} {[]}
","Logical model - FR LM CarePlans","Section Plan de soins","","","","","","","","","",,,,,"",,,,"Base",0,*,"",""
"FRLMCarePlans","FRLMCarePlans.codeSection","FRLMCarePlans.codeSection","","","",1,1,"","","","CodeableConcept {[]} {[]}
","Code de la section","Code de la section","","","","","","","","","",,,,,"",,,,"FRLMSection.codeSection",1,1,"",""
"FRLMCarePlans","FRLMCarePlans.titleSection","FRLMCarePlans.titleSection","","","",1,1,"","","","string {[]} {[]}
","Titre de la section","Titre de la section","","","","","","","","","",,,,,"",,,,"FRLMSection.titleSection",0,1,"",""
"FRLMCarePlans","FRLMCarePlans.description","FRLMCarePlans.description","","","",1,1,"","","","string {[]} {[]}
","Bloc narratif","Bloc narratif","","","","","","","","","",,,,,"",,,,"FRLMSection.description",1,1,"",""
"FRLMCarePlans","FRLMCarePlans.author[x]","FRLMCarePlans.author[x]","","","",0,*,"","","","Base {[]} {[]}
","author[x] peut correspondre soit à un professionnel, soit à une organisation, soit à un système.","author[x] peut correspondre soit à un professionnel, soit à une organisation, soit à un système.","","","","","","","","","",,,,,"",,,,"FRLMSection.author[x]",0,*,"",""
"FRLMCarePlans","FRLMCarePlans.author[x].authorProfessional","FRLMCarePlans.author[x].authorProfessional","","","",0,*,"","","","https://interop.esante.gouv.fr/ig/document-core/StructureDefinition/FRLMHealthProfessional {[]} {[]}
","L'auteur est un professionnel de santé","L'auteur est un professionnel de santé","","","","","","","","","",,,,,"",,,,"FRLMSection.author[x].authorProfessional",0,*,"",""
"FRLMCarePlans","FRLMCarePlans.author[x].authorOrganisation","FRLMCarePlans.author[x].authorOrganisation","","","",0,*,"","","","https://interop.esante.gouv.fr/ig/document-core/StructureDefinition/FRLMOrganisation {[]} {[]}
","L'auteur est une organisation","L'auteur est une organisation","","","","","","","","","",,,,,"",,,,"FRLMSection.author[x].authorOrganisation",0,*,"",""
"FRLMCarePlans","FRLMCarePlans.author[x].authorDevice","FRLMCarePlans.author[x].authorDevice","","","",0,*,"","","","https://interop.esante.gouv.fr/ig/document-core/StructureDefinition/FRLMDevice {[]} {[]}
","L'auteur est un système","L'auteur est un système","","","","","","","","","",,,,,"",,,,"FRLMSection.author[x].authorDevice",0,*,"",""
"FRLMCarePlans","FRLMCarePlans.informant","FRLMCarePlans.informant","","","",0,*,"","","","https://interop.esante.gouv.fr/ig/document-core/StructureDefinition/FRLMInformant {[]} {[]}
","Informateur","Informateur","","","","","","","","","",,,,,"",,,,"FRLMSection.informant",0,*,"",""
"FRLMCarePlans","FRLMCarePlans.subSection","FRLMCarePlans.subSection","","","",0,0,"","","","Base {[]} {[]}
","Sous-sections","Sous-sections","","","","","","","","","",,,,,"",,,,"FRLMSection.subSection",0,*,"",""
"FRLMCarePlans","FRLMCarePlans.entry","FRLMCarePlans.entry","","","",0,*,"","","","Base {[]} {[]}
","Entrées","Entrées","","","","","","","","","",,,,,"",,,,"FRLMSection.entry",0,*,"",""
"FRLMCarePlans","FRLMCarePlans.entry.carePlans","FRLMCarePlans.entry.carePlans","","","",0,*,"","","","https://interop.esante.gouv.fr/ig/document-core/StructureDefinition/FRLMCarePlan {[]} {[]}
","Entrée Plan de soins","Entrée Plan de soins","","","","","","","","","",,,,,"",,,,"FRLMCarePlans.entry.carePlans",0,*,"",""
"FRLMComparisonStudy","FRLMComparisonStudy","FRLMComparisonStudy","","","",0,*,"","","","null {[]} {[]}
","Logical model - FR LM Comparison Study","Section Comparaison d'examens d'imagerie","","","","","","","","","",,,,,"",,,,"Base",0,*,"",""
"FRLMComparisonStudy","FRLMComparisonStudy.codeSection","FRLMComparisonStudy.codeSection","","","",1,1,"","","","CodeableConcept {[]} {[]}
","Code de la section","Code de la section","","","","","","","","","",,,,,"",,,,"FRLMSection.codeSection",1,1,"",""
"FRLMComparisonStudy","FRLMComparisonStudy.titleSection","FRLMComparisonStudy.titleSection","","","",1,1,"","","","string {[]} {[]}
","Titre de la section","Titre de la section","","","","","","","","","",,,,,"",,,,"FRLMSection.titleSection",0,1,"",""
"FRLMComparisonStudy","FRLMComparisonStudy.description","FRLMComparisonStudy.description","","","",1,1,"","","","string {[]} {[]}
","Bloc narratif","Bloc narratif","","","","","","","","","",,,,,"",,,,"FRLMSection.description",1,1,"",""
"FRLMComparisonStudy","FRLMComparisonStudy.author[x]","FRLMComparisonStudy.author[x]","","","",0,*,"","","","Base {[]} {[]}
","author[x] peut correspondre soit à un professionnel, soit à une organisation, soit à un système.","author[x] peut correspondre soit à un professionnel, soit à une organisation, soit à un système.","","","","","","","","","",,,,,"",,,,"FRLMSection.author[x]",0,*,"",""
"FRLMComparisonStudy","FRLMComparisonStudy.author[x].authorProfessional","FRLMComparisonStudy.author[x].authorProfessional","","","",0,*,"","","","https://interop.esante.gouv.fr/ig/document-core/StructureDefinition/FRLMHealthProfessional {[]} {[]}
","L'auteur est un professionnel de santé","L'auteur est un professionnel de santé","","","","","","","","","",,,,,"",,,,"FRLMSection.author[x].authorProfessional",0,*,"",""
"FRLMComparisonStudy","FRLMComparisonStudy.author[x].authorOrganisation","FRLMComparisonStudy.author[x].authorOrganisation","","","",0,*,"","","","https://interop.esante.gouv.fr/ig/document-core/StructureDefinition/FRLMOrganisation {[]} {[]}
","L'auteur est une organisation","L'auteur est une organisation","","","","","","","","","",,,,,"",,,,"FRLMSection.author[x].authorOrganisation",0,*,"",""
"FRLMComparisonStudy","FRLMComparisonStudy.author[x].authorDevice","FRLMComparisonStudy.author[x].authorDevice","","","",0,*,"","","","https://interop.esante.gouv.fr/ig/document-core/StructureDefinition/FRLMDevice {[]} {[]}
","L'auteur est un système","L'auteur est un système","","","","","","","","","",,,,,"",,,,"FRLMSection.author[x].authorDevice",0,*,"",""
"FRLMComparisonStudy","FRLMComparisonStudy.informant","FRLMComparisonStudy.informant","","","",0,*,"","","","https://interop.esante.gouv.fr/ig/document-core/StructureDefinition/FRLMInformant {[]} {[]}
","Informateur","Informateur","","","","","","","","","",,,,,"",,,,"FRLMSection.informant",0,*,"",""
"FRLMComparisonStudy","FRLMComparisonStudy.subSection","FRLMComparisonStudy.subSection","","","",0,0,"","","","Base {[]} {[]}
","Sous-sections","Sous-sections","","","","","","","","","",,,,,"",,,,"FRLMSection.subSection",0,*,"",""
"FRLMComparisonStudy","FRLMComparisonStudy.entry","FRLMComparisonStudy.entry","","","",0,0,"","","","Base {[]} {[]}
","Entrées","Entrées","","","","","","","","","",,,,,"",,,,"FRLMSection.entry",0,*,"",""
"FRLMConclusion","FRLMConclusion","FRLMConclusion","","","",0,*,"","","","null {[]} {[]}
","Logical model - FR LM Conclusion","Section Conclusion","","","","","","","","","",,,,,"",,,,"Base",0,*,"",""
"FRLMConclusion","FRLMConclusion.codeSection","FRLMConclusion.codeSection","","","",1,1,"","","","CodeableConcept {[]} {[]}
","Code de la section","Code de la section","","","","","","","","","",,,,,"",,,,"FRLMSection.codeSection",1,1,"",""
"FRLMConclusion","FRLMConclusion.titleSection","FRLMConclusion.titleSection","","","",1,1,"","","","string {[]} {[]}
","Titre de la section","Titre de la section","","","","","","","","","",,,,,"",,,,"FRLMSection.titleSection",0,1,"",""
"FRLMConclusion","FRLMConclusion.description","FRLMConclusion.description","","","",1,1,"","","","string {[]} {[]}
","Conclusions","Bloc narratif","","","","","","","","","",,,,,"",,,,"FRLMSection.description",1,1,"",""
"FRLMConclusion","FRLMConclusion.author[x]","FRLMConclusion.author[x]","","","",0,*,"","","","Base {[]} {[]}
","author[x] peut correspondre soit à un professionnel, soit à une organisation, soit à un système.","author[x] peut correspondre soit à un professionnel, soit à une organisation, soit à un système.","","","","","","","","","",,,,,"",,,,"FRLMSection.author[x]",0,*,"",""
"FRLMConclusion","FRLMConclusion.author[x].authorProfessional","FRLMConclusion.author[x].authorProfessional","","","",0,*,"","","","https://interop.esante.gouv.fr/ig/document-core/StructureDefinition/FRLMHealthProfessional {[]} {[]}
","L'auteur est un professionnel de santé","L'auteur est un professionnel de santé","","","","","","","","","",,,,,"",,,,"FRLMSection.author[x].authorProfessional",0,*,"",""
"FRLMConclusion","FRLMConclusion.author[x].authorOrganisation","FRLMConclusion.author[x].authorOrganisation","","","",0,*,"","","","https://interop.esante.gouv.fr/ig/document-core/StructureDefinition/FRLMOrganisation {[]} {[]}
","L'auteur est une organisation","L'auteur est une organisation","","","","","","","","","",,,,,"",,,,"FRLMSection.author[x].authorOrganisation",0,*,"",""
"FRLMConclusion","FRLMConclusion.author[x].authorDevice","FRLMConclusion.author[x].authorDevice","","","",0,*,"","","","https://interop.esante.gouv.fr/ig/document-core/StructureDefinition/FRLMDevice {[]} {[]}
","L'auteur est un système","L'auteur est un système","","","","","","","","","",,,,,"",,,,"FRLMSection.author[x].authorDevice",0,*,"",""
"FRLMConclusion","FRLMConclusion.informant","FRLMConclusion.informant","","","",0,*,"","","","https://interop.esante.gouv.fr/ig/document-core/StructureDefinition/FRLMInformant {[]} {[]}
","Informateur","Informateur","","","","","","","","","",,,,,"",,,,"FRLMSection.informant",0,*,"",""
"FRLMConclusion","FRLMConclusion.subSection","FRLMConclusion.subSection","","","",0,0,"","","","Base {[]} {[]}
","Sous-sections","Sous-sections","","","","","","","","","",,,,,"",,,,"FRLMSection.subSection",0,*,"",""
"FRLMConclusion","FRLMConclusion.entry","FRLMConclusion.entry","","","",0,*,"","","","Base {[]} {[]}
","Entrées","Entrées","","","","","","","","","",,,,,"",,,,"FRLMSection.entry",0,*,"",""
"FRLMConclusion","FRLMConclusion.entry.conditionOrFinding[x]","FRLMConclusion.entry.conditionOrFinding[x]","","","",0,*,"","","","https://interop.esante.gouv.fr/ig/document-core/StructureDefinition/FRLMCondition {[]} {[]}
https://interop.esante.gouv.fr/ig/document-core/StructureDefinition/FRLMObservation {[]} {[]}","Conditions ou observations associées aux conclusions","Conditions ou observations associées aux conclusions","","","","","","","","","",,,,,"",,,,"FRLMConclusion.entry.conditionOrFinding[x]",0,*,"",""
"FRLMCondition","FRLMCondition","FRLMCondition","","","",0,*,"","","","null {[]} {[]}
","Logical model - FR LM Condition","Problème","","","","","","","","","",,,,,"",,,,"Base",0,*,"",""
"FRLMCondition","FRLMCondition.header","FRLMCondition.header","","","",1,1,"","","","Base {[]} {[]}
","Métadonnées de base","Métadonnées de base","","","","","","","","","",,,,,"",,,,"FRLMEntry.header",1,1,"",""
"FRLMCondition","FRLMCondition.header.subject","FRLMCondition.header.subject","","","",1,1,"","","","https://interop.esante.gouv.fr/ig/document-core/StructureDefinition/FRLMPatient {[]} {[]}
","Patient / Usager","Patient / Usager","","","","","","","","","",,,,,"",,,,"FRLMEntry.header.subject",1,1,"",""
"FRLMCondition","FRLMCondition.header.identifier","FRLMCondition.header.identifier","","","",0,*,"","","","Identifier {[]} {[]}
","Identifiant de l’entrée","Identifiant de l’entrée","","","","","","","","","",,,,,"",,,,"FRLMEntry.header.identifier",0,*,"",""
"FRLMCondition","FRLMCondition.header.author[x]","FRLMCondition.header.author[x]","","","",0,*,"","","","Base {[]} {[]}
","author[x] peut correspondre soit à un professionnel, soit à une organisation, soit à un système.","author[x] peut correspondre soit à un professionnel, soit à une organisation, soit à un système.","","","","","","","","","",,,,,"",,,,"FRLMEntry.header.author[x]",0,*,"",""
"FRLMCondition","FRLMCondition.header.author[x].authorProfessional","FRLMCondition.header.author[x].authorProfessional","","","",0,*,"","","","https://interop.esante.gouv.fr/ig/document-core/StructureDefinition/FRLMHealthProfessional {[]} {[]}
","L'auteur est un professionnel de santé","L'auteur est un professionnel de santé","","","","","","","","","",,,,,"",,,,"FRLMEntry.header.author[x].authorProfessional",0,*,"",""
"FRLMCondition","FRLMCondition.header.author[x].authorOrganisation","FRLMCondition.header.author[x].authorOrganisation","","","",0,*,"","","","https://interop.esante.gouv.fr/ig/document-core/StructureDefinition/FRLMOrganisation {[]} {[]}
","L'auteur est une organisation","L'auteur est une organisation","","","","","","","","","",,,,,"",,,,"FRLMEntry.header.author[x].authorOrganisation",0,*,"",""
"FRLMCondition","FRLMCondition.header.author[x].authorDevice","FRLMCondition.header.author[x].authorDevice","","","",0,*,"","","","https://interop.esante.gouv.fr/ig/document-core/StructureDefinition/FRLMDevice {[]} {[]}
","L'auteur est un système","L'auteur est un système","","","","","","","","","",,,,,"",,,,"FRLMEntry.header.author[x].authorDevice",0,*,"",""
"FRLMCondition","FRLMCondition.header.performer[x]","FRLMCondition.header.performer[x]","","","",0,*,"","","","https://interop.esante.gouv.fr/ig/document-core/StructureDefinition/FRLMHealthProfessional {[]} {[]}
https://interop.esante.gouv.fr/ig/document-core/StructureDefinition/FRLMOrganisation {[]} {[]}","Exécutant (performer)","Exécutant (performer)","","","","","","","","","",,,,,"",,,,"FRLMEntry.header.performer[x]",0,*,"",""
"FRLMCondition","FRLMCondition.header.participant[x]","FRLMCondition.header.participant[x]","","","",0,*,"","","","Base {[]} {[]}
","Participant","Participant","","","","","","","","","",,,,,"",,,,"FRLMEntry.header.participant[x]",0,*,"",""
"FRLMCondition","FRLMCondition.header.participant[x].participantProfessional","FRLMCondition.header.participant[x].participantProfessional","","","",0,*,"","","","https://interop.esante.gouv.fr/ig/document-core/StructureDefinition/FRLMHealthProfessional {[]} {[]}
","Le participant est un professionnel de santé","Le participant est un professionnel de santé","","","","","","","","","",,,,,"",,,,"FRLMEntry.header.participant[x].participantProfessional",0,*,"",""
"FRLMCondition","FRLMCondition.header.participant[x].participantOrganisation","FRLMCondition.header.participant[x].participantOrganisation","","","",0,*,"","","","https://interop.esante.gouv.fr/ig/document-core/StructureDefinition/FRLMOrganisation {[]} {[]}
","Le participant est une organisation","Le participant est une organisation","","","","","","","","","",,,,,"",,,,"FRLMEntry.header.participant[x].participantOrganisation",0,*,"",""
"FRLMCondition","FRLMCondition.header.participant[x].participantDevice","FRLMCondition.header.participant[x].participantDevice","","","",0,*,"","","","https://interop.esante.gouv.fr/ig/document-core/StructureDefinition/FRLMDevice {[]} {[]}
","Le participant est un système","Le participant est un système","","","","","","","","","",,,,,"",,,,"FRLMEntry.header.participant[x].participantDevice",0,*,"",""
"FRLMCondition","FRLMCondition.header.informant","FRLMCondition.header.informant","","","",0,*,"","","","https://interop.esante.gouv.fr/ig/document-core/StructureDefinition/FRLMInformant {[]} {[]}
","Informateur","Informateur","","","","","","","","","",,,,,"",,,,"FRLMEntry.header.informant",0,*,"",""
"FRLMCondition","FRLMCondition.header.date","FRLMCondition.header.date","","","",0,1,"","","","dateTime {[]} {[]}
","Date/Heure de création par l'auteur","Date/Heure de création par l'auteur","","","","","","","","","",,,,,"",,,,"FRLMEntry.header.date",0,1,"",""
"FRLMCondition","FRLMCondition.header.status","FRLMCondition.header.status","","","",0,1,"","","","CodeableConcept {[]} {[]}
","Statut du problème","Statut","","","","","","","","","",,"required","Valeur issue du jdv-hl7-condition-clinical-cisis (2.16.840.1.113883.4.642.3.164)","https://smt.esante.gouv.fr/fhir/ValueSet/jdv-hl7-condition-clinical-cisis|20260619134042","",,,,"FRLMEntry.header.status",0,1,"",""
"FRLMCondition","FRLMCondition.header.source","FRLMCondition.header.source","","","",0,1,"","","","CodeableConcept {[]} {[]}
","Source","Source","","","","","","","","","",,,,,"",,,,"FRLMEntry.header.source",0,1,"",""
"FRLMCondition","FRLMCondition.header.language","FRLMCondition.header.language","","","",0,1,"","","","CodeableConcept {[]} {[]}
","'fr-FR' pour français métropolitain (la casse des caractères doit être respectée)
La partie en minuscules indique le code de la langue utilisée (ISO-639-1)
La partie en majuscules indique le code pays (ISO-3166)","'fr-FR' pour français métropolitain (la casse des caractères doit être respectée)
La partie en minuscules indique le code de la langue utilisée (ISO-639-1)
La partie en majuscules indique le code pays (ISO-3166)","","","","","","","","","",,,,,"",,,,"FRLMEntry.header.language",0,1,"",""
"FRLMCondition","FRLMCondition.type","FRLMCondition.type","","","",1,1,"","","","CodeableConcept {[]} {[]}
","Type d'observation","Type d'observation","","","","","","","","","",,"required","Valeur issue du jdv-code-probleme-cisis (1.2.250.1.213.1.1.5.172)","https://smt.esante.gouv.fr/fhir/ValueSet/jdv-code-probleme-cisis|20260619134043","",,,,"FRLMCondition.type",1,1,"",""
"FRLMCondition","FRLMCondition.problem","FRLMCondition.problem","","","",1,1,"","","","CodeableConcept {[]} {[]}
","Problème observé :
 - CIM-10 (2.16.840.1.113883.6.3) ; 
 - CISP-2 (2.16.840.1.113883.6.139) ;
 - CISP-3 / DRC (1.2.250.1.213.2.9) ;
 - OrphaCodes (1.2.250.1.213.2.49)","Problème observé :
 - CIM-10 (2.16.840.1.113883.6.3) ; 
 - CISP-2 (2.16.840.1.113883.6.139) ;
 - CISP-3 / DRC (1.2.250.1.213.2.9) ;
 - OrphaCodes (1.2.250.1.213.2.49)","","","","","","","","","",,,,,"",,,,"FRLMCondition.problem",1,1,"",""
"FRLMCondition","FRLMCondition.period","FRLMCondition.period","","","",1,1,"","","","Extension {[CanonicalType[http://hl7.org/fhir/StructureDefinition/organization-period|5.3.0]]} {[]}
","Période","Période","","","","","","","","","",,,,,"",,,,"FRLMCondition.period",1,1,"","ele-1:All FHIR elements must have a @value or children {hasValue() or (children().count() > id.count())}
ext-1:Must have either extensions or value[x], not both {extension.exists() != value.exists()}"
"FRLMCondition","FRLMCondition.period.id","FRLMCondition.period.id","","","",0,1,"","","","string {[]} {[]}
","Unique id for inter-element referencing","Unique id for the element within a resource (for internal references). This may be any string value that does not contain spaces.","","","","","","","","","",,,,,"",,,,"Element.id",0,1,"",""
"FRLMCondition","FRLMCondition.period.extension","FRLMCondition.period.extension","","extensions
user content","",0,*,"","","","Extension {[]} {[]}
","Additional content defined by implementations","May be used to represent additional information that is not part of the basic definition of the element. To make the use of extensions safe and manageable, there is a strict set of governance  applied to the definition and use of extensions. Though any implementer can define an extension, there is a set of requirements that SHALL be met as part of the definition of the extension.","There can be no stigma associated with the use of extensions by any application, project, or standard - regardless of the institution or jurisdiction that uses or defines the extensions.  The use of extensions is what allows the FHIR specification to retain a core level of simplicity for everyone.","","","","","","","","",,,,,"","value:url}
","Extensions are always sliced by (at least) url",,"open","Element.extension",0,*,"","ele-1:All FHIR elements must have a @value or children {hasValue() or (children().count() > id.count())}
ext-1:Must have either extensions or value[x], not both {extension.exists() != value.exists()}"
"FRLMCondition","FRLMCondition.period.url","FRLMCondition.period.url","","","",1,1,"","","","uri {[]} {[]}
","identifies the meaning of the extension","Source of the definition for the extension code - a logical name or a URL.","The definition may point directly to a computable or human-readable definition of the extensibility codes, or it may be a logical URI as declared in some other specification. The definition SHALL be a URI for the Structure Definition defining the extension.","","","","","","","","",,,,,"",,,,"Extension.url",1,1,"",""
"FRLMCondition","FRLMCondition.period.value[x]","FRLMCondition.period.value[x]","","","",0,1,"","","","base64Binary {[]} {[]}
boolean {[]} {[]}canonical {[]} {[]}code {[]} {[]}date {[]} {[]}dateTime {[]} {[]}decimal {[]} {[]}id {[]} {[]}instant {[]} {[]}integer {[]} {[]}markdown {[]} {[]}oid {[]} {[]}positiveInt {[]} {[]}string {[]} {[]}time {[]} {[]}unsignedInt {[]} {[]}uri {[]} {[]}url {[]} {[]}uuid {[]} {[]}Address {[]} {[]}Age {[]} {[]}Annotation {[]} {[]}Attachment {[]} {[]}CodeableConcept {[]} {[]}Coding {[]} {[]}ContactPoint {[]} {[]}Count {[]} {[]}Distance {[]} {[]}Duration {[]} {[]}HumanName {[]} {[]}Identifier {[]} {[]}Money {[]} {[]}Period {[]} {[]}Quantity {[]} {[]}Range {[]} {[]}Ratio {[]} {[]}Reference {[]} {[]}SampledData {[]} {[]}Signature {[]} {[]}Timing {[]} {[]}ContactDetail {[]} {[]}Contributor {[]} {[]}DataRequirement {[]} {[]}Expression {[]} {[]}ParameterDefinition {[]} {[]}RelatedArtifact {[]} {[]}TriggerDefinition {[]} {[]}UsageContext {[]} {[]}Dosage {[]} {[]}Meta {[]} {[]}","Value of extension","Value of extension - must be one of a constrained set of the data types (see [Extensibility](http://hl7.org/fhir/R4/extensibility.html) for a list).","","","","","","","","","",,,,,"",,,,"Extension.value[x]",0,1,"","ele-1:All FHIR elements must have a @value or children {hasValue() or (children().count() > id.count())}
"
"FRLMCondition","FRLMCondition.period.onsetDate","FRLMCondition.period.onsetDate","","","",0,1,"","","","dateTime {[]} {[]}
","Date de début","Date de début","","","","","","","","","",,,,,"",,,,"FRLMCondition.period.onsetDate",0,1,"",""
"FRLMCondition","FRLMCondition.period.endDate","FRLMCondition.period.endDate","","","",0,1,"","","","dateTime {[]} {[]}
","Date de fin","Date de fin","","","","","","","","","",,,,,"",,,,"FRLMCondition.period.endDate",0,1,"",""
"FRLMCondition","FRLMCondition.severity","FRLMCondition.severity","","","",0,1,"","","","CodeableConcept {[]} {[]}
","Sévérité de la manifestion","Sévérité de la manifestion","","","","","","","","","",,"required","SNOMED_CT => Valeur issue du jdv-severite-observation-cisis (1.2.250.1.213.1.1.5.675)","https://smt.esante.gouv.fr/fhir/ValueSet/jdv-severite-observation-cisis|20260619134042","",,,,"FRLMCondition.severity",0,1,"",""
"FRLMCondition","FRLMCondition.clinicalStatus","FRLMCondition.clinicalStatus","","","",0,1,"","","","CodeableConcept {[]} {[]}
","Statut clinique du patient","Statut clinique du patient","","","","","","","","","",,,,,"",,,,"FRLMCondition.clinicalStatus",0,1,"",""
"FRLMCondition","FRLMCondition.bodySite","FRLMCondition.bodySite","","","",0,*,"","","","https://interop.esante.gouv.fr/ig/document-core/StructureDefinition/FRLMBodyStructure {[]} {[]}
","Localisation anatomique","Localisation anatomique","","","","","","","","","",,,,,"",,,,"FRLMCondition.bodySite",0,*,"",""
"FRLMCondition","FRLMCondition.stage","FRLMCondition.stage","","","",0,*,"","","","CodeableConcept {[]} {[]}
","Stade/Grade. codeSystem spécifique au contexte.
Binding Description: (preferred): e.g. TNM, ICD-O-3, Bi-Rads, Li-Rads, …","Stade/Grade. codeSystem spécifique au contexte.
Binding Description: (preferred): e.g. TNM, ICD-O-3, Bi-Rads, Li-Rads, …","","","","","","","","","",,,,,"",,,,"FRLMCondition.stage",0,*,"",""
"FRLMCondition","FRLMCondition.diagnosisAssertionStatus","FRLMCondition.diagnosisAssertionStatus","","","",0,1,"","","","CodeableConcept {[]} {[]}
","Certitude","Certitude","","","","","","","","","",,"required","Valeur issue du jdv-hl7-condition-ver-status-cisis (2.16.840.1.113883.4.642.3.166)","https://smt.esante.gouv.fr/fhir/ValueSet/jdv-hl7-condition-ver-status-cisis|20260619134042","",,,,"FRLMCondition.diagnosisAssertionStatus",0,1,"",""
"FRLMCondition","FRLMCondition.reference","FRLMCondition.reference","","","",1,*,"","","","uri {[]} {[]}
","Cet élément contient l’URL du document","Cet élément contient l’URL du document","","","","","","","","","",,,,,"",,,,"FRLMCondition.reference",1,*,"",""
"FRLMCondition","FRLMCondition.note","FRLMCondition.note","","","",0,1,"","","","string {[]} {[]}
","commentaire","commentaire","","","","","","","","","",,,,,"",,,,"FRLMCondition.note",0,1,"",""
"FRLMConsent","FRLMConsent","FRLMConsent","","","",0,*,"","","","null {[]} {[]}
","Logical model - FR LM Consent","Permet de documenter qu'un consentement éclairé a été obtenu et d'indiquer quel type de consentement a été fourni.","","","","","","","","","",,,,,"",,,,"Base",0,*,"",""
"FRLMConsent","FRLMConsent.identifier","FRLMConsent.identifier","","","",0,*,"","","","Identifier {[]} {[]}
","Identifiant du consentement.","Identifiant du consentement.","","","","","","","","","",,,,,"",,,,"FRLMConsent.identifier",0,*,"",""
"FRLMConsent","FRLMConsent.type","FRLMConsent.type","","","",1,1,"","","","CodeableConcept {[]} {[]}
","Type de consentement.","Type de consentement.","","","","","","","","","",,,,,"",,,,"FRLMConsent.type",1,1,"",""
"FRLMConsent","FRLMConsent.status","FRLMConsent.status","","","",1,1,"","","","CodeableConcept {[]} {[]}
","Statut du consentement.","Statut du consentement.","","","","","","","","","",,,,,"",,,,"FRLMConsent.status",1,1,"",""
"FRLMCorpsDocument","FRLMCorpsDocument","FRLMCorpsDocument","","","",0,*,"","","","null {[]} {[]}
","Logical model - FR LM Corps document","Eléments métier du corps d'un document contenant les sections du document.","","","","","","","","","",,,,,"",,,,"Base",0,*,"",""
"FRLMCorpsDocument","FRLMCorpsDocument.alerts","FRLMCorpsDocument.alerts","","","",0,*,"","","","https://interop.esante.gouv.fr/ig/document-core/StructureDefinition/FRLMAlerts {[]} {[]}
","Section Points de vigilance","Section Points de vigilance","","","","","","","","","",,,,,"",,,,"FRLMCorpsDocument.alerts",0,*,"",""
"FRLMCorpsDocument","FRLMCorpsDocument.allergiesAndIntolerances","FRLMCorpsDocument.allergiesAndIntolerances","","","",0,*,"","","","https://interop.esante.gouv.fr/ig/document-core/StructureDefinition/FRLMAllergiesAndIntolerances {[]} {[]}
","Section Allergies et hypersensibilités","Section Allergies et hypersensibilités","","","","","","","","","",,,,,"",,,,"FRLMCorpsDocument.allergiesAndIntolerances",0,*,"",""
"FRLMCorpsDocument","FRLMCorpsDocument.problems","FRLMCorpsDocument.problems","","","",0,*,"","","","https://interop.esante.gouv.fr/ig/document-core/StructureDefinition/FRLMProblems {[]} {[]}
","Section Problemès Actifs","Section Problemès Actifs","","","","","","","","","",,,,,"",,,,"FRLMCorpsDocument.problems",0,*,"",""
"FRLMCorpsDocument","FRLMCorpsDocument.medicationSummary","FRLMCorpsDocument.medicationSummary","","","",0,*,"","","","https://interop.esante.gouv.fr/ig/document-core/StructureDefinition/FRLMMedicationSummary {[]} {[]}
","Section Traitement","Section Traitement","","","","","","","","","",,,,,"",,,,"FRLMCorpsDocument.medicationSummary",0,*,"",""
"FRLMCorpsDocument","FRLMCorpsDocument.medicalDevicesAndImplants","FRLMCorpsDocument.medicalDevicesAndImplants","","","",0,*,"","","","https://interop.esante.gouv.fr/ig/document-core/StructureDefinition/FRLMMedicalDevicesAndImplants {[]} {[]}
","Section Dispositifs medicaux","Section Dispositifs medicaux","","","","","","","","","",,,,,"",,,,"FRLMCorpsDocument.medicalDevicesAndImplants",0,*,"",""
"FRLMCorpsDocument","FRLMCorpsDocument.procedures","FRLMCorpsDocument.procedures","","","",0,*,"","","","https://interop.esante.gouv.fr/ig/document-core/StructureDefinition/FRLMProcedures {[]} {[]}
","Section Historique des actes","Section Historique des actes","","","","","","","","","",,,,,"",,,,"FRLMCorpsDocument.procedures",0,*,"",""
"FRLMCorpsDocument","FRLMCorpsDocument.immunisations","FRLMCorpsDocument.immunisations","","","",0,*,"","","","https://interop.esante.gouv.fr/ig/document-core/StructureDefinition/FRLMImmunisations {[]} {[]}
","Section Vaccinations","Section Vaccinations","","","","","","","","","",,,,,"",,,,"FRLMCorpsDocument.immunisations",0,*,"",""
"FRLMCorpsDocument","FRLMCorpsDocument.functionalStatus","FRLMCorpsDocument.functionalStatus","","","",0,*,"","","","https://interop.esante.gouv.fr/ig/document-core/StructureDefinition/FRLMFunctionalStatus {[]} {[]}
","Section Statut fonctionnel","Section Statut fonctionnel","","","","","","","","","",,,,,"",,,,"FRLMCorpsDocument.functionalStatus",0,*,"",""
"FRLMCorpsDocument","FRLMCorpsDocument.socialHistory","FRLMCorpsDocument.socialHistory","","","",0,*,"","","","https://interop.esante.gouv.fr/ig/document-core/StructureDefinition/FRLMSocialHistory {[]} {[]}
","Section Habitus et modes de vie","Section Habitus et modes de vie","","","","","","","","","",,,,,"",,,,"FRLMCorpsDocument.socialHistory",0,*,"",""
"FRLMCorpsDocument","FRLMCorpsDocument.pregnancyHistory","FRLMCorpsDocument.pregnancyHistory","","","",0,*,"","","","https://interop.esante.gouv.fr/ig/document-core/StructureDefinition/FRLMSectionPregnancyHistory {[]} {[]}
","Section Historique des grossesses","Section Historique des grossesses","","","","","","","","","",,,,,"",,,,"FRLMCorpsDocument.pregnancyHistory",0,*,"",""
"FRLMCorpsDocument","FRLMCorpsDocument.advanceDirectives","FRLMCorpsDocument.advanceDirectives","","","",0,*,"","","","https://interop.esante.gouv.fr/ig/document-core/StructureDefinition/FRLMAdvanceDirectives {[]} {[]}
","Section Directives anticipées","Section Directives anticipées","","","","","","","","","",,,,,"",,,,"FRLMCorpsDocument.advanceDirectives",0,*,"",""
"FRLMCorpsDocument","FRLMCorpsDocument.observationResults","FRLMCorpsDocument.observationResults","","","",0,*,"","","","https://interop.esante.gouv.fr/ig/document-core/StructureDefinition/FRLMObservationResults {[]} {[]}
","Section Résultats","Section Résultats","","","","","","","","","",,,,,"",,,,"FRLMCorpsDocument.observationResults",0,*,"",""
"FRLMCorpsDocument","FRLMCorpsDocument.carePlans","FRLMCorpsDocument.carePlans","","","",0,*,"","","","https://interop.esante.gouv.fr/ig/document-core/StructureDefinition/FRLMCarePlans {[]} {[]}
","Section Plan de Soins","Section Plan de Soins","","","","","","","","","",,,,,"",,,,"FRLMCorpsDocument.carePlans",0,*,"",""
"FRLMCorpsDocument","FRLMCorpsDocument.familyMedicalHistory","FRLMCorpsDocument.familyMedicalHistory","","","",0,*,"","","","https://interop.esante.gouv.fr/ig/document-core/StructureDefinition/FRLMFamilyMedicalHistory {[]} {[]}
","Section Antécédents familiaux","Section Antécédents familiaux","","","","","","","","","",,,,,"",,,,"FRLMCorpsDocument.familyMedicalHistory",0,*,"",""
"FRLMCorpsDocument","FRLMCorpsDocument.historyOfPastIllness","FRLMCorpsDocument.historyOfPastIllness","","","",0,*,"","","","https://interop.esante.gouv.fr/ig/document-core/StructureDefinition/FRLMHistoryOfPastIllness {[]} {[]}
","Section Antécédents médicaux","Section Antécédents médicaux","","","","","","","","","",,,,,"",,,,"FRLMCorpsDocument.historyOfPastIllness",0,*,"",""
"FRLMCorpsDocument","FRLMCorpsDocument.predictableAdverseDrugReactions","FRLMCorpsDocument.predictableAdverseDrugReactions","","","",0,*,"","","","https://interop.esante.gouv.fr/ig/document-core/StructureDefinition/FRLMPredictableAdverseDrugReaction {[]} {[]}
","Section Effets indesirables","Section Effets indesirables","","","","","","","","","",,,,,"",,,,"FRLMCorpsDocument.predictableAdverseDrugReactions",0,*,"",""
"FRLMCorpsDocument","FRLMCorpsDocument.hazardousWorkingConditions","FRLMCorpsDocument.hazardousWorkingConditions","","","",0,*,"","","","https://interop.esante.gouv.fr/ig/document-core/StructureDefinition/FRLMHazardousWorkingConditions {[]} {[]}
","Section Facteurs de risque professionnels non Codé","Section Facteurs de risque professionnels non Codé","","","","","","","","","",,,,,"",,,,"FRLMCorpsDocument.hazardousWorkingConditions",0,*,"",""
"FRLMCorpsDocument","FRLMCorpsDocument.qrCode","FRLMCorpsDocument.qrCode","","","",0,*,"","","","https://interop.esante.gouv.fr/ig/document-core/StructureDefinition/FRLMQRCode {[]} {[]}
","Section Codes à barres","Section Codes à barres","","","","","","","","","",,,,,"",,,,"FRLMCorpsDocument.qrCode",0,*,"",""
"FRLMCorpsDocument","FRLMCorpsDocument.note","FRLMCorpsDocument.note","","","",0,*,"","","","https://interop.esante.gouv.fr/ig/document-core/StructureDefinition/FRLMNote {[]} {[]}
","Section Commentaire (Non-Codé)","Section Commentaire (Non-Codé)","","","","","","","","","",,,,,"",,,,"FRLMCorpsDocument.note",0,*,"",""
"FRLMCorpsDocument","FRLMCorpsDocument.medicationPrescriptions","FRLMCorpsDocument.medicationPrescriptions","","","",0,*,"","","","https://interop.esante.gouv.fr/ig/document-core/StructureDefinition/FRLMMedicationPrescription {[]} {[]}
","Section Prescription médicaments","Section Prescription médicaments","","","","","","","","","",,,,,"",,,,"FRLMCorpsDocument.medicationPrescriptions",0,*,"",""
"FRLMCorpsDocument","FRLMCorpsDocument.medicalDevicePrescriptions","FRLMCorpsDocument.medicalDevicePrescriptions","","","",0,*,"","","","https://interop.esante.gouv.fr/ig/document-core/StructureDefinition/FRLMMedicalDevicePrescriptions {[]} {[]}
","Section Prescription de dispositifs médicaux","Section Prescription de dispositifs médicaux","","","","","","","","","",,,,,"",,,,"FRLMCorpsDocument.medicalDevicePrescriptions",0,*,"",""
"FRLMCorpsDocument","FRLMCorpsDocument.presentedForm","FRLMCorpsDocument.presentedForm","","","",0,*,"","","","https://interop.esante.gouv.fr/ig/document-core/StructureDefinition/FRLMPresentedForm {[]} {[]}
","Section Document PDF-copie","Section Document PDF-copie","","","","","","","","","",,,,,"",,,,"FRLMCorpsDocument.presentedForm",0,*,"",""
"FRLMCorpsDocument","FRLMCorpsDocument.attachments","FRLMCorpsDocument.attachments","","","",0,*,"","","","https://interop.esante.gouv.fr/ig/document-core/StructureDefinition/FRLMAttachments {[]} {[]}
","Section Documents ajoutés","Section Documents ajoutés","","","","","","","","","",,,,,"",,,,"FRLMCorpsDocument.attachments",0,*,"",""
"FRLMCorpsDocument","FRLMCorpsDocument.travelHistory","FRLMCorpsDocument.travelHistory","","","",0,*,"","","","https://interop.esante.gouv.fr/ig/document-core/StructureDefinition/FRLMSectionTravelHistory {[]} {[]}
","Section Historique des voyages","Section Historique des voyages","","","","","","","","","",,,,,"",,,,"FRLMCorpsDocument.travelHistory",0,*,"",""
"FRLMCorpsDocument","FRLMCorpsDocument.patientStory","FRLMCorpsDocument.patientStory","","","",0,*,"","","","https://interop.esante.gouv.fr/ig/document-core/StructureDefinition/FRLMPatientStory {[]} {[]}
","Section Récit du patient","Section Récit du patient","","","","","","","","","",,,,,"",,,,"FRLMCorpsDocument.patientStory",0,*,"",""
"FRLMCorpsDocument","FRLMCorpsDocument.addendum","FRLMCorpsDocument.addendum","","","",0,*,"","","","https://interop.esante.gouv.fr/ig/document-core/StructureDefinition/FRLMAddendum {[]} {[]}
","Section Addendum","Section Addendum","","","","","","","","","",,,,,"",,,,"FRLMCorpsDocument.addendum",0,*,"",""
"FRLMCorpsDocument","FRLMCorpsDocument.vitalSigns","FRLMCorpsDocument.vitalSigns","","","",0,*,"","","","https://interop.esante.gouv.fr/ig/document-core/StructureDefinition/FRLMVitalSigns {[]} {[]}
","Section Signes vitaux","Section Signes vitaux","","","","","","","","","",,,,,"",,,,"FRLMCorpsDocument.vitalSigns",0,*,"",""
"FRLMCorpsDocument","FRLMCorpsDocument.resultData","FRLMCorpsDocument.resultData","","","",0,*,"","","","https://interop.esante.gouv.fr/ig/document-core/StructureDefinition/FRLMResultData {[]} {[]}
","section Compte rendu de biologie de 1er niveau","section Compte rendu de biologie de 1er niveau","","","","","","","","","",,,,,"",,,,"FRLMCorpsDocument.resultData",0,*,"",""
"FRLMCorpsDocument","FRLMCorpsDocument.examinationReport","FRLMCorpsDocument.examinationReport","","","",0,*,"","","","https://interop.esante.gouv.fr/ig/document-core/StructureDefinition/FRLMExaminationReport {[]} {[]}
","Section Acte d'imagerie","Section Acte d'imagerie","","","","","","","","","",,,,,"",,,,"FRLMCorpsDocument.examinationReport",0,*,"",""
"FRLMCorpsDocument","FRLMCorpsDocument.orderInformation","FRLMCorpsDocument.orderInformation","","","",0,*,"","","","https://interop.esante.gouv.fr/ig/document-core/StructureDefinition/FRLMOrderInformation {[]} {[]}
","Section Demande d'examen","Section Demande d'examen","","","","","","","","","",,,,,"",,,,"FRLMCorpsDocument.orderInformation",0,*,"",""
"FRLMCorpsDocument","FRLMCorpsDocument.comparisonStudy","FRLMCorpsDocument.comparisonStudy","","","",0,*,"","","","https://interop.esante.gouv.fr/ig/document-core/StructureDefinition/FRLMComparisonStudy {[]} {[]}
","Section Examen comparatif","Section Examen comparatif","","","","","","","","","",,,,,"",,,,"FRLMCorpsDocument.comparisonStudy",0,*,"",""
"FRLMCorpsDocument","FRLMCorpsDocument.exposureInformation","FRLMCorpsDocument.exposureInformation","","","",0,*,"","","","https://interop.esante.gouv.fr/ig/document-core/StructureDefinition/FRLMExposureInformation {[]} {[]}
","Section Exposition aux radiations","Section Exposition aux radiations","","","","","","","","","",,,,,"",,,,"FRLMCorpsDocument.exposureInformation",0,*,"",""
"FRLMCorpsDocument","FRLMCorpsDocument.supportingInformation","FRLMCorpsDocument.supportingInformation","","","",0,*,"","","","https://interop.esante.gouv.fr/ig/document-core/StructureDefinition/FRLMSupportingInformation {[]} {[]}
","Section Informations cliniques","Section Informations cliniques","","","","","","","","","",,,,,"",,,,"FRLMCorpsDocument.supportingInformation",0,*,"",""
"FRLMCorpsDocument","FRLMCorpsDocument.dicomStudyMetadata","FRLMCorpsDocument.dicomStudyMetadata","","","",0,*,"","","","https://interop.esante.gouv.fr/ig/document-core/StructureDefinition/FRLMDicomStudyMetadata {[]} {[]}
","Section object catalog","Section object catalog","","","","","","","","","",,,,,"",,,,"FRLMCorpsDocument.dicomStudyMetadata",0,*,"",""
"FRLMCorpsDocument","FRLMCorpsDocument.recommendation","FRLMCorpsDocument.recommendation","","","",0,*,"","","","https://interop.esante.gouv.fr/ig/document-core/StructureDefinition/FRLMRecommendation {[]} {[]}
","Section Recommandation","Section Recommandation","","","","","","","","","",,,,,"",,,,"FRLMCorpsDocument.recommendation",0,*,"",""
"FRLMCorpsDocument","FRLMCorpsDocument.conclusion","FRLMCorpsDocument.conclusion","","","",0,*,"","","","https://interop.esante.gouv.fr/ig/document-core/StructureDefinition/FRLMConclusion {[]} {[]}
","Section Conclusion","Section Conclusion","","","","","","","","","",,,,,"",,,,"FRLMCorpsDocument.conclusion",0,*,"",""
"FRLMCorpsDocument","FRLMCorpsDocument.medicationDispensations","FRLMCorpsDocument.medicationDispensations","","","",0,*,"","","","https://interop.esante.gouv.fr/ig/document-core/StructureDefinition/FRLMMedicationDispensations {[]} {[]}
","Section Dispensation médicaments","Section Dispensation médicaments","","","","","","","","","",,,,,"",,,,"FRLMCorpsDocument.medicationDispensations",0,*,"",""
"FRLMCorpsDocument","FRLMCorpsDocument.patientEducation","FRLMCorpsDocument.patientEducation","","","",0,*,"","","","https://interop.esante.gouv.fr/ig/document-core/StructureDefinition/FRLMPatientEducation {[]} {[]}
","Section Education du patient","Section Education du patient","","","","","","","","","",,,,,"",,,,"FRLMCorpsDocument.patientEducation",0,*,"",""
"FRLMCorpsDocument","FRLMCorpsDocument.patientHistory","FRLMCorpsDocument.patientHistory","","","",0,*,"","","","https://interop.esante.gouv.fr/ig/document-core/StructureDefinition/FRLMPatientHistory {[]} {[]}
","Section Historique du patient","Section Historique du patient","","","","","","","","","",,,,,"",,,,"FRLMCorpsDocument.patientHistory",0,*,"",""
"FRLMCorpsDocument","FRLMCorpsDocument.reasonForReferral","FRLMCorpsDocument.reasonForReferral","","","",0,*,"","","","https://interop.esante.gouv.fr/ig/document-core/StructureDefinition/FRLMReasonForReferral {[]} {[]}
","Section Raison de la recommandation","Section Raison de la recommandation","","","","","","","","","",,,,,"",,,,"FRLMCorpsDocument.reasonForReferral",0,*,"",""
"FRLMCorpsDocument","FRLMCorpsDocument.courseOfEncounter","FRLMCorpsDocument.courseOfEncounter","","","",0,*,"","","","https://interop.esante.gouv.fr/ig/document-core/StructureDefinition/FRLMCourseOfEncounter {[]} {[]}
","Section Résultats d'événements","Section Résultats d'événements","","","","","","","","","",,,,,"",,,,"FRLMCorpsDocument.courseOfEncounter",0,*,"",""
"FRLMCorpsDocument","FRLMCorpsDocument.hospitalDischargeMedications","FRLMCorpsDocument.hospitalDischargeMedications","","","",0,*,"","","","https://interop.esante.gouv.fr/ig/document-core/StructureDefinition/FRLMHospitalDischargeMedications {[]} {[]}
","Section Traitement à la sortie","Section Traitement à la sortie","","","","","","","","","",,,,,"",,,,"FRLMCorpsDocument.hospitalDischargeMedications",0,*,"",""
"FRLMCourseOfEncounter","FRLMCourseOfEncounter","FRLMCourseOfEncounter","","","",0,*,"","","","null {[]} {[]}
","Logical model - FR LM Course of encounter","Section Résultats d'événements","","","","","","","","","",,,,,"",,,,"Base",0,*,"",""
"FRLMCourseOfEncounter","FRLMCourseOfEncounter.codeSection","FRLMCourseOfEncounter.codeSection","","","",1,1,"","","","CodeableConcept {[]} {[]}
","Code de la section","Code de la section","","","","","","","","","",,,,,"",,,,"FRLMSection.codeSection",1,1,"",""
"FRLMCourseOfEncounter","FRLMCourseOfEncounter.titleSection","FRLMCourseOfEncounter.titleSection","","","",0,1,"","","","string {[]} {[]}
","Titre de la section","Titre de la section","","","","","","","","","",,,,,"",,,,"FRLMSection.titleSection",0,1,"",""
"FRLMCourseOfEncounter","FRLMCourseOfEncounter.description","FRLMCourseOfEncounter.description","","","",1,1,"","","","string {[]} {[]}
","Bloc narratif","Bloc narratif","","","","","","","","","",,,,,"",,,,"FRLMSection.description",1,1,"",""
"FRLMCourseOfEncounter","FRLMCourseOfEncounter.author[x]","FRLMCourseOfEncounter.author[x]","","","",0,*,"","","","Base {[]} {[]}
","author[x] peut correspondre soit à un professionnel, soit à une organisation, soit à un système.","author[x] peut correspondre soit à un professionnel, soit à une organisation, soit à un système.","","","","","","","","","",,,,,"",,,,"FRLMSection.author[x]",0,*,"",""
"FRLMCourseOfEncounter","FRLMCourseOfEncounter.author[x].authorProfessional","FRLMCourseOfEncounter.author[x].authorProfessional","","","",0,*,"","","","https://interop.esante.gouv.fr/ig/document-core/StructureDefinition/FRLMHealthProfessional {[]} {[]}
","L'auteur est un professionnel de santé","L'auteur est un professionnel de santé","","","","","","","","","",,,,,"",,,,"FRLMSection.author[x].authorProfessional",0,*,"",""
"FRLMCourseOfEncounter","FRLMCourseOfEncounter.author[x].authorOrganisation","FRLMCourseOfEncounter.author[x].authorOrganisation","","","",0,*,"","","","https://interop.esante.gouv.fr/ig/document-core/StructureDefinition/FRLMOrganisation {[]} {[]}
","L'auteur est une organisation","L'auteur est une organisation","","","","","","","","","",,,,,"",,,,"FRLMSection.author[x].authorOrganisation",0,*,"",""
"FRLMCourseOfEncounter","FRLMCourseOfEncounter.author[x].authorDevice","FRLMCourseOfEncounter.author[x].authorDevice","","","",0,*,"","","","https://interop.esante.gouv.fr/ig/document-core/StructureDefinition/FRLMDevice {[]} {[]}
","L'auteur est un système","L'auteur est un système","","","","","","","","","",,,,,"",,,,"FRLMSection.author[x].authorDevice",0,*,"",""
"FRLMCourseOfEncounter","FRLMCourseOfEncounter.informant","FRLMCourseOfEncounter.informant","","","",0,*,"","","","https://interop.esante.gouv.fr/ig/document-core/StructureDefinition/FRLMInformant {[]} {[]}
","Informateur","Informateur","","","","","","","","","",,,,,"",,,,"FRLMSection.informant",0,*,"",""
"FRLMCourseOfEncounter","FRLMCourseOfEncounter.subSection","FRLMCourseOfEncounter.subSection","","","",0,0,"","","","Base {[]} {[]}
","Sous-sections","Sous-sections","","","","","","","","","",,,,,"",,,,"FRLMSection.subSection",0,*,"",""
"FRLMCourseOfEncounter","FRLMCourseOfEncounter.entry","FRLMCourseOfEncounter.entry","","","",0,*,"","","","Base {[]} {[]}
","Entrées","Entrées","","","","","","","","","",,,,,"",,,,"FRLMSection.entry",0,*,"",""
"FRLMCourseOfEncounter","FRLMCourseOfEncounter.entry.testResults","FRLMCourseOfEncounter.entry.testResults","","","",1,*,"","","","https://interop.esante.gouv.fr/ig/document-core/StructureDefinition/FRLMObservation {[]} {[]}
","Résultats","Résultats","","","","","","","","","",,,,,"",,,,"FRLMCourseOfEncounter.entry.testResults",1,*,"",""
"FRLMCourseOfEncounter","FRLMCourseOfEncounter.entry.patientTransfer","FRLMCourseOfEncounter.entry.patientTransfer","","","",0,*,"","","","https://interop.esante.gouv.fr/ig/document-core/StructureDefinition/FRLMPatientTransfer {[]} {[]}
","Transfert du patient","Transfert du patient","","","","","","","","","",,,,,"",,,,"FRLMCourseOfEncounter.entry.patientTransfer",0,*,"",""
"FRLMCourseOfEncounter","FRLMCourseOfEncounter.entry.diagnosticSummary","FRLMCourseOfEncounter.entry.diagnosticSummary","","","",0,*,"","","","https://interop.esante.gouv.fr/ig/document-core/StructureDefinition/FRLMCondition {[]} {[]}
","Problème","Problème","","","","","","","","","",,,,,"",,,,"FRLMCourseOfEncounter.entry.diagnosticSummary",0,*,"",""
"FRLMCourseOfEncounter","FRLMCourseOfEncounter.entry.procedures","FRLMCourseOfEncounter.entry.procedures","","","",0,*,"","","","https://interop.esante.gouv.fr/ig/document-core/StructureDefinition/FRLMProcedure {[]} {[]}
","Acte","Acte","","","","","","","","","",,,,,"",,,,"FRLMCourseOfEncounter.entry.procedures",0,*,"",""
"FRLMCourseOfEncounter","FRLMCourseOfEncounter.entry.medicalDevicesAndImplants","FRLMCourseOfEncounter.entry.medicalDevicesAndImplants","","","",0,*,"","","","https://interop.esante.gouv.fr/ig/document-core/StructureDefinition/FRLMDeviceUse {[]} {[]}
","Dispositif médical et implant","Dispositif médical et implant","","","","","","","","","",,,,,"",,,,"FRLMCourseOfEncounter.entry.medicalDevicesAndImplants",0,*,"",""
"FRLMCourseOfEncounter","FRLMCourseOfEncounter.entry.medications","FRLMCourseOfEncounter.entry.medications","","","",0,*,"","","","https://interop.esante.gouv.fr/ig/document-core/StructureDefinition/FRLMMedicationAdministration {[]} {[]}
","Traitement administré pendant le séjour","Traitement administré pendant le séjour","","","","","","","","","",,,,,"",,,,"FRLMCourseOfEncounter.entry.medications",0,*,"",""
"FRLMCourseOfEncounter","FRLMCourseOfEncounter.entry.reactions","FRLMCourseOfEncounter.entry.reactions","","","",0,*,"","","","Base {[]} {[]}
","événement indésirable","événement indésirable","","","","","","","","","",,,,,"",,,,"FRLMCourseOfEncounter.entry.reactions",0,*,"",""
"FRLMCourseOfEncounter","FRLMCourseOfEncounter.entry.reactions.reactionDuringEncounter","FRLMCourseOfEncounter.entry.reactions.reactionDuringEncounter","","","",0,1,"","","","string {[]} {[]}
","Description sous forme textuelle des évènements indésirables survenus pendant l'hospitalisation","Description sous forme textuelle des évènements indésirables survenus pendant l'hospitalisation","","","","","","","","","",,,,,"",,,,"FRLMCourseOfEncounter.entry.reactions.reactionDuringEncounter",0,1,"",""
"FRLMCourseOfEncounter","FRLMCourseOfEncounter.entry.reactions.reactionFollowingAdministrationBloodDerivatives","FRLMCourseOfEncounter.entry.reactions.reactionFollowingAdministrationBloodDerivatives","","","",0,1,"","","","string {[]} {[]}
","Description sous forme textuelle des réactions indésirables survenues après l'administration de dérivés sanguins","Description sous forme textuelle des réactions indésirables survenues après l'administration de dérivés sanguins","","","","","","","","","",,,,,"",,,,"FRLMCourseOfEncounter.entry.reactions.reactionFollowingAdministrationBloodDerivatives",0,1,"",""
"FRLMCourseOfEncounter","FRLMCourseOfEncounter.entry.notes","FRLMCourseOfEncounter.entry.notes","","","",0,1,"","","","string {[]} {[]}
","Note","Note","","","","","","","","","",,,,,"",,,,"FRLMCourseOfEncounter.entry.notes",0,1,"",""
"FRLMDICOMMedicationAdministration","FRLMDICOMMedicationAdministration","FRLMDICOMMedicationAdministration","","","",0,*,"","","","null {[]} {[]}
","Logical model - FR LM DICOM Medication Administration","Administration de produit de santé dans le contexte de l'imagerie médicale","","","","","","","","","",,,,,"",,,,"Base",0,*,"",""
"FRLMDICOMMedicationAdministration","FRLMDICOMMedicationAdministration.header","FRLMDICOMMedicationAdministration.header","","","",1,1,"","","","Base {[]} {[]}
","Métadonnées de base","Métadonnées de base","","","","","","","","","",,,,,"",,,,"FRLMEntry.header",1,1,"",""
"FRLMDICOMMedicationAdministration","FRLMDICOMMedicationAdministration.header.subject","FRLMDICOMMedicationAdministration.header.subject","","","",1,1,"","","","https://interop.esante.gouv.fr/ig/document-core/StructureDefinition/FRLMPatient {[]} {[]}
","Patient / Usager","Patient / Usager","","","","","","","","","",,,,,"",,,,"FRLMEntry.header.subject",1,1,"",""
"FRLMDICOMMedicationAdministration","FRLMDICOMMedicationAdministration.header.identifier","FRLMDICOMMedicationAdministration.header.identifier","","","",0,*,"","","","Identifier {[]} {[]}
","Identifiant de l’entrée","Identifiant de l’entrée","","","","","","","","","",,,,,"",,,,"FRLMEntry.header.identifier",0,*,"",""
"FRLMDICOMMedicationAdministration","FRLMDICOMMedicationAdministration.header.author[x]","FRLMDICOMMedicationAdministration.header.author[x]","","","",0,*,"","","","Base {[]} {[]}
","author[x] peut correspondre soit à un professionnel, soit à une organisation, soit à un système.","author[x] peut correspondre soit à un professionnel, soit à une organisation, soit à un système.","","","","","","","","","",,,,,"",,,,"FRLMEntry.header.author[x]",0,*,"",""
"FRLMDICOMMedicationAdministration","FRLMDICOMMedicationAdministration.header.author[x].authorProfessional","FRLMDICOMMedicationAdministration.header.author[x].authorProfessional","","","",0,*,"","","","https://interop.esante.gouv.fr/ig/document-core/StructureDefinition/FRLMHealthProfessional {[]} {[]}
","L'auteur est un professionnel de santé","L'auteur est un professionnel de santé","","","","","","","","","",,,,,"",,,,"FRLMEntry.header.author[x].authorProfessional",0,*,"",""
"FRLMDICOMMedicationAdministration","FRLMDICOMMedicationAdministration.header.author[x].authorOrganisation","FRLMDICOMMedicationAdministration.header.author[x].authorOrganisation","","","",0,*,"","","","https://interop.esante.gouv.fr/ig/document-core/StructureDefinition/FRLMOrganisation {[]} {[]}
","L'auteur est une organisation","L'auteur est une organisation","","","","","","","","","",,,,,"",,,,"FRLMEntry.header.author[x].authorOrganisation",0,*,"",""
"FRLMDICOMMedicationAdministration","FRLMDICOMMedicationAdministration.header.author[x].authorDevice","FRLMDICOMMedicationAdministration.header.author[x].authorDevice","","","",0,*,"","","","https://interop.esante.gouv.fr/ig/document-core/StructureDefinition/FRLMDevice {[]} {[]}
","L'auteur est un système","L'auteur est un système","","","","","","","","","",,,,,"",,,,"FRLMEntry.header.author[x].authorDevice",0,*,"",""
"FRLMDICOMMedicationAdministration","FRLMDICOMMedicationAdministration.header.performer[x]","FRLMDICOMMedicationAdministration.header.performer[x]","","","",0,*,"","","","https://interop.esante.gouv.fr/ig/document-core/StructureDefinition/FRLMHealthProfessional {[]} {[]}
https://interop.esante.gouv.fr/ig/document-core/StructureDefinition/FRLMOrganisation {[]} {[]}","Exécutant (performer)","Exécutant (performer)","","","","","","","","","",,,,,"",,,,"FRLMEntry.header.performer[x]",0,*,"",""
"FRLMDICOMMedicationAdministration","FRLMDICOMMedicationAdministration.header.participant[x]","FRLMDICOMMedicationAdministration.header.participant[x]","","","",0,*,"","","","Base {[]} {[]}
","Participant","Participant","","","","","","","","","",,,,,"",,,,"FRLMEntry.header.participant[x]",0,*,"",""
"FRLMDICOMMedicationAdministration","FRLMDICOMMedicationAdministration.header.participant[x].participantProfessional","FRLMDICOMMedicationAdministration.header.participant[x].participantProfessional","","","",0,*,"","","","https://interop.esante.gouv.fr/ig/document-core/StructureDefinition/FRLMHealthProfessional {[]} {[]}
","Le participant est un professionnel de santé","Le participant est un professionnel de santé","","","","","","","","","",,,,,"",,,,"FRLMEntry.header.participant[x].participantProfessional",0,*,"",""
"FRLMDICOMMedicationAdministration","FRLMDICOMMedicationAdministration.header.participant[x].participantOrganisation","FRLMDICOMMedicationAdministration.header.participant[x].participantOrganisation","","","",0,*,"","","","https://interop.esante.gouv.fr/ig/document-core/StructureDefinition/FRLMOrganisation {[]} {[]}
","Le participant est une organisation","Le participant est une organisation","","","","","","","","","",,,,,"",,,,"FRLMEntry.header.participant[x].participantOrganisation",0,*,"",""
"FRLMDICOMMedicationAdministration","FRLMDICOMMedicationAdministration.header.participant[x].participantDevice","FRLMDICOMMedicationAdministration.header.participant[x].participantDevice","","","",0,*,"","","","https://interop.esante.gouv.fr/ig/document-core/StructureDefinition/FRLMDevice {[]} {[]}
","Le participant est un système","Le participant est un système","","","","","","","","","",,,,,"",,,,"FRLMEntry.header.participant[x].participantDevice",0,*,"",""
"FRLMDICOMMedicationAdministration","FRLMDICOMMedicationAdministration.header.informant","FRLMDICOMMedicationAdministration.header.informant","","","",0,*,"","","","https://interop.esante.gouv.fr/ig/document-core/StructureDefinition/FRLMInformant {[]} {[]}
","Informateur","Informateur","","","","","","","","","",,,,,"",,,,"FRLMEntry.header.informant",0,*,"",""
"FRLMDICOMMedicationAdministration","FRLMDICOMMedicationAdministration.header.date","FRLMDICOMMedicationAdministration.header.date","","","",0,1,"","","","dateTime {[]} {[]}
","Date/Heure de création par l'auteur","Date/Heure de création par l'auteur","","","","","","","","","",,,,,"",,,,"FRLMEntry.header.date",0,1,"",""
"FRLMDICOMMedicationAdministration","FRLMDICOMMedicationAdministration.header.status","FRLMDICOMMedicationAdministration.header.status","","","",0,1,"","","","CodeableConcept {[]} {[]}
","Statut","Statut","","","","","","","","","",,,,,"",,,,"FRLMEntry.header.status",0,1,"",""
"FRLMDICOMMedicationAdministration","FRLMDICOMMedicationAdministration.header.source","FRLMDICOMMedicationAdministration.header.source","","","",0,1,"","","","CodeableConcept {[]} {[]}
","Source","Source","","","","","","","","","",,,,,"",,,,"FRLMEntry.header.source",0,1,"",""
"FRLMDICOMMedicationAdministration","FRLMDICOMMedicationAdministration.header.language","FRLMDICOMMedicationAdministration.header.language","","","",0,1,"","","","CodeableConcept {[]} {[]}
","'fr-FR' pour français métropolitain (la casse des caractères doit être respectée)
La partie en minuscules indique le code de la langue utilisée (ISO-639-1)
La partie en majuscules indique le code pays (ISO-3166)","'fr-FR' pour français métropolitain (la casse des caractères doit être respectée)
La partie en minuscules indique le code de la langue utilisée (ISO-639-1)
La partie en majuscules indique le code pays (ISO-3166)","","","","","","","","","",,,,,"",,,,"FRLMEntry.header.language",0,1,"",""
"FRLMDICOMMedicationAdministration","FRLMDICOMMedicationAdministration.voieAdministration","FRLMDICOMMedicationAdministration.voieAdministration","","","",0,1,"","","","CodeableConcept {[]} {[]}
","Voie d'administration","Voie d'administration","","","","","","","","","",,"required","EDQM (0.4.0.127.0.16.1.1.2.1)","","",,,,"FRLMDICOMMedicationAdministration.voieAdministration",0,1,"",""
"FRLMDICOMMedicationAdministration","FRLMDICOMMedicationAdministration.dose","FRLMDICOMMedicationAdministration.dose","","","",0,1,"","","","Quantity {[]} {[]}
","Dose à administrer","Dose à administrer","","","","","","","","","",,,,,"",,,,"FRLMDICOMMedicationAdministration.dose",0,1,"",""
"FRLMDICOMMedicationAdministration","FRLMDICOMMedicationAdministration.rythme","FRLMDICOMMedicationAdministration.rythme","","","",0,1,"","","","Range {[]} {[]}
","Rythme d'administration","Rythme d'administration","","","","","","","","","",,,,,"",,,,"FRLMDICOMMedicationAdministration.rythme",0,1,"",""
"FRLMDICOMMedicationAdministration","FRLMDICOMMedicationAdministration.medicament","FRLMDICOMMedicationAdministration.medicament","","","",1,1,"","","","Base {[]} {[]}
","Médicament","Médicament","","","","","","","","","",,,,,"",,,,"FRLMDICOMMedicationAdministration.medicament",1,1,"",""
"FRLMDICOMMedicationAdministration","FRLMDICOMMedicationAdministration.medicament.produit","FRLMDICOMMedicationAdministration.medicament.produit","","","",1,1,"","","","Base {[]} {[]}
","Produit de santé","Produit de santé","","","","","","","","","",,,,,"",,,,"FRLMDICOMMedicationAdministration.medicament.produit",1,1,"",""
"FRLMDICOMMedicationAdministration","FRLMDICOMMedicationAdministration.medicament.produit.codeProduit","FRLMDICOMMedicationAdministration.medicament.produit.codeProduit","","","",0,1,"","","","CodeableConcept {[]} {[]}
","Code du produit","Code du produit","","","","","","","","","",,"required","UCD (1.2.250.1.213.2.61) + code ATC","","",,,,"FRLMDICOMMedicationAdministration.medicament.produit.codeProduit",0,1,"","ele-1:All FHIR elements must have a @value or children {hasValue() or (children().count() > id.count())}
"
"FRLMDICOMMedicationAdministration","FRLMDICOMMedicationAdministration.medicament.produit.codeProduit.id","FRLMDICOMMedicationAdministration.medicament.produit.codeProduit.id","","","",0,1,"","","","string {[]} {[]}
","Unique id for inter-element referencing","Unique id for the element within a resource (for internal references). This may be any string value that does not contain spaces.","","","","","","","","","",,,,,"",,,,"Element.id",0,1,"",""
"FRLMDICOMMedicationAdministration","FRLMDICOMMedicationAdministration.medicament.produit.codeProduit.extension","FRLMDICOMMedicationAdministration.medicament.produit.codeProduit.extension","","extensions
user content","",0,*,"","","","Extension {[]} {[]}
","Additional content defined by implementations","May be used to represent additional information that is not part of the basic definition of the element. To make the use of extensions safe and manageable, there is a strict set of governance  applied to the definition and use of extensions. Though any implementer can define an extension, there is a set of requirements that SHALL be met as part of the definition of the extension.","There can be no stigma associated with the use of extensions by any application, project, or standard - regardless of the institution or jurisdiction that uses or defines the extensions.  The use of extensions is what allows the FHIR specification to retain a core level of simplicity for everyone.","","","","","","","","",,,,,"","value:url}
","Extensions are always sliced by (at least) url",,"open","Element.extension",0,*,"","ele-1:All FHIR elements must have a @value or children {hasValue() or (children().count() > id.count())}
ext-1:Must have either extensions or value[x], not both {extension.exists() != value.exists()}"
"FRLMDICOMMedicationAdministration","FRLMDICOMMedicationAdministration.medicament.produit.codeProduit.coding","FRLMDICOMMedicationAdministration.medicament.produit.codeProduit.coding","","","",0,*,"","","Y","Coding {[]} {[]}
","Code defined by a terminology system","A reference to a code defined by a terminology system.","Codes may be defined very casually in enumerations, or code lists, up to very formal definitions such as SNOMED CT - see the HL7 v3 Core Principles for more information.  Ordering of codings is undefined and SHALL NOT be used to infer meaning. Generally, at most only one of the coding values will be labeled as UserSelected = true.","Allows for alternative encodings within a code system, and translations to other code systems.","","","","","","","",,,,,"",,,,"CodeableConcept.coding",0,*,"","ele-1:All FHIR elements must have a @value or children {hasValue() or (children().count() > id.count())}
"
"FRLMDICOMMedicationAdministration","FRLMDICOMMedicationAdministration.medicament.produit.codeProduit.text","FRLMDICOMMedicationAdministration.medicament.produit.codeProduit.text","","","",0,1,"","","Y","string {[]} {[]}
","Plain text representation of the concept","A human language representation of the concept as seen/selected/uttered by the user who entered the data and/or which represents the intended meaning of the user.","Very often the text is the same as a displayName of one of the codings.","The codes from the terminologies do not always capture the correct meaning with all the nuances of the human using them, or sometimes there is no appropriate code at all. In these cases, the text is used to capture the full meaning of the source.","","","","","","","",,,,,"",,,,"CodeableConcept.text",0,1,"","ele-1:All FHIR elements must have a @value or children {hasValue() or (children().count() > id.count())}
"
"FRLMDICOMMedicationAdministration","FRLMDICOMMedicationAdministration.medicament.produit.codeProduit.autreCodification","FRLMDICOMMedicationAdministration.medicament.produit.codeProduit.autreCodification","","","",0,1,"","","","CodeableConcept {[]} {[]}
","Autre(s) codification(s)","Autre(s) codification(s)","","","","","","","","","",,"required","ATC (2.16.840.1.113883.6.73) or CIS (1.2.250.1.213.2.3.1) or MV (1.2.250.1.213.2.59)","","",,,,"FRLMDICOMMedicationAdministration.medicament.produit.codeProduit.autreCodification",0,1,"",""
"FRLMDICOMMedicationAdministration","FRLMDICOMMedicationAdministration.medicament.produit.nomMarque","FRLMDICOMMedicationAdministration.medicament.produit.nomMarque","","","",0,1,"","","","string {[]} {[]}
","Nom de marque du produit","Nom de marque du produit","","","","","","","","","",,,,,"",,,,"FRLMDICOMMedicationAdministration.medicament.produit.nomMarque",0,1,"",""
"FRLMDICOMMedicationAdministration","FRLMDICOMMedicationAdministration.medicament.produit.numeroLot","FRLMDICOMMedicationAdministration.medicament.produit.numeroLot","","","",0,1,"","","","string {[]} {[]}
","Numéro de lot","Numéro de lot","","","","","","","","","",,,,,"",,,,"FRLMDICOMMedicationAdministration.medicament.produit.numeroLot",0,1,"",""
"FRLMDataEnterer","FRLMDataEnterer","FRLMDataEnterer","","","",0,1,"","","","null {[]} {[]}
","Logical model - FR LM Data Enterer","Opérateur de saisie de la totalité ou d'une partie du contenu du document.","","","","","","","","","",,,,,"",,,,"Base",0,*,"",""
"FRLMDataEnterer","FRLMDataEnterer.date","FRLMDataEnterer.date","","","",1,1,"","","","dateTime {[]} {[]}
","Date de la saisie.","Date de la saisie.","","","","","","","","","",,,,,"",,,,"FRLMDataEnterer.date",1,1,"",""
"FRLMDataEnterer","FRLMDataEnterer.dataEnterer[x]","FRLMDataEnterer.dataEnterer[x]","","","",1,1,"","","","https://interop.esante.gouv.fr/ig/document-core/StructureDefinition/FRLMHealthProfessional {[]} {[]}
https://interop.esante.gouv.fr/ig/document-core/StructureDefinition/FRLMPatient {[]} {[]}","Opérateur de saisie","Opérateur de saisie","","","","","","","","","",,,,,"",,,,"FRLMDataEnterer.dataEnterer[x]",1,1,"",""
"FRLMDevice","FRLMDevice","FRLMDevice","","","",0,*,"","","","null {[]} {[]}
","Logical model - Device","Dispositif médical","","","","","","","","","",,,,,"",,,,"Base",0,*,"",""
"FRLMDevice","FRLMDevice.identifier","FRLMDevice.identifier","","","",0,*,"","","","Identifier {[]} {[]}
","Identifiant du DM","Identifiant du DM","","","","","","","","","",,,,,"",,,,"FRLMDevice.identifier",0,*,"",""
"FRLMDevice","FRLMDevice.udi","FRLMDevice.udi","","","",0,1,"","","","Identifier {[]} {[]}
","Identifiant unique du DM (UDI)","Identifiant unique du DM (UDI)","","","","","","","","","",,,,,"",,,,"FRLMDevice.udi",0,1,"",""
"FRLMDevice","FRLMDevice.manufacturer","FRLMDevice.manufacturer","","","",0,1,"","","","string {[]} {[]}
","Nom du fabricant du DM. Si le code du fabricant est inclus dans l'identifiant, le nom du fabricant doit correspondre à ce code.","Nom du fabricant du DM. Si le code du fabricant est inclus dans l'identifiant, le nom du fabricant doit correspondre à ce code.","","","","","","","","","",,,,,"",,,,"FRLMDevice.manufacturer",0,1,"",""
"FRLMDevice","FRLMDevice.manufactureDate","FRLMDevice.manufactureDate","","","",0,1,"","","","dateTime {[]} {[]}
","Date d'heure de production du DM","Date d'heure de production du DM","","","","","","","","","",,,,,"",,,,"FRLMDevice.manufactureDate",0,1,"",""
"FRLMDevice","FRLMDevice.expiryDate","FRLMDevice.expiryDate","","","",0,1,"","","","dateTime {[]} {[]}
","Date d'expiration du DM","Date d'expiration du DM","","","","","","","","","",,,,,"",,,,"FRLMDevice.expiryDate",0,1,"",""
"FRLMDevice","FRLMDevice.lotNumber","FRLMDevice.lotNumber","","","",0,1,"","","","string {[]} {[]}
","Numéro de lot du DM. Optionnel si le numéro de lot est inclus dans l'identifiant.","Numéro de lot du DM. Optionnel si le numéro de lot est inclus dans l'identifiant.","","","","","","","","","",,,,,"",,,,"FRLMDevice.lotNumber",0,1,"",""
"FRLMDevice","FRLMDevice.serialNumber","FRLMDevice.serialNumber","","","",0,1,"","","","string {[]} {[]}
","Numéro de série attribué par le fabricant. Optionnel si le numéro de série est inclus dans l'identifiant.","Numéro de série attribué par le fabricant. Optionnel si le numéro de série est inclus dans l'identifiant.","","","","","","","","","",,,,,"",,,,"FRLMDevice.serialNumber",0,1,"",""
"FRLMDevice","FRLMDevice.name","FRLMDevice.name","","","",0,*,"","","","Base {[]} {[]}
","Nom du DM","Nom du DM","","","","","","","","","",,,,,"",,,,"FRLMDevice.name",0,*,"",""
"FRLMDevice","FRLMDevice.name.value","FRLMDevice.name.value","","","",1,1,"","","","string {[]} {[]}
","Nom du DM (ex Nom du DM associé à l'UDI, Nom commercial du DM attribué par le fabricant)","Nom du DM (ex Nom du DM associé à l'UDI, Nom commercial du DM attribué par le fabricant)","","","","","","","","","",,,,,"",,,,"FRLMDevice.name.value",1,1,"",""
"FRLMDevice","FRLMDevice.name.type","FRLMDevice.name.type","","","",1,1,"","","","CodeableConcept {[]} {[]}
","Type de nom du DM (ex Nom du DM associé à l'UDI, nom commercial du DM attribué par le fabricant)","Type de nom du DM (ex Nom du DM associé à l'UDI, nom commercial du DM attribué par le fabricant)","","","","","","","","","",,,,,"",,,,"FRLMDevice.name.type",1,1,"",""
"FRLMDevice","FRLMDevice.modelNumber","FRLMDevice.modelNumber","","","",0,1,"","","","string {[]} {[]}
","Numéro de modèle attribué par le fabricant.","Numéro de modèle attribué par le fabricant.","","","","","","","","","",,,,,"",,,,"FRLMDevice.modelNumber",0,1,"",""
"FRLMDevice","FRLMDevice.version","FRLMDevice.version","","","",0,*,"","","","string {[]} {[]}
","Version du DM","Version du DM","","","","","","","","","",,,,,"",,,,"FRLMDevice.version",0,*,"",""
"FRLMDevice","FRLMDevice.type","FRLMDevice.type","","","",1,1,"","","","CodeableConcept {[]} {[]}
","Type de DM - EMDN (1.2.250.1.213.2.68)","Type de DM - EMDN (1.2.250.1.213.2.68)","","","","","","","","","",,,,,"",,,,"FRLMDevice.type",1,1,"",""
"FRLMDevice","FRLMDevice.note","FRLMDevice.note","","","",0,1,"","","","string {[]} {[]}
","Commentaire","Commentaire","","","","","","","","","",,,,,"",,,,"FRLMDevice.note",0,1,"",""
"FRLMDeviceUse","FRLMDeviceUse","FRLMDeviceUse","","","",0,*,"","","","null {[]} {[]}
","Logical model - FR LM Device use","Dispositif médical usage","","","","","","","","","",,,,,"",,,,"Base",0,*,"",""
"FRLMDeviceUse","FRLMDeviceUse.header","FRLMDeviceUse.header","","","",1,1,"","","","Base {[]} {[]}
","Métadonnées de base","Métadonnées de base","","","","","","","","","",,,,,"",,,,"FRLMEntry.header",1,1,"",""
"FRLMDeviceUse","FRLMDeviceUse.header.subject","FRLMDeviceUse.header.subject","","","",1,1,"","","","https://interop.esante.gouv.fr/ig/document-core/StructureDefinition/FRLMPatient {[]} {[]}
","Patient / Usager","Patient / Usager","","","","","","","","","",,,,,"",,,,"FRLMEntry.header.subject",1,1,"",""
"FRLMDeviceUse","FRLMDeviceUse.header.identifier","FRLMDeviceUse.header.identifier","","","",0,*,"","","","Identifier {[]} {[]}
","Identifiant de l’entrée","Identifiant de l’entrée","","","","","","","","","",,,,,"",,,,"FRLMEntry.header.identifier",0,*,"",""
"FRLMDeviceUse","FRLMDeviceUse.header.author[x]","FRLMDeviceUse.header.author[x]","","","",0,*,"","","","Base {[]} {[]}
","author[x] peut correspondre soit à un professionnel, soit à une organisation, soit à un système.","author[x] peut correspondre soit à un professionnel, soit à une organisation, soit à un système.","","","","","","","","","",,,,,"",,,,"FRLMEntry.header.author[x]",0,*,"",""
"FRLMDeviceUse","FRLMDeviceUse.header.author[x].authorProfessional","FRLMDeviceUse.header.author[x].authorProfessional","","","",0,*,"","","","https://interop.esante.gouv.fr/ig/document-core/StructureDefinition/FRLMHealthProfessional {[]} {[]}
","L'auteur est un professionnel de santé","L'auteur est un professionnel de santé","","","","","","","","","",,,,,"",,,,"FRLMEntry.header.author[x].authorProfessional",0,*,"",""
"FRLMDeviceUse","FRLMDeviceUse.header.author[x].authorOrganisation","FRLMDeviceUse.header.author[x].authorOrganisation","","","",0,*,"","","","https://interop.esante.gouv.fr/ig/document-core/StructureDefinition/FRLMOrganisation {[]} {[]}
","L'auteur est une organisation","L'auteur est une organisation","","","","","","","","","",,,,,"",,,,"FRLMEntry.header.author[x].authorOrganisation",0,*,"",""
"FRLMDeviceUse","FRLMDeviceUse.header.author[x].authorDevice","FRLMDeviceUse.header.author[x].authorDevice","","","",0,*,"","","","https://interop.esante.gouv.fr/ig/document-core/StructureDefinition/FRLMDevice {[]} {[]}
","L'auteur est un système","L'auteur est un système","","","","","","","","","",,,,,"",,,,"FRLMEntry.header.author[x].authorDevice",0,*,"",""
"FRLMDeviceUse","FRLMDeviceUse.header.performer[x]","FRLMDeviceUse.header.performer[x]","","","",0,*,"","","","https://interop.esante.gouv.fr/ig/document-core/StructureDefinition/FRLMHealthProfessional {[]} {[]}
https://interop.esante.gouv.fr/ig/document-core/StructureDefinition/FRLMOrganisation {[]} {[]}","Exécutant (performer)","Exécutant (performer)","","","","","","","","","",,,,,"",,,,"FRLMEntry.header.performer[x]",0,*,"",""
"FRLMDeviceUse","FRLMDeviceUse.header.participant[x]","FRLMDeviceUse.header.participant[x]","","","",0,*,"","","","Base {[]} {[]}
","Participant","Participant","","","","","","","","","",,,,,"",,,,"FRLMEntry.header.participant[x]",0,*,"",""
"FRLMDeviceUse","FRLMDeviceUse.header.participant[x].participantProfessional","FRLMDeviceUse.header.participant[x].participantProfessional","","","",0,*,"","","","https://interop.esante.gouv.fr/ig/document-core/StructureDefinition/FRLMHealthProfessional {[]} {[]}
","Le participant est un professionnel de santé","Le participant est un professionnel de santé","","","","","","","","","",,,,,"",,,,"FRLMEntry.header.participant[x].participantProfessional",0,*,"",""
"FRLMDeviceUse","FRLMDeviceUse.header.participant[x].participantOrganisation","FRLMDeviceUse.header.participant[x].participantOrganisation","","","",0,*,"","","","https://interop.esante.gouv.fr/ig/document-core/StructureDefinition/FRLMOrganisation {[]} {[]}
","Le participant est une organisation","Le participant est une organisation","","","","","","","","","",,,,,"",,,,"FRLMEntry.header.participant[x].participantOrganisation",0,*,"",""
"FRLMDeviceUse","FRLMDeviceUse.header.participant[x].participantDevice","FRLMDeviceUse.header.participant[x].participantDevice","","","",0,*,"","","","https://interop.esante.gouv.fr/ig/document-core/StructureDefinition/FRLMDevice {[]} {[]}
","Le participant est un système","Le participant est un système","","","","","","","","","",,,,,"",,,,"FRLMEntry.header.participant[x].participantDevice",0,*,"",""
"FRLMDeviceUse","FRLMDeviceUse.header.informant","FRLMDeviceUse.header.informant","","","",0,*,"","","","https://interop.esante.gouv.fr/ig/document-core/StructureDefinition/FRLMInformant {[]} {[]}
","Informateur","Informateur","","","","","","","","","",,,,,"",,,,"FRLMEntry.header.informant",0,*,"",""
"FRLMDeviceUse","FRLMDeviceUse.header.date","FRLMDeviceUse.header.date","","","",0,1,"","","","dateTime {[]} {[]}
","Date/Heure de création par l'auteur","Date/Heure de création par l'auteur","","","","","","","","","",,,,,"",,,,"FRLMEntry.header.date",0,1,"",""
"FRLMDeviceUse","FRLMDeviceUse.header.status","FRLMDeviceUse.header.status","","","",1,1,"","","","CodeableConcept {[]} {[]}
","Status de l'utilisation du DM (ex active, completed, etc).","Statut","","","","","","","","","",,"required","Valeur issue du http://hl7.org/fhir/ValueSet/device-statement-status","https://hl7.org/fhir/R4/valueset-device-statement-status.html","",,,,"FRLMEntry.header.status",0,1,"",""
"FRLMDeviceUse","FRLMDeviceUse.header.source","FRLMDeviceUse.header.source","","","",0,1,"","","","CodeableConcept {[]} {[]}
","Source","Source","","","","","","","","","",,,,,"",,,,"FRLMEntry.header.source",0,1,"",""
"FRLMDeviceUse","FRLMDeviceUse.header.language","FRLMDeviceUse.header.language","","","",0,1,"","","","CodeableConcept {[]} {[]}
","'fr-FR' pour français métropolitain (la casse des caractères doit être respectée)
La partie en minuscules indique le code de la langue utilisée (ISO-639-1)
La partie en majuscules indique le code pays (ISO-3166)","'fr-FR' pour français métropolitain (la casse des caractères doit être respectée)
La partie en minuscules indique le code de la langue utilisée (ISO-639-1)
La partie en majuscules indique le code pays (ISO-3166)","","","","","","","","","",,,,,"",,,,"FRLMEntry.header.language",0,1,"",""
"FRLMDeviceUse","FRLMDeviceUse.periodOfUse","FRLMDeviceUse.periodOfUse","","","",1,1,"","","","Extension {[CanonicalType[http://hl7.org/fhir/StructureDefinition/organization-period|5.3.0]]} {[]}
","Période d'utilisation ou de présence chez le patient","Période d'utilisation ou de présence chez le patient","","","","","","","","","",,,,,"",,,,"FRLMDeviceUse.periodOfUse",1,1,"","ele-1:All FHIR elements must have a @value or children {hasValue() or (children().count() > id.count())}
ext-1:Must have either extensions or value[x], not both {extension.exists() != value.exists()}"
"FRLMDeviceUse","FRLMDeviceUse.periodOfUse.id","FRLMDeviceUse.periodOfUse.id","","","",0,1,"","","","string {[]} {[]}
","Unique id for inter-element referencing","Unique id for the element within a resource (for internal references). This may be any string value that does not contain spaces.","","","","","","","","","",,,,,"",,,,"Element.id",0,1,"",""
"FRLMDeviceUse","FRLMDeviceUse.periodOfUse.extension","FRLMDeviceUse.periodOfUse.extension","","extensions
user content","",0,*,"","","","Extension {[]} {[]}
","Additional content defined by implementations","May be used to represent additional information that is not part of the basic definition of the element. To make the use of extensions safe and manageable, there is a strict set of governance  applied to the definition and use of extensions. Though any implementer can define an extension, there is a set of requirements that SHALL be met as part of the definition of the extension.","There can be no stigma associated with the use of extensions by any application, project, or standard - regardless of the institution or jurisdiction that uses or defines the extensions.  The use of extensions is what allows the FHIR specification to retain a core level of simplicity for everyone.","","","","","","","","",,,,,"","value:url}
","Extensions are always sliced by (at least) url",,"open","Element.extension",0,*,"","ele-1:All FHIR elements must have a @value or children {hasValue() or (children().count() > id.count())}
ext-1:Must have either extensions or value[x], not both {extension.exists() != value.exists()}"
"FRLMDeviceUse","FRLMDeviceUse.periodOfUse.url","FRLMDeviceUse.periodOfUse.url","","","",1,1,"","","","uri {[]} {[]}
","identifies the meaning of the extension","Source of the definition for the extension code - a logical name or a URL.","The definition may point directly to a computable or human-readable definition of the extensibility codes, or it may be a logical URI as declared in some other specification. The definition SHALL be a URI for the Structure Definition defining the extension.","","","","","","","","",,,,,"",,,,"Extension.url",1,1,"",""
"FRLMDeviceUse","FRLMDeviceUse.periodOfUse.value[x]","FRLMDeviceUse.periodOfUse.value[x]","","","",0,1,"","","","base64Binary {[]} {[]}
boolean {[]} {[]}canonical {[]} {[]}code {[]} {[]}date {[]} {[]}dateTime {[]} {[]}decimal {[]} {[]}id {[]} {[]}instant {[]} {[]}integer {[]} {[]}markdown {[]} {[]}oid {[]} {[]}positiveInt {[]} {[]}string {[]} {[]}time {[]} {[]}unsignedInt {[]} {[]}uri {[]} {[]}url {[]} {[]}uuid {[]} {[]}Address {[]} {[]}Age {[]} {[]}Annotation {[]} {[]}Attachment {[]} {[]}CodeableConcept {[]} {[]}Coding {[]} {[]}ContactPoint {[]} {[]}Count {[]} {[]}Distance {[]} {[]}Duration {[]} {[]}HumanName {[]} {[]}Identifier {[]} {[]}Money {[]} {[]}Period {[]} {[]}Quantity {[]} {[]}Range {[]} {[]}Ratio {[]} {[]}Reference {[]} {[]}SampledData {[]} {[]}Signature {[]} {[]}Timing {[]} {[]}ContactDetail {[]} {[]}Contributor {[]} {[]}DataRequirement {[]} {[]}Expression {[]} {[]}ParameterDefinition {[]} {[]}RelatedArtifact {[]} {[]}TriggerDefinition {[]} {[]}UsageContext {[]} {[]}Dosage {[]} {[]}Meta {[]} {[]}","Value of extension","Value of extension - must be one of a constrained set of the data types (see [Extensibility](http://hl7.org/fhir/R4/extensibility.html) for a list).","","","","","","","","","",,,,,"",,,,"Extension.value[x]",0,1,"","ele-1:All FHIR elements must have a @value or children {hasValue() or (children().count() > id.count())}
"
"FRLMDeviceUse","FRLMDeviceUse.periodOfUse.onsetDate","FRLMDeviceUse.periodOfUse.onsetDate","","","",0,1,"","","","dateTime {[]} {[]}
","Date de début","Date de début","","","","","","","","","",,,,,"",,,,"FRLMDeviceUse.periodOfUse.onsetDate",0,1,"",""
"FRLMDeviceUse","FRLMDeviceUse.periodOfUse.endDate","FRLMDeviceUse.periodOfUse.endDate","","","",0,1,"","","","dateTime {[]} {[]}
","Date de fin","Date de fin","","","","","","","","","",,,,,"",,,,"FRLMDeviceUse.periodOfUse.endDate",0,1,"",""
"FRLMDeviceUse","FRLMDeviceUse.periodOfUse.duration","FRLMDeviceUse.periodOfUse.duration","","","",0,1,"","","","dateTime {[]} {[]}
","Durée d'utilisation","Durée d'utilisation","","","","","","","","","",,,,,"",,,,"FRLMDeviceUse.periodOfUse.duration",0,1,"",""
"FRLMDeviceUse","FRLMDeviceUse.device","FRLMDeviceUse.device","","","",1,1,"","","","https://interop.esante.gouv.fr/ig/document-core/StructureDefinition/FRLMDevice {[]} {[]}
","Dispositif médical","Dispositif médical","","","","","","","","","",,,,,"",,,,"FRLMDeviceUse.device",1,1,"",""
"FRLMDeviceUse","FRLMDeviceUse.bodySite","FRLMDeviceUse.bodySite","","","",0,1,"","","","https://interop.esante.gouv.fr/ig/document-core/StructureDefinition/FRLMBodyStructure {[]} {[]}
","localisation anatomique. Le code de la localisation doit être issu de SNOMED CT (2.16.840.1.113883.6.96)","localisation anatomique. Le code de la localisation doit être issu de SNOMED CT (2.16.840.1.113883.6.96)","","","","","","","","","",,,,,"",,,,"FRLMDeviceUse.bodySite",0,1,"",""
"FRLMDeviceUse","FRLMDeviceUse.reason[x]","FRLMDeviceUse.reason[x]","","","",0,*,"","","","CodeableConcept {[]} {[]}
https://interop.esante.gouv.fr/ig/document-core/StructureDefinition/FRLMCondition {[]} {[]}https://interop.esante.gouv.fr/ig/document-core/StructureDefinition/FRLMObservation {[]} {[]}https://interop.esante.gouv.fr/ig/document-core/StructureDefinition/FRLMProcedure {[]} {[]}","Motif de l'utilisation du dispositif médical.
 - motif codé (spécifique à un  contexte)
 - motif : un problème
 - motif : une observation
 - motif : un acte","Motif de l'utilisation du dispositif médical.
 - motif codé (spécifique à un  contexte)
 - motif : un problème
 - motif : une observation
 - motif : un acte","","","","","","","","","",,,,,"",,,,"FRLMDeviceUse.reason[x]",0,*,"",""
"FRLMDeviceUse","FRLMDeviceUse.note","FRLMDeviceUse.note","","","",0,1,"","","","string {[]} {[]}
","Commentaire","Commentaire","","","","","","","","","",,,,,"",,,,"FRLMDeviceUse.note",0,1,"",""
"FRLMDicomStudyMetadata","FRLMDicomStudyMetadata","FRLMDicomStudyMetadata","","","",0,*,"","","","null {[]} {[]}
","Logical model - FR LM DICOM Study Metadata","Section Object Catalog","","","","","","","","","",,,,,"",,,,"Base",0,*,"",""
"FRLMDicomStudyMetadata","FRLMDicomStudyMetadata.codeSection","FRLMDicomStudyMetadata.codeSection","","","",1,1,"","","","CodeableConcept {[]} {[]}
","Code de la section","Code de la section","","","","","","","","","",,,,,"",,,,"FRLMSection.codeSection",1,1,"",""
"FRLMDicomStudyMetadata","FRLMDicomStudyMetadata.titleSection","FRLMDicomStudyMetadata.titleSection","","","",1,1,"","","","string {[]} {[]}
","Titre de la section","Titre de la section","","","","","","","","","",,,,,"",,,,"FRLMSection.titleSection",0,1,"",""
"FRLMDicomStudyMetadata","FRLMDicomStudyMetadata.description","FRLMDicomStudyMetadata.description","","","",1,1,"","","","string {[]} {[]}
","Bloc narratif","Bloc narratif","","","","","","","","","",,,,,"",,,,"FRLMSection.description",1,1,"",""
"FRLMDicomStudyMetadata","FRLMDicomStudyMetadata.author[x]","FRLMDicomStudyMetadata.author[x]","","","",0,*,"","","","Base {[]} {[]}
","author[x] peut correspondre soit à un professionnel, soit à une organisation, soit à un système.","author[x] peut correspondre soit à un professionnel, soit à une organisation, soit à un système.","","","","","","","","","",,,,,"",,,,"FRLMSection.author[x]",0,*,"",""
"FRLMDicomStudyMetadata","FRLMDicomStudyMetadata.author[x].authorProfessional","FRLMDicomStudyMetadata.author[x].authorProfessional","","","",0,*,"","","","https://interop.esante.gouv.fr/ig/document-core/StructureDefinition/FRLMHealthProfessional {[]} {[]}
","L'auteur est un professionnel de santé","L'auteur est un professionnel de santé","","","","","","","","","",,,,,"",,,,"FRLMSection.author[x].authorProfessional",0,*,"",""
"FRLMDicomStudyMetadata","FRLMDicomStudyMetadata.author[x].authorOrganisation","FRLMDicomStudyMetadata.author[x].authorOrganisation","","","",0,*,"","","","https://interop.esante.gouv.fr/ig/document-core/StructureDefinition/FRLMOrganisation {[]} {[]}
","L'auteur est une organisation","L'auteur est une organisation","","","","","","","","","",,,,,"",,,,"FRLMSection.author[x].authorOrganisation",0,*,"",""
"FRLMDicomStudyMetadata","FRLMDicomStudyMetadata.author[x].authorDevice","FRLMDicomStudyMetadata.author[x].authorDevice","","","",0,*,"","","","https://interop.esante.gouv.fr/ig/document-core/StructureDefinition/FRLMDevice {[]} {[]}
","L'auteur est un système","L'auteur est un système","","","","","","","","","",,,,,"",,,,"FRLMSection.author[x].authorDevice",0,*,"",""
"FRLMDicomStudyMetadata","FRLMDicomStudyMetadata.informant","FRLMDicomStudyMetadata.informant","","","",0,*,"","","","https://interop.esante.gouv.fr/ig/document-core/StructureDefinition/FRLMInformant {[]} {[]}
","Informateur","Informateur","","","","","","","","","",,,,,"",,,,"FRLMSection.informant",0,*,"",""
"FRLMDicomStudyMetadata","FRLMDicomStudyMetadata.subSection","FRLMDicomStudyMetadata.subSection","","","",0,0,"","","","Base {[]} {[]}
","Sous-sections","Sous-sections","","","","","","","","","",,,,,"",,,,"FRLMSection.subSection",0,*,"",""
"FRLMDicomStudyMetadata","FRLMDicomStudyMetadata.entry","FRLMDicomStudyMetadata.entry","","","",0,*,"","","","Base {[]} {[]}
","Entrées","Entrées","","","","","","","","","",,,,,"",,,,"FRLMSection.entry",0,*,"",""
"FRLMDicomStudyMetadata","FRLMDicomStudyMetadata.entry.imagingStudy","FRLMDicomStudyMetadata.entry.imagingStudy","","","",0,*,"","","","https://interop.esante.gouv.fr/ig/document-core/StructureDefinition/FRLMImagingStudy {[]} {[]}
","Entrée Examen imagerie","Entrée Examen imagerie","","","","","","","","","",,,,,"",,,,"FRLMDicomStudyMetadata.entry.imagingStudy",0,*,"",""
"FRLMDosageInstructions","FRLMDosageInstructions","FRLMDosageInstructions","","","",0,*,"","","","null {[]} {[]}
","Logical model- FR LM Dosage Instructions","Posologie","","","","","","","","","",,,,,"",,,,"Base",0,*,"",""
"FRLMDosageInstructions","FRLMDosageInstructions.renderedDosageInstruction","FRLMDosageInstructions.renderedDosageInstruction","","","",0,1,"","","","string {[]} {[]}
","Posologie sous forme textuelle","Posologie sous forme textuelle","","","","","","","","","",,,,,"",,,,"FRLMDosageInstructions.renderedDosageInstruction",0,1,"",""
"FRLMDosageInstructions","FRLMDosageInstructions.dosageDetails","FRLMDosageInstructions.dosageDetails","","","",0,*,"","","","Base {[]} {[]}
","Posologie Structurée","Posologie Structurée","","","","","","","","","",,,,,"",,,,"FRLMDosageInstructions.dosageDetails",0,*,"",""
"FRLMDosageInstructions","FRLMDosageInstructions.dosageDetails.sequence","FRLMDosageInstructions.dosageDetails.sequence","","","",0,1,"","","","decimal {[]} {[]}
","Numéro de séquence permettant d'indiquer l'ordre des posologies dans le cas où il y a plusieurs posologies. La séquence s+1 commence à la fin de la séquence s. En cas de séquences ayant le même numéro, celles-ci se déroulent simultanément.","Numéro de séquence permettant d'indiquer l'ordre des posologies dans le cas où il y a plusieurs posologies. La séquence s+1 commence à la fin de la séquence s. En cas de séquences ayant le même numéro, celles-ci se déroulent simultanément.","","","","","","","","","",,,,,"",,,,"FRLMDosageInstructions.dosageDetails.sequence",0,1,"",""
"FRLMDosageInstructions","FRLMDosageInstructions.dosageDetails.note","FRLMDosageInstructions.dosageDetails.note","","","",0,1,"","","","string {[]} {[]}
","Instructions au patient","Instructions au patient","","","","","","","","","",,,,,"",,,,"FRLMDosageInstructions.dosageDetails.note",0,1,"",""
"FRLMDosageInstructions","FRLMDosageInstructions.dosageDetails.doseAndRate","FRLMDosageInstructions.dosageDetails.doseAndRate","","","",0,*,"","","","Base {[]} {[]}
","Quantité de médicament administrée par prise","Quantité de médicament administrée par prise","","","","","","","","","",,,,,"",,,,"FRLMDosageInstructions.dosageDetails.doseAndRate",0,*,"",""
"FRLMDosageInstructions","FRLMDosageInstructions.dosageDetails.doseAndRate.dose[x]","FRLMDosageInstructions.dosageDetails.doseAndRate.dose[x]","","","",0,1,"","","","Quantity {[]} {[]}
Range {[]} {[]}","La quantité de médicament administrée par prise
Exemple - 20mg: {'value':20,'unit':'mg','system':'http://unitsofmeasure.org','code':'mg'}
Exemple - 1 à 3 comprimés: {'low':{'value':1,'unit':'Comprimé','system':'http://standardterms.edqm.eu','code':'15054000'},'high':{'value':3,'unit':'Comprimé','system':'http://standardterms.edqm.eu','code':'15054000'}}","La quantité de médicament administrée par prise
Exemple - 20mg: {'value':20,'unit':'mg','system':'http://unitsofmeasure.org','code':'mg'}
Exemple - 1 à 3 comprimés: {'low':{'value':1,'unit':'Comprimé','system':'http://standardterms.edqm.eu','code':'15054000'},'high':{'value':3,'unit':'Comprimé','system':'http://standardterms.edqm.eu','code':'15054000'}}","","","","","","","","","",,,,,"",,,,"FRLMDosageInstructions.dosageDetails.doseAndRate.dose[x]",0,1,"",""
"FRLMDosageInstructions","FRLMDosageInstructions.dosageDetails.doseAndRate.rate[x]","FRLMDosageInstructions.dosageDetails.doseAndRate.rate[x]","","","",0,1,"","","","Quantity {[]} {[]}
Ratio {[]} {[]}Range {[]} {[]}","Rythme d'administration
Période temporelle pendant laquelle une dose définie est administrée, pour les perfusions par exemple.
Exemple - 400µg pendant une minute (perfusion): {'numerator':{'value':400,'unit':'µg','system':'http://unitsofmeasure.org','code':'µg'},'denominator':{'value':1,'unit':'min','system':'http://unitsofmeasure.org','code':'min'}}","Rythme d'administration
Période temporelle pendant laquelle une dose définie est administrée, pour les perfusions par exemple.
Exemple - 400µg pendant une minute (perfusion): {'numerator':{'value':400,'unit':'µg','system':'http://unitsofmeasure.org','code':'µg'},'denominator':{'value':1,'unit':'min','system':'http://unitsofmeasure.org','code':'min'}}","","","","","","","","","",,,,,"",,,,"FRLMDosageInstructions.dosageDetails.doseAndRate.rate[x]",0,1,"",""
"FRLMDosageInstructions","FRLMDosageInstructions.dosageDetails.dateOfAdministration","FRLMDosageInstructions.dosageDetails.dateOfAdministration","","","",0,*,"","","","dateTime {[]} {[]}
","Date précise du moment de prise","Date précise du moment de prise","","","","","","","","","",,,,,"",,,,"FRLMDosageInstructions.dosageDetails.dateOfAdministration",0,*,"",""
"FRLMDosageInstructions","FRLMDosageInstructions.dosageDetails.conditionOfAdministration","FRLMDosageInstructions.dosageDetails.conditionOfAdministration","","","",0,*,"","","","CodeableConcept {[]} {[]}
","Code ou texte de la condition sous laquelle le traitement doit être pris (ex : en cas de douleurs).","Code ou texte de la condition sous laquelle le traitement doit être pris (ex : en cas de douleurs).","","","","","","","","","",,,,,"",,,,"FRLMDosageInstructions.dosageDetails.conditionOfAdministration",0,*,"",""
"FRLMDosageInstructions","FRLMDosageInstructions.dosageDetails.date[x]","FRLMDosageInstructions.dosageDetails.date[x]","","","",0,1,"","","","Period {[]} {[]}
Quantity {[]} {[]}Range {[]} {[]}","Période (date de début et de fin), durée ou intervalle de durée de la séquence de traitement (un parmi les trois)
Exemple - La période représente une date de début et de fin (ex : du 1/10/2025 au 10/10/2025), la durée représente une quantité (ex : 5 jours), l'intervalle représente une quantité minimale et une quantité maximale (ex : de 5 à 10 jours)): {}","Période (date de début et de fin), durée ou intervalle de durée de la séquence de traitement (un parmi les trois)
Exemple - La période représente une date de début et de fin (ex : du 1/10/2025 au 10/10/2025), la durée représente une quantité (ex : 5 jours), l'intervalle représente une quantité minimale et une quantité maximale (ex : de 5 à 10 jours)): {}","","","","","","","","","",,,,,"",,,,"FRLMDosageInstructions.dosageDetails.date[x]",0,1,"",""
"FRLMDosageInstructions","FRLMDosageInstructions.dosageDetails.duration","FRLMDosageInstructions.dosageDetails.duration","","","",0,1,"","","","Base {[]} {[]}
","Durée ou rythme d'administration - indique le temps d'administration des prises de la séquence (exemple d'utilisation : perfusion ou patch)
Exemple - Administration pendant 10 minutes: {}","Durée ou rythme d'administration - indique le temps d'administration des prises de la séquence (exemple d'utilisation : perfusion ou patch)
Exemple - Administration pendant 10 minutes: {}","","","","","","","","","",,,,,"",,,,"FRLMDosageInstructions.dosageDetails.duration",0,1,"",""
"FRLMDosageInstructions","FRLMDosageInstructions.dosageDetails.duration.durationValue","FRLMDosageInstructions.dosageDetails.duration.durationValue","","","",0,1,"","","","decimal {[]} {[]}
","Durée de l'administration","Durée de l'administration","","","","","","","","","",,,,,"",,,,"FRLMDosageInstructions.dosageDetails.duration.durationValue",0,1,"",""
"FRLMDosageInstructions","FRLMDosageInstructions.dosageDetails.duration.durationUnit","FRLMDosageInstructions.dosageDetails.duration.durationUnit","","","",0,1,"","","","code {[]} {[]}
","Unité de la durée d'administration","Unité de la durée d'administration","","","","","","","","","",,,,,"",,,,"FRLMDosageInstructions.dosageDetails.duration.durationUnit",0,1,"",""
"FRLMDosageInstructions","FRLMDosageInstructions.dosageDetails.duration.durationMax","FRLMDosageInstructions.dosageDetails.duration.durationMax","","","",0,1,"","","","decimal {[]} {[]}
","Durée maximale de l'administration","Durée maximale de l'administration","","","","","","","","","",,,,,"",,,,"FRLMDosageInstructions.dosageDetails.duration.durationMax",0,1,"",""
"FRLMDosageInstructions","FRLMDosageInstructions.dosageDetails.frequency","FRLMDosageInstructions.dosageDetails.frequency","","","",0,1,"","","","Base {[]} {[]}
","Fréquence de prise","Fréquence de prise","","","","","","","","","",,,,,"",,,,"FRLMDosageInstructions.dosageDetails.frequency",0,1,"",""
"FRLMDosageInstructions","FRLMDosageInstructions.dosageDetails.frequency.numberOfTimes","FRLMDosageInstructions.dosageDetails.frequency.numberOfTimes","","","",0,1,"","","","decimal {[]} {[]}
","Nombre de prise de la quantité 'quantitePrescrite' par période (ex : *une fois* dans une fois tous les trois jours)","Nombre de prise de la quantité 'quantitePrescrite' par période (ex : *une fois* dans une fois tous les trois jours)","","","","","","","","","",,,,,"",,,,"FRLMDosageInstructions.dosageDetails.frequency.numberOfTimes",0,1,"",""
"FRLMDosageInstructions","FRLMDosageInstructions.dosageDetails.frequency.period","FRLMDosageInstructions.dosageDetails.frequency.period","","","",0,1,"","","","Quantity {[]} {[]}
","Durée sur laquelle la fréquence s'applique (ex : *tous les trois jours* une fois tous les trois jours)","Durée sur laquelle la fréquence s'applique (ex : *tous les trois jours* une fois tous les trois jours)","","","","","","","","","",,,,,"",,,,"FRLMDosageInstructions.dosageDetails.frequency.period",0,1,"",""
"FRLMDosageInstructions","FRLMDosageInstructions.dosageDetails.frequency.dayOfWeek","FRLMDosageInstructions.dosageDetails.frequency.dayOfWeek","","","",0,*,"","","","code {[]} {[]}
","Jour de la semaine de la prise","Jour de la semaine de la prise","","","","","","","","","",,,,,"",,,,"FRLMDosageInstructions.dosageDetails.frequency.dayOfWeek",0,*,"",""
"FRLMDosageInstructions","FRLMDosageInstructions.dosageDetails.frequency.timeOfDay","FRLMDosageInstructions.dosageDetails.frequency.timeOfDay","","","",0,1,"","","","time {[]} {[]}
","Heure de la prise","Heure de la prise","","","","","","","","","",,,,,"",,,,"FRLMDosageInstructions.dosageDetails.frequency.timeOfDay",0,1,"",""
"FRLMDosageInstructions","FRLMDosageInstructions.dosageDetails.frequency.additionalInstructions","FRLMDosageInstructions.dosageDetails.frequency.additionalInstructions","","","",0,1,"","","","string {[]} {[]}
","Instruction additionnelle","Instruction additionnelle","","","","","","","","","",,,,,"",,,,"FRLMDosageInstructions.dosageDetails.frequency.additionalInstructions",0,1,"",""
"FRLMDosageInstructions","FRLMDosageInstructions.dosageDetails.eventTime","FRLMDosageInstructions.dosageDetails.eventTime","","","",0,*,"","","","Base {[]} {[]}
","Définition du moment de prise au cours de la journée (ex : 30 minutes avant le repas)","Définition du moment de prise au cours de la journée (ex : 30 minutes avant le repas)","","","","","","","","","",,,,,"",,,,"FRLMDosageInstructions.dosageDetails.eventTime",0,*,"",""
"FRLMDosageInstructions","FRLMDosageInstructions.dosageDetails.eventTime.eventTimeCode","FRLMDosageInstructions.dosageDetails.eventTime.eventTimeCode","","","",0,1,"","","","CodeableConcept {[]} {[]}
","Code ou texte du moment de prise","Code ou texte du moment de prise","","","","","","","","","",,,,,"",,,,"FRLMDosageInstructions.dosageDetails.eventTime.eventTimeCode",0,1,"",""
"FRLMDosageInstructions","FRLMDosageInstructions.dosageDetails.eventTime.offset","FRLMDosageInstructions.dosageDetails.eventTime.offset","","","",0,1,"","","","unsignedInt {[]} {[]}
","Temps en minute avant/après l'élément déclenchant","Temps en minute avant/après l'élément déclenchant","","","","","","","","","",,,,,"",,,,"FRLMDosageInstructions.dosageDetails.eventTime.offset",0,1,"",""
"FRLMDosageInstructions","FRLMDosageInstructions.dosageDetails.eventEndSequence","FRLMDosageInstructions.dosageDetails.eventEndSequence","","","",0,1,"","","","CodeableConcept {[]} {[]}
","Evenement de fin de la séquence","Evenement de fin de la séquence","","","","","","","","","",,,,,"",,,,"FRLMDosageInstructions.dosageDetails.eventEndSequence",0,1,"",""
"FRLMDosageInstructions","FRLMDosageInstructions.dosageDetails.bodySite","FRLMDosageInstructions.dosageDetails.bodySite","","","",0,*,"","","","CodeableConcept {[]} {[]}
","région anatomique d'administration","région anatomique d'administration","","","","","","","","","",,,,,"",,,,"FRLMDosageInstructions.dosageDetails.bodySite",0,*,"",""
"FRLMDosageInstructions","FRLMDosageInstructions.dosageDetails.routeOfAdministration","FRLMDosageInstructions.dosageDetails.routeOfAdministration","","","",0,1,"","","","CodeableConcept {[]} {[]}
","Voie d'administration","Voie d'administration","","","","","","","","","",,,,,"",,,,"FRLMDosageInstructions.dosageDetails.routeOfAdministration",0,1,"",""
"FRLMDosageInstructions","FRLMDosageInstructions.dosageDetails.maxDosePerPeriod","FRLMDosageInstructions.dosageDetails.maxDosePerPeriod","","","",0,*,"","","","Base {[]} {[]}
","Dose maximale pour un temps donné (exemple : prise maximale pour 24h).","Dose maximale pour un temps donné (exemple : prise maximale pour 24h).","","","","","","","","","",,,,,"",,,,"FRLMDosageInstructions.dosageDetails.maxDosePerPeriod",0,*,"",""
"FRLMDosageInstructions","FRLMDosageInstructions.dosageDetails.maxDosePerPeriod.quantity","FRLMDosageInstructions.dosageDetails.maxDosePerPeriod.quantity","","","",0,1,"","","","Quantity {[CanonicalType[http://hl7.org/fhir/StructureDefinition/SimpleQuantity|4.0.1]]} {[]}
","Dose maximale à administrer pour l'unité de temps donnée","Dose maximale à administrer pour l'unité de temps donnée","","","","","","","","","",,,,,"",,,,"FRLMDosageInstructions.dosageDetails.maxDosePerPeriod.quantity",0,1,"",""
"FRLMDosageInstructions","FRLMDosageInstructions.dosageDetails.maxDosePerPeriod.duration","FRLMDosageInstructions.dosageDetails.maxDosePerPeriod.duration","","","",0,1,"","","","Quantity {[]} {[]}
","Durée pour laquelle il y a une dose maximale administrable
Exemple - Par jour, par semaine, par mois, ...: {}","Durée pour laquelle il y a une dose maximale administrable
Exemple - Par jour, par semaine, par mois, ...: {}","","","","","","","","","",,,,,"",,,,"FRLMDosageInstructions.dosageDetails.maxDosePerPeriod.duration",0,1,"",""
"FRLMDosageInstructions","FRLMDosageInstructions.dosageDetails.maxDosePerAdministration","FRLMDosageInstructions.dosageDetails.maxDosePerAdministration","","","",0,1,"","","","Quantity {[]} {[]}
","Dose maximale pour une administration","Dose maximale pour une administration","","","","","","","","","",,,,,"",,,,"FRLMDosageInstructions.dosageDetails.maxDosePerAdministration",0,1,"",""
"FRLMDosageInstructions","FRLMDosageInstructions.dosageDetails.maxLifetimeDose","FRLMDosageInstructions.dosageDetails.maxLifetimeDose","","","",0,1,"","","","Quantity {[]} {[]}
","Dose maximale sur une vie","Dose maximale sur une vie","","","","","","","","","",,,,,"",,,,"FRLMDosageInstructions.dosageDetails.maxLifetimeDose",0,1,"",""
"FRLMDoseNumber","FRLMDoseNumber","FRLMDoseNumber","","","",0,*,"","","","null {[]} {[]}
","Logical model - FR LM Dose Number","Rang de la vaccination","","","","","","","","","",,,,,"",,,,"Base",0,*,"",""
"FRLMDoseNumber","FRLMDoseNumber.identifier","FRLMDoseNumber.identifier","","","",0,*,"","","","Identifier {[]} {[]}
","Identifiant de la dose de vaccin","Identifiant de la dose de vaccin","","","","","","","","","",,,,,"",,,,"FRLMDoseNumber.identifier",0,*,"",""
"FRLMDoseNumber","FRLMDoseNumber.status","FRLMDoseNumber.status","","","",1,1,"","","","code {[]} {[]}
","Statut de la dose de vaccin","Statut de la dose de vaccin","","","","","","","","","",,,,,"",,,,"FRLMDoseNumber.status",1,1,"",""
"FRLMDoseNumber","FRLMDoseNumber.date","FRLMDoseNumber.date","","","",0,1,"","","","dateTime {[]} {[]}
","Date de la dose de vaccin","Date de la dose de vaccin","","","","","","","","","",,,,,"",,,,"FRLMDoseNumber.date",0,1,"",""
"FRLMDoseNumber","FRLMDoseNumber.priority","FRLMDoseNumber.priority","","","",0,1,"","","","CodeableConcept {[]} {[]}
","Priorité","Priorité","","","","","","","","","",,,,,"",,,,"FRLMDoseNumber.priority",0,1,"",""
"FRLMDoseNumber","FRLMDoseNumber.renewal","FRLMDoseNumber.renewal","","","",0,1,"","","","Range {[]} {[]}
","Nombre de renouvellements possibles","Nombre de renouvellements possibles","","","","","","","","","",,,,,"",,,,"FRLMDoseNumber.renewal",0,1,"",""
"FRLMDoseNumber","FRLMDoseNumber.language","FRLMDoseNumber.language","","","",0,1,"","","","code {[]} {[]}
","Language","Language","","","","","","","","","",,,,,"",,,,"FRLMDoseNumber.language",0,1,"",""
"FRLMDoseNumber","FRLMDoseNumber.doseNumber","FRLMDoseNumber.doseNumber","","","",1,1,"","","","integer {[]} {[]}
","Rang de la vaccination","Rang de la vaccination","","","","","","","","","",,,,,"",,,,"FRLMDoseNumber.doseNumber",1,1,"",""
"FRLMEncounter","FRLMEncounter","FRLMEncounter","","","",0,*,"","","","null {[]} {[]}
","Logical model - FR LM Encounter","Rencontre","","","","","","","","","",,,,,"",,,,"Base",0,*,"",""
"FRLMEncounter","FRLMEncounter.header","FRLMEncounter.header","","","",1,1,"","","","Base {[]} {[]}
","Métadonnées de base","Métadonnées de base","","","","","","","","","",,,,,"",,,,"FRLMEntry.header",1,1,"",""
"FRLMEncounter","FRLMEncounter.header.subject","FRLMEncounter.header.subject","","","",1,1,"","","","https://interop.esante.gouv.fr/ig/document-core/StructureDefinition/FRLMPatient {[]} {[]}
","Patient / Usager","Patient / Usager","","","","","","","","","",,,,,"",,,,"FRLMEntry.header.subject",1,1,"",""
"FRLMEncounter","FRLMEncounter.header.identifier","FRLMEncounter.header.identifier","","","",0,*,"","","","Identifier {[]} {[]}
","Identifiant de l’entrée","Identifiant de l’entrée","","","","","","","","","",,,,,"",,,,"FRLMEntry.header.identifier",0,*,"",""
"FRLMEncounter","FRLMEncounter.header.author[x]","FRLMEncounter.header.author[x]","","","",0,*,"","","","Base {[]} {[]}
","Responsable de la rencontre","author[x] peut correspondre soit à un professionnel, soit à une organisation, soit à un système.","","","","","","","","","",,,,,"",,,,"FRLMEntry.header.author[x]",0,*,"",""
"FRLMEncounter","FRLMEncounter.header.author[x].authorProfessional","FRLMEncounter.header.author[x].authorProfessional","","","",0,*,"","","","https://interop.esante.gouv.fr/ig/document-core/StructureDefinition/FRLMHealthProfessional {[]} {[]}
","L'auteur est un professionnel de santé","L'auteur est un professionnel de santé","","","","","","","","","",,,,,"",,,,"FRLMEntry.header.author[x].authorProfessional",0,*,"",""
"FRLMEncounter","FRLMEncounter.header.author[x].authorOrganisation","FRLMEncounter.header.author[x].authorOrganisation","","","",0,*,"","","","https://interop.esante.gouv.fr/ig/document-core/StructureDefinition/FRLMOrganisation {[]} {[]}
","L'auteur est une organisation","L'auteur est une organisation","","","","","","","","","",,,,,"",,,,"FRLMEntry.header.author[x].authorOrganisation",0,*,"",""
"FRLMEncounter","FRLMEncounter.header.author[x].authorDevice","FRLMEncounter.header.author[x].authorDevice","","","",0,*,"","","","https://interop.esante.gouv.fr/ig/document-core/StructureDefinition/FRLMDevice {[]} {[]}
","L'auteur est un système","L'auteur est un système","","","","","","","","","",,,,,"",,,,"FRLMEntry.header.author[x].authorDevice",0,*,"",""
"FRLMEncounter","FRLMEncounter.header.performer[x]","FRLMEncounter.header.performer[x]","","","",0,*,"","","","https://interop.esante.gouv.fr/ig/document-core/StructureDefinition/FRLMHealthProfessional {[]} {[]}
https://interop.esante.gouv.fr/ig/document-core/StructureDefinition/FRLMOrganisation {[]} {[]}","Exécutant (performer)","Exécutant (performer)","","","","","","","","","",,,,,"",,,,"FRLMEntry.header.performer[x]",0,*,"",""
"FRLMEncounter","FRLMEncounter.header.participant[x]","FRLMEncounter.header.participant[x]","","","",0,0,"","","","Base {[]} {[]}
","Participant","Participant","","","","","","","","","",,,,,"",,,,"FRLMEntry.header.participant[x]",0,*,"",""
"FRLMEncounter","FRLMEncounter.header.participant[x].participantProfessional","FRLMEncounter.header.participant[x].participantProfessional","","","",0,*,"","","","https://interop.esante.gouv.fr/ig/document-core/StructureDefinition/FRLMHealthProfessional {[]} {[]}
","Le participant est un professionnel de santé","Le participant est un professionnel de santé","","","","","","","","","",,,,,"",,,,"FRLMEntry.header.participant[x].participantProfessional",0,*,"",""
"FRLMEncounter","FRLMEncounter.header.participant[x].participantOrganisation","FRLMEncounter.header.participant[x].participantOrganisation","","","",0,*,"","","","https://interop.esante.gouv.fr/ig/document-core/StructureDefinition/FRLMOrganisation {[]} {[]}
","Le participant est une organisation","Le participant est une organisation","","","","","","","","","",,,,,"",,,,"FRLMEntry.header.participant[x].participantOrganisation",0,*,"",""
"FRLMEncounter","FRLMEncounter.header.participant[x].participantDevice","FRLMEncounter.header.participant[x].participantDevice","","","",0,*,"","","","https://interop.esante.gouv.fr/ig/document-core/StructureDefinition/FRLMDevice {[]} {[]}
","Le participant est un système","Le participant est un système","","","","","","","","","",,,,,"",,,,"FRLMEntry.header.participant[x].participantDevice",0,*,"",""
"FRLMEncounter","FRLMEncounter.header.informant","FRLMEncounter.header.informant","","","",0,*,"","","","https://interop.esante.gouv.fr/ig/document-core/StructureDefinition/FRLMInformant {[]} {[]}
","Informateur","Informateur","","","","","","","","","",,,,,"",,,,"FRLMEntry.header.informant",0,*,"",""
"FRLMEncounter","FRLMEncounter.header.date","FRLMEncounter.header.date","","","",0,1,"","","","dateTime {[]} {[]}
","Date/Heure de création par l'auteur","Date/Heure de création par l'auteur","","","","","","","","","",,,,,"",,,,"FRLMEntry.header.date",0,1,"",""
"FRLMEncounter","FRLMEncounter.header.status","FRLMEncounter.header.status","","","",0,1,"","","","CodeableConcept {[]} {[]}
","Statut","Statut","","","","","","","","","",,,,,"",,,,"FRLMEntry.header.status",0,1,"",""
"FRLMEncounter","FRLMEncounter.header.source","FRLMEncounter.header.source","","","",0,1,"","","","CodeableConcept {[]} {[]}
","Source","Source","","","","","","","","","",,,,,"",,,,"FRLMEntry.header.source",0,1,"",""
"FRLMEncounter","FRLMEncounter.header.language","FRLMEncounter.header.language","","","",0,1,"","","","CodeableConcept {[]} {[]}
","'fr-FR' pour français métropolitain (la casse des caractères doit être respectée)
La partie en minuscules indique le code de la langue utilisée (ISO-639-1)
La partie en majuscules indique le code pays (ISO-3166)","'fr-FR' pour français métropolitain (la casse des caractères doit être respectée)
La partie en minuscules indique le code de la langue utilisée (ISO-639-1)
La partie en majuscules indique le code pays (ISO-3166)","","","","","","","","","",,,,,"",,,,"FRLMEntry.header.language",0,1,"",""
"FRLMEncounter","FRLMEncounter.participant","FRLMEncounter.participant","","","",0,*,"","","","https://interop.esante.gouv.fr/ig/document-core/StructureDefinition/FRLMParticipant {[]} {[]}
","Personne impliquée dans la rencontre","Personne impliquée dans la rencontre","","","","","","","","","",,,,,"",,,,"FRLMEncounter.participant",0,*,"",""
"FRLMEncounter","FRLMEncounter.period","FRLMEncounter.period","","","",1,1,"","","","Period {[]} {[]}
","Date de début et de fin de la rencontre.","Date de début et de fin de la rencontre.","","","","","","","","","",,,,,"",,,,"FRLMEncounter.period",1,1,"",""
"FRLMEncounter","FRLMEncounter.priority","FRLMEncounter.priority","","","",0,1,"","","","CodeableConcept {[]} {[]}
","Priorité de la rencontre (ex : urgence, etc.).","Priorité de la rencontre (ex : urgence, etc.).","","","","","","","","","",,,,,"",,,,"FRLMEncounter.priority",0,1,"",""
"FRLMEncounter","FRLMEncounter.type","FRLMEncounter.type","","","",1,1,"","","","CodeableConcept {[]} {[]}
","Type de la rencontre (hospitalisation, soins à domicile, etc.).","Type de la rencontre (hospitalisation, soins à domicile, etc.).","","","","","","","","","",,,,,"",,,,"FRLMEncounter.type",1,1,"",""
"FRLMEncounter","FRLMEncounter.serviceProvider","FRLMEncounter.serviceProvider","","","",0,1,"","","","https://interop.esante.gouv.fr/ig/document-core/StructureDefinition/FRLMOrganisation {[]} {[]}
","Organisation (établissement) responsable de cette rencontre","Organisation (établissement) responsable de cette rencontre","","","","","","","","","",,,,,"",,,,"FRLMEncounter.serviceProvider",0,1,"",""
"FRLMEncounter","FRLMEncounter.referringProfessional","FRLMEncounter.referringProfessional","","","",0,1,"","","","https://interop.esante.gouv.fr/ig/document-core/StructureDefinition/FRLMHealthProfessional {[]} {[]}
","Professionnel de santé référent","Professionnel de santé référent","","","","","","","","","",,,,,"",,,,"FRLMEncounter.referringProfessional",0,1,"",""
"FRLMEncounter","FRLMEncounter.basedOn[x]","FRLMEncounter.basedOn[x]","","","",0,*,"","","","https://interop.esante.gouv.fr/ig/document-core/StructureDefinition/FRLMCarePlan {[]} {[]}
https://interop.esante.gouv.fr/ig/document-core/StructureDefinition/FRLMServiceRequest {[]} {[]}","Référence à la demande ayant initié cette rencontre","Référence à la demande ayant initié cette rencontre","","","","","","","","","",,,,,"",,,,"FRLMEncounter.basedOn[x]",0,*,"",""
"FRLMEncounter","FRLMEncounter.reason[x]","FRLMEncounter.reason[x]","","","",0,*,"","","","CodeableConcept {[]} {[]}
https://interop.esante.gouv.fr/ig/document-core/StructureDefinition/FRLMCondition {[]} {[]}https://interop.esante.gouv.fr/ig/document-core/StructureDefinition/FRLMProcedure {[]} {[]}https://interop.esante.gouv.fr/ig/document-core/StructureDefinition/FRLMObservation {[]} {[]}string {[]} {[]}","Motif(s) de l'admission, ex : problème, procédure ou constatation.","Motif(s) de l'admission, ex : problème, procédure ou constatation.","","","","","","","","","",,,,,"",,,,"FRLMEncounter.reason[x]",0,*,"",""
"FRLMEncounter","FRLMEncounter.admission","FRLMEncounter.admission","","","",0,1,"","","","Base {[]} {[]}
","Détails de l'admission","Détails de l'admission","","","","","","","","","",,,,,"",,,,"FRLMEncounter.admission",0,1,"",""
"FRLMEncounter","FRLMEncounter.admission.admitter","FRLMEncounter.admission.admitter","","","",0,1,"","","","https://interop.esante.gouv.fr/ig/document-core/StructureDefinition/FRLMHealthProfessional {[]} {[]}
","Professionnel de santé ayant admis le patient","Professionnel de santé ayant admis le patient","","","","","","","","","",,,,,"",,,,"FRLMEncounter.admission.admitter",0,1,"",""
"FRLMEncounter","FRLMEncounter.admission.admitSource","FRLMEncounter.admission.admitSource","","","",0,1,"","","","CodeableConcept {[]} {[]}
","Modalité d'entrée d'un patient en ES (urgence, programmée, etc...).","Modalité d'entrée d'un patient en ES (urgence, programmée, etc...).","","","","","","","","","",,"required","jdv-modalite-entree : Modalité d'entrée en établissement de santé","https://smt.esante.gouv.fr/fhir/ValueSet/jdv-modalite-entree-cisis|20260619134043","",,,,"FRLMEncounter.admission.admitSource",0,1,"",""
"FRLMEncounter","FRLMEncounter.dischargeDiagnosis[x]","FRLMEncounter.dischargeDiagnosis[x]","","","",0,*,"","","","CodeableConcept {[]} {[]}
https://interop.esante.gouv.fr/ig/document-core/StructureDefinition/FRLMCondition {[]} {[]}","Les diagnostics au moment de la sortie.","Les diagnostics au moment de la sortie.","","","","","","","","","",,,,,"",,,,"FRLMEncounter.dischargeDiagnosis[x]",0,*,"",""
"FRLMEncounter","FRLMEncounter.dischargeDestination","FRLMEncounter.dischargeDestination","","","",0,1,"","","","Base {[]} {[]}
","modalité de sortie du patient d'un ES (retour à domicile, EHPAD, HAD, etc...)","modalité de sortie du patient d'un ES (retour à domicile, EHPAD, HAD, etc...)","","","","","","","","","",,,,,"",,,,"FRLMEncounter.dischargeDestination",0,1,"",""
"FRLMEncounter","FRLMEncounter.dischargeDestination.type","FRLMEncounter.dischargeDestination.type","","","",0,1,"","","","CodeableConcept {[]} {[]}
","Type de sortie","Type de sortie","","","","","","","","","",,"required","JDV_ModaliteSortie_CISIS (1.2.250.1.213.1.1.5.74) ou autre JDV spécifique à un volet","","",,,,"FRLMEncounter.dischargeDestination.type",0,1,"",""
"FRLMEncounter","FRLMEncounter.dischargeDestination.location[x]","FRLMEncounter.dischargeDestination.location[x]","","","",0,1,"","","","https://interop.esante.gouv.fr/ig/document-core/StructureDefinition/FRLMOrganisation {[]} {[]}
https://interop.esante.gouv.fr/ig/document-core/StructureDefinition/FRLMLocation {[]} {[]}","Le lieu ou l'organisation","Le lieu ou l'organisation","","","","","","","","","",,,,,"",,,,"FRLMEncounter.dischargeDestination.location[x]",0,1,"",""
"FRLMEncounter","FRLMEncounter.serviceLocation","FRLMEncounter.serviceLocation","","","",0,*,"","","","Base {[]} {[]}
","Liste des lieux où le patient était présent pendant cette rencontre.","Liste des lieux où le patient était présent pendant cette rencontre.","","","","","","","","","",,,,,"",,,,"FRLMEncounter.serviceLocation",0,*,"",""
"FRLMEncounter","FRLMEncounter.serviceLocation.period","FRLMEncounter.serviceLocation.period","","","",0,1,"","","","Period {[]} {[]}
","Période pendant laquelle le patient était présent au lieu","Période pendant laquelle le patient était présent au lieu","","","","","","","","","",,,,,"",,,,"FRLMEncounter.serviceLocation.period",0,1,"",""
"FRLMEncounter","FRLMEncounter.serviceLocation.organisationPart[x]","FRLMEncounter.serviceLocation.organisationPart[x]","","","",1,1,"","","","https://interop.esante.gouv.fr/ig/document-core/StructureDefinition/FRLMOrganisation {[]} {[]}
https://interop.esante.gouv.fr/ig/document-core/StructureDefinition/FRLMLocation {[]} {[]}","Organisation ou partie d'une organisation (ex : département) où le patient était présent pendant la rencontre.","Organisation ou partie d'une organisation (ex : département) où le patient était présent pendant la rencontre.","","","","","","","","","",,,,,"",,,,"FRLMEncounter.serviceLocation.organisationPart[x]",1,1,"",""
"FRLMEncounter","FRLMEncounter.subEncounter","FRLMEncounter.subEncounter","","","",0,*,"","","","https://interop.esante.gouv.fr/ig/document-core/StructureDefinition/FRLMEncounter {[]} {[]}
","référence aux rencontres considérées comme faisant partie de cette rencontre.","référence aux rencontres considérées comme faisant partie de cette rencontre.","","","","","","","","","",,,,,"",,,,"FRLMEncounter.subEncounter",0,*,"",""
"FRLMEncounter","FRLMEncounter.note","FRLMEncounter.note","","","",0,1,"","","","string {[]} {[]}
","Notes","Notes","","","","","","","","","",,,,,"",,,,"FRLMEncounter.note",0,1,"",""
"FRLMEncounterInformation","FRLMEncounterInformation","FRLMEncounterInformation","","","",0,*,"","","","null {[]} {[]}
","Logical model - FR LM Encounter Information","Section Informations sur la rencontre","","","","","","","","","",,,,,"",,,,"Base",0,*,"",""
"FRLMEncounterInformation","FRLMEncounterInformation.codeSection","FRLMEncounterInformation.codeSection","","","",1,1,"","","","CodeableConcept {[]} {[]}
","Code de la section","Code de la section","","","","","","","","","",,,,,"",,,,"FRLMSection.codeSection",1,1,"",""
"FRLMEncounterInformation","FRLMEncounterInformation.titleSection","FRLMEncounterInformation.titleSection","","","",1,1,"","","","string {[]} {[]}
","Titre de la section","Titre de la section","","","","","","","","","",,,,,"",,,,"FRLMSection.titleSection",0,1,"",""
"FRLMEncounterInformation","FRLMEncounterInformation.description","FRLMEncounterInformation.description","","","",1,1,"","","","string {[]} {[]}
","Bloc narratif","Bloc narratif","","","","","","","","","",,,,,"",,,,"FRLMSection.description",1,1,"",""
"FRLMEncounterInformation","FRLMEncounterInformation.author[x]","FRLMEncounterInformation.author[x]","","","",0,*,"","","","Base {[]} {[]}
","author[x] peut correspondre soit à un professionnel, soit à une organisation, soit à un système.","author[x] peut correspondre soit à un professionnel, soit à une organisation, soit à un système.","","","","","","","","","",,,,,"",,,,"FRLMSection.author[x]",0,*,"",""
"FRLMEncounterInformation","FRLMEncounterInformation.author[x].authorProfessional","FRLMEncounterInformation.author[x].authorProfessional","","","",0,*,"","","","https://interop.esante.gouv.fr/ig/document-core/StructureDefinition/FRLMHealthProfessional {[]} {[]}
","L'auteur est un professionnel de santé","L'auteur est un professionnel de santé","","","","","","","","","",,,,,"",,,,"FRLMSection.author[x].authorProfessional",0,*,"",""
"FRLMEncounterInformation","FRLMEncounterInformation.author[x].authorOrganisation","FRLMEncounterInformation.author[x].authorOrganisation","","","",0,*,"","","","https://interop.esante.gouv.fr/ig/document-core/StructureDefinition/FRLMOrganisation {[]} {[]}
","L'auteur est une organisation","L'auteur est une organisation","","","","","","","","","",,,,,"",,,,"FRLMSection.author[x].authorOrganisation",0,*,"",""
"FRLMEncounterInformation","FRLMEncounterInformation.author[x].authorDevice","FRLMEncounterInformation.author[x].authorDevice","","","",0,*,"","","","https://interop.esante.gouv.fr/ig/document-core/StructureDefinition/FRLMDevice {[]} {[]}
","L'auteur est un système","L'auteur est un système","","","","","","","","","",,,,,"",,,,"FRLMSection.author[x].authorDevice",0,*,"",""
"FRLMEncounterInformation","FRLMEncounterInformation.informant","FRLMEncounterInformation.informant","","","",0,*,"","","","https://interop.esante.gouv.fr/ig/document-core/StructureDefinition/FRLMInformant {[]} {[]}
","Informateur","Informateur","","","","","","","","","",,,,,"",,,,"FRLMSection.informant",0,*,"",""
"FRLMEncounterInformation","FRLMEncounterInformation.subSection","FRLMEncounterInformation.subSection","","","",0,0,"","","","Base {[]} {[]}
","Sous-sections","Sous-sections","","","","","","","","","",,,,,"",,,,"FRLMSection.subSection",0,*,"",""
"FRLMEncounterInformation","FRLMEncounterInformation.entry","FRLMEncounterInformation.entry","","","",0,*,"","","","Base {[]} {[]}
","Entrées","Entrées","","","","","","","","","",,,,,"",,,,"FRLMSection.entry",0,*,"",""
"FRLMEncounterInformation","FRLMEncounterInformation.entry.encounterInformation","FRLMEncounterInformation.entry.encounterInformation","","","",0,1,"","","","https://interop.esante.gouv.fr/ig/document-core/StructureDefinition/FRLMEncounter {[]} {[]}
","Entrée Informations sur la rencontre","Entrée Informations sur la rencontre","","","","","","","","","",,,,,"",,,,"FRLMEncounterInformation.entry.encounterInformation",0,1,"",""
"FRLMEncounterInformation","FRLMEncounterInformation.entry.note","FRLMEncounterInformation.entry.note","","","",0,1,"","","","string {[]} {[]}
","Commentaire","Commentaire","","","","","","","","","",,,,,"",,,,"FRLMEncounterInformation.entry.note",0,1,"",""
"FRLMEndpoint","FRLMEndpoint","FRLMEndpoint","","","",0,*,"","","","null {[]} {[]}
","Logical model - FR LM Endpoint","Référence Wado d'un objet DICOM (SOP Instance)","","","","","","","","","",,,,,"",,,,"Base",0,*,"",""
"FRLMEndpoint","FRLMEndpoint.header","FRLMEndpoint.header","","","",1,1,"","","","Base {[]} {[]}
","Métadonnées de base","Métadonnées de base","","","","","","","","","",,,,,"",,,,"FRLMEntry.header",1,1,"",""
"FRLMEndpoint","FRLMEndpoint.header.subject","FRLMEndpoint.header.subject","","","",1,1,"","","","https://interop.esante.gouv.fr/ig/document-core/StructureDefinition/FRLMPatient {[]} {[]}
","Patient / Usager","Patient / Usager","","","","","","","","","",,,,,"",,,,"FRLMEntry.header.subject",1,1,"",""
"FRLMEndpoint","FRLMEndpoint.header.identifier","FRLMEndpoint.header.identifier","","","",0,*,"","","","Identifier {[]} {[]}
","Identifiant de l’entrée","Identifiant de l’entrée","","","","","","","","","",,,,,"",,,,"FRLMEntry.header.identifier",0,*,"",""
"FRLMEndpoint","FRLMEndpoint.header.author[x]","FRLMEndpoint.header.author[x]","","","",0,*,"","","","Base {[]} {[]}
","author[x] peut correspondre soit à un professionnel, soit à une organisation, soit à un système.","author[x] peut correspondre soit à un professionnel, soit à une organisation, soit à un système.","","","","","","","","","",,,,,"",,,,"FRLMEntry.header.author[x]",0,*,"",""
"FRLMEndpoint","FRLMEndpoint.header.author[x].authorProfessional","FRLMEndpoint.header.author[x].authorProfessional","","","",0,*,"","","","https://interop.esante.gouv.fr/ig/document-core/StructureDefinition/FRLMHealthProfessional {[]} {[]}
","L'auteur est un professionnel de santé","L'auteur est un professionnel de santé","","","","","","","","","",,,,,"",,,,"FRLMEntry.header.author[x].authorProfessional",0,*,"",""
"FRLMEndpoint","FRLMEndpoint.header.author[x].authorOrganisation","FRLMEndpoint.header.author[x].authorOrganisation","","","",0,*,"","","","https://interop.esante.gouv.fr/ig/document-core/StructureDefinition/FRLMOrganisation {[]} {[]}
","L'auteur est une organisation","L'auteur est une organisation","","","","","","","","","",,,,,"",,,,"FRLMEntry.header.author[x].authorOrganisation",0,*,"",""
"FRLMEndpoint","FRLMEndpoint.header.author[x].authorDevice","FRLMEndpoint.header.author[x].authorDevice","","","",0,*,"","","","https://interop.esante.gouv.fr/ig/document-core/StructureDefinition/FRLMDevice {[]} {[]}
","L'auteur est un système","L'auteur est un système","","","","","","","","","",,,,,"",,,,"FRLMEntry.header.author[x].authorDevice",0,*,"",""
"FRLMEndpoint","FRLMEndpoint.header.performer[x]","FRLMEndpoint.header.performer[x]","","","",0,*,"","","","https://interop.esante.gouv.fr/ig/document-core/StructureDefinition/FRLMHealthProfessional {[]} {[]}
https://interop.esante.gouv.fr/ig/document-core/StructureDefinition/FRLMOrganisation {[]} {[]}","Exécutant (performer)","Exécutant (performer)","","","","","","","","","",,,,,"",,,,"FRLMEntry.header.performer[x]",0,*,"",""
"FRLMEndpoint","FRLMEndpoint.header.participant[x]","FRLMEndpoint.header.participant[x]","","","",0,*,"","","","Base {[]} {[]}
","Participant","Participant","","","","","","","","","",,,,,"",,,,"FRLMEntry.header.participant[x]",0,*,"",""
"FRLMEndpoint","FRLMEndpoint.header.participant[x].participantProfessional","FRLMEndpoint.header.participant[x].participantProfessional","","","",0,*,"","","","https://interop.esante.gouv.fr/ig/document-core/StructureDefinition/FRLMHealthProfessional {[]} {[]}
","Le participant est un professionnel de santé","Le participant est un professionnel de santé","","","","","","","","","",,,,,"",,,,"FRLMEntry.header.participant[x].participantProfessional",0,*,"",""
"FRLMEndpoint","FRLMEndpoint.header.participant[x].participantOrganisation","FRLMEndpoint.header.participant[x].participantOrganisation","","","",0,*,"","","","https://interop.esante.gouv.fr/ig/document-core/StructureDefinition/FRLMOrganisation {[]} {[]}
","Le participant est une organisation","Le participant est une organisation","","","","","","","","","",,,,,"",,,,"FRLMEntry.header.participant[x].participantOrganisation",0,*,"",""
"FRLMEndpoint","FRLMEndpoint.header.participant[x].participantDevice","FRLMEndpoint.header.participant[x].participantDevice","","","",0,*,"","","","https://interop.esante.gouv.fr/ig/document-core/StructureDefinition/FRLMDevice {[]} {[]}
","Le participant est un système","Le participant est un système","","","","","","","","","",,,,,"",,,,"FRLMEntry.header.participant[x].participantDevice",0,*,"",""
"FRLMEndpoint","FRLMEndpoint.header.informant","FRLMEndpoint.header.informant","","","",0,*,"","","","https://interop.esante.gouv.fr/ig/document-core/StructureDefinition/FRLMInformant {[]} {[]}
","Informateur","Informateur","","","","","","","","","",,,,,"",,,,"FRLMEntry.header.informant",0,*,"",""
"FRLMEndpoint","FRLMEndpoint.header.date","FRLMEndpoint.header.date","","","",0,1,"","","","dateTime {[]} {[]}
","Date/Heure de création par l'auteur","Date/Heure de création par l'auteur","","","","","","","","","",,,,,"",,,,"FRLMEntry.header.date",0,1,"",""
"FRLMEndpoint","FRLMEndpoint.header.status","FRLMEndpoint.header.status","","","",0,1,"","","","CodeableConcept {[]} {[]}
","Statut","Statut","","","","","","","","","",,,,,"",,,,"FRLMEntry.header.status",0,1,"",""
"FRLMEndpoint","FRLMEndpoint.header.source","FRLMEndpoint.header.source","","","",0,1,"","","","CodeableConcept {[]} {[]}
","Source","Source","","","","","","","","","",,,,,"",,,,"FRLMEntry.header.source",0,1,"",""
"FRLMEndpoint","FRLMEndpoint.header.language","FRLMEndpoint.header.language","","","",0,1,"","","","CodeableConcept {[]} {[]}
","'fr-FR' pour français métropolitain (la casse des caractères doit être respectée)
La partie en minuscules indique le code de la langue utilisée (ISO-639-1)
La partie en majuscules indique le code pays (ISO-3166)","'fr-FR' pour français métropolitain (la casse des caractères doit être respectée)
La partie en minuscules indique le code de la langue utilisée (ISO-639-1)
La partie en majuscules indique le code pays (ISO-3166)","","","","","","","","","",,,,,"",,,,"FRLMEntry.header.language",0,1,"",""
"FRLMEndpoint","FRLMEndpoint.connectionType","FRLMEndpoint.connectionType","","","",1,1,"","","","CodeableConcept {[]} {[]}
","IHE Invoke Image Display","IHE Invoke Image Display","","","","","","","","","",,,,,"",,,,"FRLMEndpoint.connectionType",1,1,"",""
"FRLMEndpoint","FRLMEndpoint.payloadType","FRLMEndpoint.payloadType","","","",1,1,"","","","CodeableConcept {[]} {[]}
","Type de media","Type de media","","","","","","","","","",,,,,"",,,,"FRLMEndpoint.payloadType",1,1,"",""
"FRLMEndpoint","FRLMEndpoint.address","FRLMEndpoint.address","","","",1,1,"","","","uri {[]} {[]}
","WADO reference","WADO reference","","","","","","","","","",,,,,"",,,,"FRLMEndpoint.address",1,1,"",""
"FRLMEntry","FRLMEntry","FRLMEntry","","","",0,*,"","","","null {[]} {[]}
","Logical model - FR LM Entry","Modèle logique représentant l'entrée","","","","","","","","","",,,,,"",,,,"Base",0,*,"",""
"FRLMEntry","FRLMEntry.header","FRLMEntry.header","","","",1,1,"","","","Base {[]} {[]}
","Métadonnées de base","Métadonnées de base","","","","","","","","","",,,,,"",,,,"FRLMEntry.header",1,1,"",""
"FRLMEntry","FRLMEntry.header.subject","FRLMEntry.header.subject","","","",1,1,"","","","https://interop.esante.gouv.fr/ig/document-core/StructureDefinition/FRLMPatient {[]} {[]}
","Patient / Usager","Patient / Usager","","","","","","","","","",,,,,"",,,,"FRLMEntry.header.subject",1,1,"",""
"FRLMEntry","FRLMEntry.header.identifier","FRLMEntry.header.identifier","","","",0,*,"","","","Identifier {[]} {[]}
","Identifiant de l’entrée","Identifiant de l’entrée","","","","","","","","","",,,,,"",,,,"FRLMEntry.header.identifier",0,*,"",""
"FRLMEntry","FRLMEntry.header.author[x]","FRLMEntry.header.author[x]","","","",0,*,"","","","Base {[]} {[]}
","author[x] peut correspondre soit à un professionnel, soit à une organisation, soit à un système.","author[x] peut correspondre soit à un professionnel, soit à une organisation, soit à un système.","","","","","","","","","",,,,,"",,,,"FRLMEntry.header.author[x]",0,*,"",""
"FRLMEntry","FRLMEntry.header.author[x].authorProfessional","FRLMEntry.header.author[x].authorProfessional","","","",0,*,"","","","https://interop.esante.gouv.fr/ig/document-core/StructureDefinition/FRLMHealthProfessional {[]} {[]}
","L'auteur est un professionnel de santé","L'auteur est un professionnel de santé","","","","","","","","","",,,,,"",,,,"FRLMEntry.header.author[x].authorProfessional",0,*,"",""
"FRLMEntry","FRLMEntry.header.author[x].authorOrganisation","FRLMEntry.header.author[x].authorOrganisation","","","",0,*,"","","","https://interop.esante.gouv.fr/ig/document-core/StructureDefinition/FRLMOrganisation {[]} {[]}
","L'auteur est une organisation","L'auteur est une organisation","","","","","","","","","",,,,,"",,,,"FRLMEntry.header.author[x].authorOrganisation",0,*,"",""
"FRLMEntry","FRLMEntry.header.author[x].authorDevice","FRLMEntry.header.author[x].authorDevice","","","",0,*,"","","","https://interop.esante.gouv.fr/ig/document-core/StructureDefinition/FRLMDevice {[]} {[]}
","L'auteur est un système","L'auteur est un système","","","","","","","","","",,,,,"",,,,"FRLMEntry.header.author[x].authorDevice",0,*,"",""
"FRLMEntry","FRLMEntry.header.performer[x]","FRLMEntry.header.performer[x]","","","",0,*,"","","","https://interop.esante.gouv.fr/ig/document-core/StructureDefinition/FRLMHealthProfessional {[]} {[]}
https://interop.esante.gouv.fr/ig/document-core/StructureDefinition/FRLMOrganisation {[]} {[]}","Exécutant (performer)","Exécutant (performer)","","","","","","","","","",,,,,"",,,,"FRLMEntry.header.performer[x]",0,*,"",""
"FRLMEntry","FRLMEntry.header.participant[x]","FRLMEntry.header.participant[x]","","","",0,*,"","","","Base {[]} {[]}
","Participant","Participant","","","","","","","","","",,,,,"",,,,"FRLMEntry.header.participant[x]",0,*,"",""
"FRLMEntry","FRLMEntry.header.participant[x].participantProfessional","FRLMEntry.header.participant[x].participantProfessional","","","",0,*,"","","","https://interop.esante.gouv.fr/ig/document-core/StructureDefinition/FRLMHealthProfessional {[]} {[]}
","Le participant est un professionnel de santé","Le participant est un professionnel de santé","","","","","","","","","",,,,,"",,,,"FRLMEntry.header.participant[x].participantProfessional",0,*,"",""
"FRLMEntry","FRLMEntry.header.participant[x].participantOrganisation","FRLMEntry.header.participant[x].participantOrganisation","","","",0,*,"","","","https://interop.esante.gouv.fr/ig/document-core/StructureDefinition/FRLMOrganisation {[]} {[]}
","Le participant est une organisation","Le participant est une organisation","","","","","","","","","",,,,,"",,,,"FRLMEntry.header.participant[x].participantOrganisation",0,*,"",""
"FRLMEntry","FRLMEntry.header.participant[x].participantDevice","FRLMEntry.header.participant[x].participantDevice","","","",0,*,"","","","https://interop.esante.gouv.fr/ig/document-core/StructureDefinition/FRLMDevice {[]} {[]}
","Le participant est un système","Le participant est un système","","","","","","","","","",,,,,"",,,,"FRLMEntry.header.participant[x].participantDevice",0,*,"",""
"FRLMEntry","FRLMEntry.header.informant","FRLMEntry.header.informant","","","",0,*,"","","","https://interop.esante.gouv.fr/ig/document-core/StructureDefinition/FRLMInformant {[]} {[]}
","Informateur","Informateur","","","","","","","","","",,,,,"",,,,"FRLMEntry.header.informant",0,*,"",""
"FRLMEntry","FRLMEntry.header.date","FRLMEntry.header.date","","","",0,1,"","","","dateTime {[]} {[]}
","Date/Heure de création par l'auteur","Date/Heure de création par l'auteur","","","","","","","","","",,,,,"",,,,"FRLMEntry.header.date",0,1,"",""
"FRLMEntry","FRLMEntry.header.status","FRLMEntry.header.status","","","",0,1,"","","","CodeableConcept {[]} {[]}
","Statut","Statut","","","","","","","","","",,,,,"",,,,"FRLMEntry.header.status",0,1,"",""
"FRLMEntry","FRLMEntry.header.source","FRLMEntry.header.source","","","",0,1,"","","","CodeableConcept {[]} {[]}
","Source","Source","","","","","","","","","",,,,,"",,,,"FRLMEntry.header.source",0,1,"",""
"FRLMEntry","FRLMEntry.header.language","FRLMEntry.header.language","","","",0,1,"","","","CodeableConcept {[]} {[]}
","'fr-FR' pour français métropolitain (la casse des caractères doit être respectée)
La partie en minuscules indique le code de la langue utilisée (ISO-639-1)
La partie en majuscules indique le code pays (ISO-3166)","'fr-FR' pour français métropolitain (la casse des caractères doit être respectée)
La partie en minuscules indique le code de la langue utilisée (ISO-639-1)
La partie en majuscules indique le code pays (ISO-3166)","","","","","","","","","",,,,,"",,,,"FRLMEntry.header.language",0,1,"",""
"FRLMExaminationReport","FRLMExaminationReport","FRLMExaminationReport","","","",0,*,"","","","null {[]} {[]}
","Logical model - FR LM Examination Report","Section Acte d'imagerie","","","","","","","","","",,,,,"",,,,"Base",0,*,"",""
"FRLMExaminationReport","FRLMExaminationReport.codeSection","FRLMExaminationReport.codeSection","","","",1,1,"","","","CodeableConcept {[]} {[]}
","Code de la section","Code de la section","","","","","","","","","",,,,,"",,,,"FRLMSection.codeSection",1,1,"",""
"FRLMExaminationReport","FRLMExaminationReport.titleSection","FRLMExaminationReport.titleSection","","","",1,1,"","","","string {[]} {[]}
","Titre de la section","Titre de la section","","","","","","","","","",,,,,"",,,,"FRLMSection.titleSection",0,1,"",""
"FRLMExaminationReport","FRLMExaminationReport.description","FRLMExaminationReport.description","","","",1,1,"","","","string {[]} {[]}
","Bloc narratif","Bloc narratif","","","","","","","","","",,,,,"",,,,"FRLMSection.description",1,1,"",""
"FRLMExaminationReport","FRLMExaminationReport.author[x]","FRLMExaminationReport.author[x]","","","",0,*,"","","","Base {[]} {[]}
","author[x] peut correspondre soit à un professionnel, soit à une organisation, soit à un système.","author[x] peut correspondre soit à un professionnel, soit à une organisation, soit à un système.","","","","","","","","","",,,,,"",,,,"FRLMSection.author[x]",0,*,"",""
"FRLMExaminationReport","FRLMExaminationReport.author[x].authorProfessional","FRLMExaminationReport.author[x].authorProfessional","","","",0,*,"","","","https://interop.esante.gouv.fr/ig/document-core/StructureDefinition/FRLMHealthProfessional {[]} {[]}
","L'auteur est un professionnel de santé","L'auteur est un professionnel de santé","","","","","","","","","",,,,,"",,,,"FRLMSection.author[x].authorProfessional",0,*,"",""
"FRLMExaminationReport","FRLMExaminationReport.author[x].authorOrganisation","FRLMExaminationReport.author[x].authorOrganisation","","","",0,*,"","","","https://interop.esante.gouv.fr/ig/document-core/StructureDefinition/FRLMOrganisation {[]} {[]}
","L'auteur est une organisation","L'auteur est une organisation","","","","","","","","","",,,,,"",,,,"FRLMSection.author[x].authorOrganisation",0,*,"",""
"FRLMExaminationReport","FRLMExaminationReport.author[x].authorDevice","FRLMExaminationReport.author[x].authorDevice","","","",0,*,"","","","https://interop.esante.gouv.fr/ig/document-core/StructureDefinition/FRLMDevice {[]} {[]}
","L'auteur est un système","L'auteur est un système","","","","","","","","","",,,,,"",,,,"FRLMSection.author[x].authorDevice",0,*,"",""
"FRLMExaminationReport","FRLMExaminationReport.informant","FRLMExaminationReport.informant","","","",0,*,"","","","https://interop.esante.gouv.fr/ig/document-core/StructureDefinition/FRLMInformant {[]} {[]}
","Informateur","Informateur","","","","","","","","","",,,,,"",,,,"FRLMSection.informant",0,*,"",""
"FRLMExaminationReport","FRLMExaminationReport.subSection","FRLMExaminationReport.subSection","","","",0,*,"","","","Base {[]} {[]}
","Sous-sections","Sous-sections","","","","","","","","","",,,,,"",,,,"FRLMSection.subSection",0,*,"",""
"FRLMExaminationReport","FRLMExaminationReport.subSection.conclusion","FRLMExaminationReport.subSection.conclusion","","","",0,1,"","","","https://interop.esante.gouv.fr/ig/document-core/StructureDefinition/FRLMConclusion {[]} {[]}
","Conclusion de l'examen","Conclusion de l'examen","","","","","","","","","",,,,,"",,,,"FRLMExaminationReport.subSection.conclusion",0,1,"",""
"FRLMExaminationReport","FRLMExaminationReport.entry","FRLMExaminationReport.entry","","","",0,*,"","","","Base {[]} {[]}
","Entrées","Entrées","","","","","","","","","",,,,,"",,,,"FRLMSection.entry",0,*,"",""
"FRLMExaminationReport","FRLMExaminationReport.entry.imagingProcedures","FRLMExaminationReport.entry.imagingProcedures","","","",1,1,"","","","https://interop.esante.gouv.fr/ig/document-core/StructureDefinition/FRLMProcedure {[]} {[]}
","Entrée Techniques d'imagerie","Entrée Techniques d'imagerie","","","","","","","","","",,,,,"",,,,"FRLMExaminationReport.entry.imagingProcedures",1,1,"",""
"FRLMExaminationReport","FRLMExaminationReport.entry.medicationAdministrations","FRLMExaminationReport.entry.medicationAdministrations","","","",0,*,"","","","https://interop.esante.gouv.fr/ig/document-core/StructureDefinition/FRLMMedicationAdministration {[]} {[]}
","Entrée Produits de santé administrés pendant l'acte d'imagerie","Entrée Produits de santé administrés pendant l'acte d'imagerie","","","","","","","","","",,,,,"",,,,"FRLMExaminationReport.entry.medicationAdministrations",0,*,"",""
"FRLMExaminationReport","FRLMExaminationReport.entry.adverseReactions","FRLMExaminationReport.entry.adverseReactions","","","",0,*,"","","","https://interop.esante.gouv.fr/ig/document-core/StructureDefinition/FRLMAllergyIntolerance {[]} {[]}
","Entrée allergies et intolérances","Entrée allergies et intolérances","","","","","","","","","",,,,,"",,,,"FRLMExaminationReport.entry.adverseReactions",0,*,"",""
"FRLMExaminationReport","FRLMExaminationReport.entry.results[x]","FRLMExaminationReport.entry.results[x]","","","",0,*,"","","","https://interop.esante.gouv.fr/ig/document-core/StructureDefinition/FRLMObservation {[]} {[]}
string {[]} {[]}","Résultats d'examens","Résultats d'examens","","","","","","","","","",,,,,"",,,,"FRLMExaminationReport.entry.results[x]",0,*,"",""
"FRLMExposureInformation","FRLMExposureInformation","FRLMExposureInformation","","","",0,*,"","","","null {[]} {[]}
","Logical model - FR LM Exposure Information","Section Exposition aux radiations","","","","","","","","","",,,,,"",,,,"Base",0,*,"",""
"FRLMExposureInformation","FRLMExposureInformation.codeSection","FRLMExposureInformation.codeSection","","","",1,1,"","","","CodeableConcept {[]} {[]}
","Code de la section","Code de la section","","","","","","","","","",,,,,"",,,,"FRLMSection.codeSection",1,1,"",""
"FRLMExposureInformation","FRLMExposureInformation.titleSection","FRLMExposureInformation.titleSection","","","",1,1,"","","","string {[]} {[]}
","Titre de la section","Titre de la section","","","","","","","","","",,,,,"",,,,"FRLMSection.titleSection",0,1,"",""
"FRLMExposureInformation","FRLMExposureInformation.description","FRLMExposureInformation.description","","","",1,1,"","","","string {[]} {[]}
","Bloc narratif","Bloc narratif","","","","","","","","","",,,,,"",,,,"FRLMSection.description",1,1,"",""
"FRLMExposureInformation","FRLMExposureInformation.author[x]","FRLMExposureInformation.author[x]","","","",0,*,"","","","Base {[]} {[]}
","author[x] peut correspondre soit à un professionnel, soit à une organisation, soit à un système.","author[x] peut correspondre soit à un professionnel, soit à une organisation, soit à un système.","","","","","","","","","",,,,,"",,,,"FRLMSection.author[x]",0,*,"",""
"FRLMExposureInformation","FRLMExposureInformation.author[x].authorProfessional","FRLMExposureInformation.author[x].authorProfessional","","","",0,*,"","","","https://interop.esante.gouv.fr/ig/document-core/StructureDefinition/FRLMHealthProfessional {[]} {[]}
","L'auteur est un professionnel de santé","L'auteur est un professionnel de santé","","","","","","","","","",,,,,"",,,,"FRLMSection.author[x].authorProfessional",0,*,"",""
"FRLMExposureInformation","FRLMExposureInformation.author[x].authorOrganisation","FRLMExposureInformation.author[x].authorOrganisation","","","",0,*,"","","","https://interop.esante.gouv.fr/ig/document-core/StructureDefinition/FRLMOrganisation {[]} {[]}
","L'auteur est une organisation","L'auteur est une organisation","","","","","","","","","",,,,,"",,,,"FRLMSection.author[x].authorOrganisation",0,*,"",""
"FRLMExposureInformation","FRLMExposureInformation.author[x].authorDevice","FRLMExposureInformation.author[x].authorDevice","","","",0,*,"","","","https://interop.esante.gouv.fr/ig/document-core/StructureDefinition/FRLMDevice {[]} {[]}
","L'auteur est un système","L'auteur est un système","","","","","","","","","",,,,,"",,,,"FRLMSection.author[x].authorDevice",0,*,"",""
"FRLMExposureInformation","FRLMExposureInformation.informant","FRLMExposureInformation.informant","","","",0,*,"","","","https://interop.esante.gouv.fr/ig/document-core/StructureDefinition/FRLMInformant {[]} {[]}
","Informateur","Informateur","","","","","","","","","",,,,,"",,,,"FRLMSection.informant",0,*,"",""
"FRLMExposureInformation","FRLMExposureInformation.subSection","FRLMExposureInformation.subSection","","","",0,0,"","","","Base {[]} {[]}
","Sous-sections","Sous-sections","","","","","","","","","",,,,,"",,,,"FRLMSection.subSection",0,*,"",""
"FRLMExposureInformation","FRLMExposureInformation.subSection.quantityExposure","FRLMExposureInformation.subSection.quantityExposure","","","",0,*,"","","","https://interop.esante.gouv.fr/ig/document-core/StructureDefinition/FRLMQuantityExposure {[]} {[]}
","Entrée Quantité","Entrée Quantité","","","","","","","","","",,,,,"",,,,"FRLMExposureInformation.subSection.quantityExposure",0,*,"",""
"FRLMExposureInformation","FRLMExposureInformation.subSection.radiopharmaceuticalAdministration","FRLMExposureInformation.subSection.radiopharmaceuticalAdministration","","","",0,1,"","","","https://interop.esante.gouv.fr/ig/document-core/StructureDefinition/FRLMMedicationAdministration {[]} {[]}
","Entrée administration des produits radiopharmaceutiques","Entrée administration des produits radiopharmaceutiques","","","","","","","","","",,,,,"",,,,"FRLMExposureInformation.subSection.radiopharmaceuticalAdministration",0,1,"",""
"FRLMExposureInformation","FRLMExposureInformation.entry","FRLMExposureInformation.entry","","","",0,*,"","","","Base {[]} {[]}
","Entrées","Entrées","","","","","","","","","",,,,,"",,,,"FRLMSection.entry",0,*,"",""
"FRLMFamilyMedicalHistory","FRLMFamilyMedicalHistory","FRLMFamilyMedicalHistory","","","",0,*,"","","","null {[]} {[]}
","Logical model - FR LM Family Medical History","Section Antécédents familiaux","","","","","","","","","",,,,,"",,,,"Base",0,*,"",""
"FRLMFamilyMedicalHistory","FRLMFamilyMedicalHistory.codeSection","FRLMFamilyMedicalHistory.codeSection","","","",1,1,"","","","CodeableConcept {[]} {[]}
","Code de la section","Code de la section","","","","","","","","","",,,,,"",,,,"FRLMSection.codeSection",1,1,"",""
"FRLMFamilyMedicalHistory","FRLMFamilyMedicalHistory.titleSection","FRLMFamilyMedicalHistory.titleSection","","","",0,1,"","","","string {[]} {[]}
","Titre de la section","Titre de la section","","","","","","","","","",,,,,"",,,,"FRLMSection.titleSection",0,1,"",""
"FRLMFamilyMedicalHistory","FRLMFamilyMedicalHistory.description","FRLMFamilyMedicalHistory.description","","","",1,1,"","","","string {[]} {[]}
","Bloc narratif","Bloc narratif","","","","","","","","","",,,,,"",,,,"FRLMSection.description",1,1,"",""
"FRLMFamilyMedicalHistory","FRLMFamilyMedicalHistory.author[x]","FRLMFamilyMedicalHistory.author[x]","","","",0,*,"","","","Base {[]} {[]}
","author[x] peut correspondre soit à un professionnel, soit à une organisation, soit à un système.","author[x] peut correspondre soit à un professionnel, soit à une organisation, soit à un système.","","","","","","","","","",,,,,"",,,,"FRLMSection.author[x]",0,*,"",""
"FRLMFamilyMedicalHistory","FRLMFamilyMedicalHistory.author[x].authorProfessional","FRLMFamilyMedicalHistory.author[x].authorProfessional","","","",0,*,"","","","https://interop.esante.gouv.fr/ig/document-core/StructureDefinition/FRLMHealthProfessional {[]} {[]}
","L'auteur est un professionnel de santé","L'auteur est un professionnel de santé","","","","","","","","","",,,,,"",,,,"FRLMSection.author[x].authorProfessional",0,*,"",""
"FRLMFamilyMedicalHistory","FRLMFamilyMedicalHistory.author[x].authorOrganisation","FRLMFamilyMedicalHistory.author[x].authorOrganisation","","","",0,*,"","","","https://interop.esante.gouv.fr/ig/document-core/StructureDefinition/FRLMOrganisation {[]} {[]}
","L'auteur est une organisation","L'auteur est une organisation","","","","","","","","","",,,,,"",,,,"FRLMSection.author[x].authorOrganisation",0,*,"",""
"FRLMFamilyMedicalHistory","FRLMFamilyMedicalHistory.author[x].authorDevice","FRLMFamilyMedicalHistory.author[x].authorDevice","","","",0,*,"","","","https://interop.esante.gouv.fr/ig/document-core/StructureDefinition/FRLMDevice {[]} {[]}
","L'auteur est un système","L'auteur est un système","","","","","","","","","",,,,,"",,,,"FRLMSection.author[x].authorDevice",0,*,"",""
"FRLMFamilyMedicalHistory","FRLMFamilyMedicalHistory.informant","FRLMFamilyMedicalHistory.informant","","","",0,*,"","","","https://interop.esante.gouv.fr/ig/document-core/StructureDefinition/FRLMInformant {[]} {[]}
","Informateur","Informateur","","","","","","","","","",,,,,"",,,,"FRLMSection.informant",0,*,"",""
"FRLMFamilyMedicalHistory","FRLMFamilyMedicalHistory.subSection","FRLMFamilyMedicalHistory.subSection","","","",0,0,"","","","Base {[]} {[]}
","Sous-sections","Sous-sections","","","","","","","","","",,,,,"",,,,"FRLMSection.subSection",0,*,"",""
"FRLMFamilyMedicalHistory","FRLMFamilyMedicalHistory.entry","FRLMFamilyMedicalHistory.entry","","","",1,*,"","","","Base {[]} {[]}
","Entrées","Entrées","","","","","","","","","",,,,,"",,,,"FRLMSection.entry",0,*,"",""
"FRLMFamilyMedicalHistory","FRLMFamilyMedicalHistory.entry.familyMemberHistory","FRLMFamilyMedicalHistory.entry.familyMemberHistory","","","",1,*,"","","","https://interop.esante.gouv.fr/ig/document-core/StructureDefinition/FRLMFamilyMemberHistory {[]} {[]}
","Entrée Antécédents familiaux","Entrée Antécédents familiaux","","","","","","","","","",,,,,"",,,,"FRLMFamilyMedicalHistory.entry.familyMemberHistory",1,*,"",""
"FRLMFamilyMemberHistory","FRLMFamilyMemberHistory","FRLMFamilyMemberHistory","","","",0,*,"","","","null {[]} {[]}
","Logical model - FR LM Family Member History","Antécédent familial","","","","","","","","","",,,,,"",,,,"Base",0,*,"",""
"FRLMFamilyMemberHistory","FRLMFamilyMemberHistory.header","FRLMFamilyMemberHistory.header","","","",1,1,"","","","Base {[]} {[]}
","Métadonnées de base","Métadonnées de base","","","","","","","","","",,,,,"",,,,"FRLMEntry.header",1,1,"",""
"FRLMFamilyMemberHistory","FRLMFamilyMemberHistory.header.subject","FRLMFamilyMemberHistory.header.subject","","","",1,1,"","","","https://interop.esante.gouv.fr/ig/document-core/StructureDefinition/FRLMPatient {[]} {[]}
","Patient / Usager","Patient / Usager","","","","","","","","","",,,,,"",,,,"FRLMEntry.header.subject",1,1,"",""
"FRLMFamilyMemberHistory","FRLMFamilyMemberHistory.header.identifier","FRLMFamilyMemberHistory.header.identifier","","","",0,*,"","","","Identifier {[]} {[]}
","Identifiant de l’entrée","Identifiant de l’entrée","","","","","","","","","",,,,,"",,,,"FRLMEntry.header.identifier",0,*,"",""
"FRLMFamilyMemberHistory","FRLMFamilyMemberHistory.header.author[x]","FRLMFamilyMemberHistory.header.author[x]","","","",0,*,"","","","Base {[]} {[]}
","author[x] peut correspondre soit à un professionnel, soit à une organisation, soit à un système.","author[x] peut correspondre soit à un professionnel, soit à une organisation, soit à un système.","","","","","","","","","",,,,,"",,,,"FRLMEntry.header.author[x]",0,*,"",""
"FRLMFamilyMemberHistory","FRLMFamilyMemberHistory.header.author[x].authorProfessional","FRLMFamilyMemberHistory.header.author[x].authorProfessional","","","",0,*,"","","","https://interop.esante.gouv.fr/ig/document-core/StructureDefinition/FRLMHealthProfessional {[]} {[]}
","L'auteur est un professionnel de santé","L'auteur est un professionnel de santé","","","","","","","","","",,,,,"",,,,"FRLMEntry.header.author[x].authorProfessional",0,*,"",""
"FRLMFamilyMemberHistory","FRLMFamilyMemberHistory.header.author[x].authorOrganisation","FRLMFamilyMemberHistory.header.author[x].authorOrganisation","","","",0,*,"","","","https://interop.esante.gouv.fr/ig/document-core/StructureDefinition/FRLMOrganisation {[]} {[]}
","L'auteur est une organisation","L'auteur est une organisation","","","","","","","","","",,,,,"",,,,"FRLMEntry.header.author[x].authorOrganisation",0,*,"",""
"FRLMFamilyMemberHistory","FRLMFamilyMemberHistory.header.author[x].authorDevice","FRLMFamilyMemberHistory.header.author[x].authorDevice","","","",0,*,"","","","https://interop.esante.gouv.fr/ig/document-core/StructureDefinition/FRLMDevice {[]} {[]}
","L'auteur est un système","L'auteur est un système","","","","","","","","","",,,,,"",,,,"FRLMEntry.header.author[x].authorDevice",0,*,"",""
"FRLMFamilyMemberHistory","FRLMFamilyMemberHistory.header.performer[x]","FRLMFamilyMemberHistory.header.performer[x]","","","",0,*,"","","","https://interop.esante.gouv.fr/ig/document-core/StructureDefinition/FRLMHealthProfessional {[]} {[]}
https://interop.esante.gouv.fr/ig/document-core/StructureDefinition/FRLMOrganisation {[]} {[]}","Exécutant (performer)","Exécutant (performer)","","","","","","","","","",,,,,"",,,,"FRLMEntry.header.performer[x]",0,*,"",""
"FRLMFamilyMemberHistory","FRLMFamilyMemberHistory.header.participant[x]","FRLMFamilyMemberHistory.header.participant[x]","","","",0,*,"","","","Base {[]} {[]}
","Participant","Participant","","","","","","","","","",,,,,"",,,,"FRLMEntry.header.participant[x]",0,*,"",""
"FRLMFamilyMemberHistory","FRLMFamilyMemberHistory.header.participant[x].participantProfessional","FRLMFamilyMemberHistory.header.participant[x].participantProfessional","","","",0,*,"","","","https://interop.esante.gouv.fr/ig/document-core/StructureDefinition/FRLMHealthProfessional {[]} {[]}
","Le participant est un professionnel de santé","Le participant est un professionnel de santé","","","","","","","","","",,,,,"",,,,"FRLMEntry.header.participant[x].participantProfessional",0,*,"",""
"FRLMFamilyMemberHistory","FRLMFamilyMemberHistory.header.participant[x].participantOrganisation","FRLMFamilyMemberHistory.header.participant[x].participantOrganisation","","","",0,*,"","","","https://interop.esante.gouv.fr/ig/document-core/StructureDefinition/FRLMOrganisation {[]} {[]}
","Le participant est une organisation","Le participant est une organisation","","","","","","","","","",,,,,"",,,,"FRLMEntry.header.participant[x].participantOrganisation",0,*,"",""
"FRLMFamilyMemberHistory","FRLMFamilyMemberHistory.header.participant[x].participantDevice","FRLMFamilyMemberHistory.header.participant[x].participantDevice","","","",0,*,"","","","https://interop.esante.gouv.fr/ig/document-core/StructureDefinition/FRLMDevice {[]} {[]}
","Le participant est un système","Le participant est un système","","","","","","","","","",,,,,"",,,,"FRLMEntry.header.participant[x].participantDevice",0,*,"",""
"FRLMFamilyMemberHistory","FRLMFamilyMemberHistory.header.informant","FRLMFamilyMemberHistory.header.informant","","","",0,*,"","","","https://interop.esante.gouv.fr/ig/document-core/StructureDefinition/FRLMInformant {[]} {[]}
","Informateur","Informateur","","","","","","","","","",,,,,"",,,,"FRLMEntry.header.informant",0,*,"",""
"FRLMFamilyMemberHistory","FRLMFamilyMemberHistory.header.date","FRLMFamilyMemberHistory.header.date","","","",0,1,"","","","dateTime {[]} {[]}
","Date/Heure de création par l'auteur","Date/Heure de création par l'auteur","","","","","","","","","",,,,,"",,,,"FRLMEntry.header.date",0,1,"",""
"FRLMFamilyMemberHistory","FRLMFamilyMemberHistory.header.status","FRLMFamilyMemberHistory.header.status","","","",1,1,"","","","CodeableConcept {[]} {[]}
","Statut","Statut","","","","","","","","","",,"required","Statut de l'entrée provenant du jdv FHIR https://hl7.org/fhir/R4/valueset-history-status","https://hl7.org/fhir/R4/valueset-history-status.html","",,,,"FRLMEntry.header.status",0,1,"",""
"FRLMFamilyMemberHistory","FRLMFamilyMemberHistory.header.source","FRLMFamilyMemberHistory.header.source","","","",0,1,"","","","CodeableConcept {[]} {[]}
","Source","Source","","","","","","","","","",,,,,"",,,,"FRLMEntry.header.source",0,1,"",""
"FRLMFamilyMemberHistory","FRLMFamilyMemberHistory.header.language","FRLMFamilyMemberHistory.header.language","","","",0,1,"","","","CodeableConcept {[]} {[]}
","'fr-FR' pour français métropolitain (la casse des caractères doit être respectée)
La partie en minuscules indique le code de la langue utilisée (ISO-639-1)
La partie en majuscules indique le code pays (ISO-3166)","'fr-FR' pour français métropolitain (la casse des caractères doit être respectée)
La partie en minuscules indique le code de la langue utilisée (ISO-639-1)
La partie en majuscules indique le code pays (ISO-3166)","","","","","","","","","",,,,,"",,,,"FRLMEntry.header.language",0,1,"",""
"FRLMFamilyMemberHistory","FRLMFamilyMemberHistory.relatedPerson","FRLMFamilyMemberHistory.relatedPerson","","","",1,1,"","","","https://interop.esante.gouv.fr/ig/document-core/StructureDefinition/FRLMRelatedPerson {[]} {[]}
","Membre de la famille","Membre de la famille","","","","","","","","","",,,,,"",,,,"FRLMFamilyMemberHistory.relatedPerson",1,1,"",""
"FRLMFamilyMemberHistory","FRLMFamilyMemberHistory.condition","FRLMFamilyMemberHistory.condition","","","",0,*,"","","","BackboneElement {[]} {[]}
","Problème du membre de la famille","Problème du membre de la famille","","","","","","","","","",,,,,"",,,,"FRLMFamilyMemberHistory.condition",0,*,"","ele-1:All FHIR elements must have a @value or children {hasValue() or (children().count() > id.count())}
"
"FRLMFamilyMemberHistory","FRLMFamilyMemberHistory.condition.id","FRLMFamilyMemberHistory.condition.id","","","",0,1,"","","","string {[]} {[]}
","Unique id for inter-element referencing","Unique id for the element within a resource (for internal references). This may be any string value that does not contain spaces.","","","","","","","","","",,,,,"",,,,"Element.id",0,1,"",""
"FRLMFamilyMemberHistory","FRLMFamilyMemberHistory.condition.extension","FRLMFamilyMemberHistory.condition.extension","","extensions
user content","",0,*,"","","","Extension {[]} {[]}
","Additional content defined by implementations","May be used to represent additional information that is not part of the basic definition of the element. To make the use of extensions safe and manageable, there is a strict set of governance  applied to the definition and use of extensions. Though any implementer can define an extension, there is a set of requirements that SHALL be met as part of the definition of the extension.","There can be no stigma associated with the use of extensions by any application, project, or standard - regardless of the institution or jurisdiction that uses or defines the extensions.  The use of extensions is what allows the FHIR specification to retain a core level of simplicity for everyone.","","","","","","","","",,,,,"","value:url}
","Extensions are always sliced by (at least) url",,"open","Element.extension",0,*,"","ele-1:All FHIR elements must have a @value or children {hasValue() or (children().count() > id.count())}
ext-1:Must have either extensions or value[x], not both {extension.exists() != value.exists()}"
"FRLMFamilyMemberHistory","FRLMFamilyMemberHistory.condition.modifierExtension","FRLMFamilyMemberHistory.condition.modifierExtension","","extensions
user contentmodifiers","",0,*,"","Y","Y","Extension {[]} {[]}
","Extensions that cannot be ignored even if unrecognized","May be used to represent additional information that is not part of the basic definition of the element and that modifies the understanding of the element in which it is contained and/or the understanding of the containing element's descendants. Usually modifier elements provide negation or qualification. To make the use of extensions safe and manageable, there is a strict set of governance applied to the definition and use of extensions. Though any implementer can define an extension, there is a set of requirements that SHALL be met as part of the definition of the extension. Applications processing a resource are required to check for modifier extensions.

Modifier extensions SHALL NOT change the meaning of any elements on Resource or DomainResource (including cannot change the meaning of modifierExtension itself).","There can be no stigma associated with the use of extensions by any application, project, or standard - regardless of the institution or jurisdiction that uses or defines the extensions.  The use of extensions is what allows the FHIR specification to retain a core level of simplicity for everyone.","Modifier extensions allow for extensions that *cannot* be safely ignored to be clearly distinguished from the vast majority of extensions which can be safely ignored.  This promotes interoperability by eliminating the need for implementers to prohibit the presence of extensions. For further information, see the [definition of modifier extensions](http://hl7.org/fhir/R4/extensibility.html#modifierExtension).","","","","","","","",,,,,"",,,,"BackboneElement.modifierExtension",0,*,"","ele-1:All FHIR elements must have a @value or children {hasValue() or (children().count() > id.count())}
ext-1:Must have either extensions or value[x], not both {extension.exists() != value.exists()}"
"FRLMFamilyMemberHistory","FRLMFamilyMemberHistory.condition.code","FRLMFamilyMemberHistory.condition.code","","","",1,1,"","","","CodeableConcept {[]} {[]}
","Problème du membre de la famille","Problème du membre de la famille","","","","","","","","","",,,,,"",,,,"FRLMFamilyMemberHistory.condition.code",1,1,"",""
"FRLMFamilyMemberHistory","FRLMFamilyMemberHistory.condition.outcome","FRLMFamilyMemberHistory.condition.outcome","","","",0,1,"","","","CodeableConcept {[]} {[]}
","mort(e) | incapacité ; sévère | etc.","mort(e) | incapacité ; sévère | etc.","","","","","","","","","",,"required","Statut provenant du jdv-health-status-code-cisis (1.2.250.1.213.1.1.4.2.283.1)","https://smt.esante.gouv.fr/fhir/ValueSet/jdv-health-status-code-cisis|20260619134042","",,,,"FRLMFamilyMemberHistory.condition.outcome",0,1,"",""
"FRLMFamilyMemberHistory","FRLMFamilyMemberHistory.condition.contributedToDeath","FRLMFamilyMemberHistory.condition.contributedToDeath","","","",0,1,"","","","boolean {[]} {[]}
","problème cause du décès (O/N)","problème cause du décès (O/N)","","","","","","","","","",,,,,"",,,,"FRLMFamilyMemberHistory.condition.contributedToDeath",0,1,"",""
"FRLMFamilyMemberHistory","FRLMFamilyMemberHistory.condition.onset[x]","FRLMFamilyMemberHistory.condition.onset[x]","","","",0,1,"","","","dateTime {[]} {[]}
Period {[]} {[]}","Date du problème","Date du problème","","","","","","","","","",,,,,"",,,,"FRLMFamilyMemberHistory.condition.onset[x]",0,1,"",""
"FRLMFamilyMemberHistory","FRLMFamilyMemberHistory.condition.bodySite","FRLMFamilyMemberHistory.condition.bodySite","","","",0,1,"","","","https://interop.esante.gouv.fr/ig/document-core/StructureDefinition/FRLMBodyStructure {[]} {[]}
","Site de l'observation","Site de l'observation","","","","","","","","","",,,,,"",,,,"FRLMFamilyMemberHistory.condition.bodySite",0,1,"",""
"FRLMFamilyMemberHistory","FRLMFamilyMemberHistory.note","FRLMFamilyMemberHistory.note","","","",0,1,"","","","string {[]} {[]}
","Commentaire","Commentaire","","","","","","","","","",,,,,"",,,,"FRLMFamilyMemberHistory.note",0,1,"",""
"FRLMFunctionalStatus","FRLMFunctionalStatus","FRLMFunctionalStatus","","","",0,*,"","","","null {[]} {[]}
","logical model- FR LM Functional Status","Section Statut fonctionnel","","","","","","","","","",,,,,"",,,,"Base",0,*,"",""
"FRLMFunctionalStatus","FRLMFunctionalStatus.codeSection","FRLMFunctionalStatus.codeSection","","","",1,1,"","","","CodeableConcept {[]} {[]}
","Code de la section","Code de la section","","","","","","","","","",,,,,"",,,,"FRLMSection.codeSection",1,1,"",""
"FRLMFunctionalStatus","FRLMFunctionalStatus.titleSection","FRLMFunctionalStatus.titleSection","","","",1,1,"","","","string {[]} {[]}
","Titre de la section","Titre de la section","","","","","","","","","",,,,,"",,,,"FRLMSection.titleSection",0,1,"",""
"FRLMFunctionalStatus","FRLMFunctionalStatus.description","FRLMFunctionalStatus.description","","","",1,1,"","","","string {[]} {[]}
","Bloc narratif","Bloc narratif","","","","","","","","","",,,,,"",,,,"FRLMSection.description",1,1,"",""
"FRLMFunctionalStatus","FRLMFunctionalStatus.author[x]","FRLMFunctionalStatus.author[x]","","","",0,*,"","","","Base {[]} {[]}
","author[x] peut correspondre soit à un professionnel, soit à une organisation, soit à un système.","author[x] peut correspondre soit à un professionnel, soit à une organisation, soit à un système.","","","","","","","","","",,,,,"",,,,"FRLMSection.author[x]",0,*,"",""
"FRLMFunctionalStatus","FRLMFunctionalStatus.author[x].authorProfessional","FRLMFunctionalStatus.author[x].authorProfessional","","","",0,*,"","","","https://interop.esante.gouv.fr/ig/document-core/StructureDefinition/FRLMHealthProfessional {[]} {[]}
","L'auteur est un professionnel de santé","L'auteur est un professionnel de santé","","","","","","","","","",,,,,"",,,,"FRLMSection.author[x].authorProfessional",0,*,"",""
"FRLMFunctionalStatus","FRLMFunctionalStatus.author[x].authorOrganisation","FRLMFunctionalStatus.author[x].authorOrganisation","","","",0,*,"","","","https://interop.esante.gouv.fr/ig/document-core/StructureDefinition/FRLMOrganisation {[]} {[]}
","L'auteur est une organisation","L'auteur est une organisation","","","","","","","","","",,,,,"",,,,"FRLMSection.author[x].authorOrganisation",0,*,"",""
"FRLMFunctionalStatus","FRLMFunctionalStatus.author[x].authorDevice","FRLMFunctionalStatus.author[x].authorDevice","","","",0,*,"","","","https://interop.esante.gouv.fr/ig/document-core/StructureDefinition/FRLMDevice {[]} {[]}
","L'auteur est un système","L'auteur est un système","","","","","","","","","",,,,,"",,,,"FRLMSection.author[x].authorDevice",0,*,"",""
"FRLMFunctionalStatus","FRLMFunctionalStatus.informant","FRLMFunctionalStatus.informant","","","",0,*,"","","","https://interop.esante.gouv.fr/ig/document-core/StructureDefinition/FRLMInformant {[]} {[]}
","Informateur","Informateur","","","","","","","","","",,,,,"",,,,"FRLMSection.informant",0,*,"",""
"FRLMFunctionalStatus","FRLMFunctionalStatus.subSection","FRLMFunctionalStatus.subSection","","","",0,0,"","","","Base {[]} {[]}
","Sous-sections","Sous-sections","","","","","","","","","",,,,,"",,,,"FRLMSection.subSection",0,*,"",""
"FRLMFunctionalStatus","FRLMFunctionalStatus.entry","FRLMFunctionalStatus.entry","","","",0,*,"","","","Base {[]} {[]}
","Entrées","Entrées","","","","","","","","","",,,,,"",,,,"FRLMSection.entry",0,*,"",""
"FRLMFunctionalStatus","FRLMFunctionalStatus.entry.assessment","FRLMFunctionalStatus.entry.assessment","","","",0,*,"","","","https://interop.esante.gouv.fr/ig/document-core/StructureDefinition/FRLMObservationAssessment {[]} {[]}
","résultat d'une évaluation du statut fonctionnel","résultat d'une évaluation du statut fonctionnel","","","","","","","","","",,,,,"",,,,"FRLMFunctionalStatus.entry.assessment",0,*,"",""
"FRLMHazardousWorkingConditions","FRLMHazardousWorkingConditions","FRLMHazardousWorkingConditions","","","",0,*,"","","","null {[]} {[]}
","Logical model - FR LM Hazardous Working Conditions","Section Facteurs de risque professionnels non codés","","","","","","","","","",,,,,"",,,,"Base",0,*,"",""
"FRLMHazardousWorkingConditions","FRLMHazardousWorkingConditions.codeSection","FRLMHazardousWorkingConditions.codeSection","","","",1,1,"","","","CodeableConcept {[]} {[]}
","Code de la section","Code de la section","","","","","","","","","",,,,,"",,,,"FRLMSection.codeSection",1,1,"",""
"FRLMHazardousWorkingConditions","FRLMHazardousWorkingConditions.titleSection","FRLMHazardousWorkingConditions.titleSection","","","",0,1,"","","","string {[]} {[]}
","Titre de la section","Titre de la section","","","","","","","","","",,,,,"",,,,"FRLMSection.titleSection",0,1,"",""
"FRLMHazardousWorkingConditions","FRLMHazardousWorkingConditions.description","FRLMHazardousWorkingConditions.description","","","",1,1,"","","","string {[]} {[]}
","Bloc narratif","Bloc narratif","","","","","","","","","",,,,,"",,,,"FRLMSection.description",1,1,"",""
"FRLMHazardousWorkingConditions","FRLMHazardousWorkingConditions.author[x]","FRLMHazardousWorkingConditions.author[x]","","","",0,*,"","","","Base {[]} {[]}
","author[x] peut correspondre soit à un professionnel, soit à une organisation, soit à un système.","author[x] peut correspondre soit à un professionnel, soit à une organisation, soit à un système.","","","","","","","","","",,,,,"",,,,"FRLMSection.author[x]",0,*,"",""
"FRLMHazardousWorkingConditions","FRLMHazardousWorkingConditions.author[x].authorProfessional","FRLMHazardousWorkingConditions.author[x].authorProfessional","","","",0,*,"","","","https://interop.esante.gouv.fr/ig/document-core/StructureDefinition/FRLMHealthProfessional {[]} {[]}
","L'auteur est un professionnel de santé","L'auteur est un professionnel de santé","","","","","","","","","",,,,,"",,,,"FRLMSection.author[x].authorProfessional",0,*,"",""
"FRLMHazardousWorkingConditions","FRLMHazardousWorkingConditions.author[x].authorOrganisation","FRLMHazardousWorkingConditions.author[x].authorOrganisation","","","",0,*,"","","","https://interop.esante.gouv.fr/ig/document-core/StructureDefinition/FRLMOrganisation {[]} {[]}
","L'auteur est une organisation","L'auteur est une organisation","","","","","","","","","",,,,,"",,,,"FRLMSection.author[x].authorOrganisation",0,*,"",""
"FRLMHazardousWorkingConditions","FRLMHazardousWorkingConditions.author[x].authorDevice","FRLMHazardousWorkingConditions.author[x].authorDevice","","","",0,*,"","","","https://interop.esante.gouv.fr/ig/document-core/StructureDefinition/FRLMDevice {[]} {[]}
","L'auteur est un système","L'auteur est un système","","","","","","","","","",,,,,"",,,,"FRLMSection.author[x].authorDevice",0,*,"",""
"FRLMHazardousWorkingConditions","FRLMHazardousWorkingConditions.informant","FRLMHazardousWorkingConditions.informant","","","",0,*,"","","","https://interop.esante.gouv.fr/ig/document-core/StructureDefinition/FRLMInformant {[]} {[]}
","Informateur","Informateur","","","","","","","","","",,,,,"",,,,"FRLMSection.informant",0,*,"",""
"FRLMHazardousWorkingConditions","FRLMHazardousWorkingConditions.subSection","FRLMHazardousWorkingConditions.subSection","","","",0,0,"","","","Base {[]} {[]}
","Sous-sections","Sous-sections","","","","","","","","","",,,,,"",,,,"FRLMSection.subSection",0,*,"",""
"FRLMHazardousWorkingConditions","FRLMHazardousWorkingConditions.entry","FRLMHazardousWorkingConditions.entry","","","",0,0,"","","","Base {[]} {[]}
","Entrées","Entrées","","","","","","","","","",,,,,"",,,,"FRLMSection.entry",0,*,"",""
"FRLMHeaderDocument","FRLMHeaderDocument","FRLMHeaderDocument","","","",0,*,"","","","null {[]} {[]}
","Logical model - FR LM Header Document","Eléments de l'entête d'un document contenant les informations générales et nécessaires à la gestion du document (identification et type du document, patient/usager, auteur, évènement documenté, etc...).","","","","","","","","","",,,,,"",,,,"Base",0,*,"",""
"FRLMHeaderDocument","FRLMHeaderDocument.identifier","FRLMHeaderDocument.identifier","","","",1,*,"","","","Identifier {[]} {[]}
","Identifiant unique du document et/ou du lot de version du meme document.","Identifiant unique du document et/ou du lot de version du meme document.","","","","","","","","","",,,,,"",,,,"FRLMHeaderDocument.identifier",1,*,"",""
"FRLMHeaderDocument","FRLMHeaderDocument.documentType","FRLMHeaderDocument.documentType","","","",1,1,"","","","CodeableConcept {[]} {[]}
","Type de document.","Type de document.","","","","","","","","","",,,,,"",,,,"FRLMHeaderDocument.documentType",1,1,"",""
"FRLMHeaderDocument","FRLMHeaderDocument.documentTitle","FRLMHeaderDocument.documentTitle","","","",1,1,"","","","string {[]} {[]}
","Titre du document.","Titre du document.","","","","","","","","","",,,,,"",,,,"FRLMHeaderDocument.documentTitle",1,1,"",""
"FRLMHeaderDocument","FRLMHeaderDocument.date","FRLMHeaderDocument.date","","","",1,1,"","","","dateTime {[]} {[]}
","Date de création du document.","Date de création du document.","","","","","","","","","",,,,,"",,,,"FRLMHeaderDocument.date",1,1,"",""
"FRLMHeaderDocument","FRLMHeaderDocument.confidentiality","FRLMHeaderDocument.confidentiality","","","",1,1,"","","","code {[]} {[]}
","Niveau de confidentialité du document.","Niveau de confidentialité du document.","","","","","","","","","",,,,,"",,,,"FRLMHeaderDocument.confidentiality",1,1,"",""
"FRLMHeaderDocument","FRLMHeaderDocument.language","FRLMHeaderDocument.language","","","",1,1,"","","","code {[]} {[]}
","Langue principale du document.","Langue principale du document.","","","","","","","","","",,,,,"",,,,"FRLMHeaderDocument.language",1,1,"",""
"FRLMHeaderDocument","FRLMHeaderDocument.version","FRLMHeaderDocument.version","","","",1,1,"","","","string {[]} {[]}
","Numéro de version du document.","Numéro de version du document.","","","","","","","","","",,,,,"",,,,"FRLMHeaderDocument.version",1,1,"",""
"FRLMHeaderDocument","FRLMHeaderDocument.status","FRLMHeaderDocument.status","","","",1,1,"","","","CodeableConcept {[]} {[]}
","Statut du document.","Statut du document.","","","","","","","","","",,,,,"",,,,"FRLMHeaderDocument.status",1,1,"",""
"FRLMHeaderDocument","FRLMHeaderDocument.eventType","FRLMHeaderDocument.eventType","","","",1,*,"","","","CodeableConcept {[]} {[]}
","Evènement documenté et notamment le cadre d'exercice.","Evènement documenté et notamment le cadre d'exercice.","","","","","","","","","",,,,,"",,,,"FRLMHeaderDocument.eventType",1,*,"",""
"FRLMHeaderDocument","FRLMHeaderDocument.subject","FRLMHeaderDocument.subject","","","",1,1,"","","","https://interop.esante.gouv.fr/ig/document-core/StructureDefinition/FRLMPatient {[]} {[]}
","Patient / Usager.","Patient / Usager.","","","","","","","","","",,,,,"",,,,"FRLMHeaderDocument.subject",1,1,"",""
"FRLMHeaderDocument","FRLMHeaderDocument.author[x]","FRLMHeaderDocument.author[x]","","","",1,*,"","","","https://interop.esante.gouv.fr/ig/document-core/StructureDefinition/FRLMHealthProfessional {[]} {[]}
https://interop.esante.gouv.fr/ig/document-core/StructureDefinition/FRLMOrganisation {[]} {[]}https://interop.esante.gouv.fr/ig/document-core/StructureDefinition/FRLMDevice {[]} {[]}","Auteur du document.","Auteur du document.","","","","","","","","","",,,,,"",,,,"FRLMHeaderDocument.author[x]",1,*,"",""
"FRLMHeaderDocument","FRLMHeaderDocument.dataEnterer","FRLMHeaderDocument.dataEnterer","","","",0,1,"","","","https://interop.esante.gouv.fr/ig/document-core/StructureDefinition/FRLMDataEnterer {[]} {[]}
","Opérateur de saisie.","Opérateur de saisie.","","","","","","","","","",,,,,"",,,,"FRLMHeaderDocument.dataEnterer",0,1,"",""
"FRLMHeaderDocument","FRLMHeaderDocument.informant","FRLMHeaderDocument.informant","","","",0,*,"","","","https://interop.esante.gouv.fr/ig/document-core/StructureDefinition/FRLMInformant {[]} {[]}
","Informateur ayant fourni des informations utiles à la production du document.","Informateur ayant fourni des informations utiles à la production du document.","","","","","","","","","",,,,,"",,,,"FRLMHeaderDocument.informant",0,*,"",""
"FRLMHeaderDocument","FRLMHeaderDocument.custodian","FRLMHeaderDocument.custodian","","","",1,1,"","","","https://interop.esante.gouv.fr/ig/document-core/StructureDefinition/FRLMOrganisation {[]} {[]}
","Structure chargée de la conservation du document.","Structure chargée de la conservation du document.","","","","","","","","","",,,,,"",,,,"FRLMHeaderDocument.custodian",1,1,"",""
"FRLMHeaderDocument","FRLMHeaderDocument.intendedRecipient","FRLMHeaderDocument.intendedRecipient","","","",0,*,"","","","https://interop.esante.gouv.fr/ig/document-core/StructureDefinition/FRLMIntendedRecipient {[]} {[]}
","Destinataire prévu du document.","Destinataire prévu du document.","","","","","","","","","",,,,,"",,,,"FRLMHeaderDocument.intendedRecipient",0,*,"",""
"FRLMHeaderDocument","FRLMHeaderDocument.legalAuthentication","FRLMHeaderDocument.legalAuthentication","","","",1,1,"","","","https://interop.esante.gouv.fr/ig/document-core/StructureDefinition/FRLMLegalAuthentication {[]} {[]}
","Responsable du document.","Responsable du document.","","","","","","","","","",,,,,"",,,,"FRLMHeaderDocument.legalAuthentication",1,1,"",""
"FRLMHeaderDocument","FRLMHeaderDocument.attester","FRLMHeaderDocument.attester","","","",0,*,"","","","https://interop.esante.gouv.fr/ig/document-core/StructureDefinition/FRLMAttester {[]} {[]}
","Professionnel attestant la validité du contenu du document.","Professionnel attestant la validité du contenu du document.","","","","","","","","","",,,,,"",,,,"FRLMHeaderDocument.attester",0,*,"",""
"FRLMHeaderDocument","FRLMHeaderDocument.participant","FRLMHeaderDocument.participant","","","",0,*,"","","","https://interop.esante.gouv.fr/ig/document-core/StructureDefinition/FRLMParticipant {[]} {[]}
","Participant, différent de l'auteur, du responsable, de l'opérateur de saisie, de l'informateur ou du destinataire.","Participant, différent de l'auteur, du responsable, de l'opérateur de saisie, de l'informateur ou du destinataire.","","","","","","","","","",,,,,"",,,,"FRLMHeaderDocument.participant",0,*,"",""
"FRLMHeaderDocument","FRLMHeaderDocument.order","FRLMHeaderDocument.order","","","",0,*,"","","","https://interop.esante.gouv.fr/ig/document-core/StructureDefinition/FRLMOrder {[]} {[]}
","Association du document à une prescription.","Association du document à une prescription.","","","","","","","","","",,,,,"",,,,"FRLMHeaderDocument.order",0,*,"",""
"FRLMHeaderDocument","FRLMHeaderDocument.consent","FRLMHeaderDocument.consent","","","",0,*,"","","","https://interop.esante.gouv.fr/ig/document-core/StructureDefinition/FRLMConsent {[]} {[]}
","Consentement associé au document.","Consentement associé au document.","","","","","","","","","",,,,,"",,,,"FRLMHeaderDocument.consent",0,*,"",""
"FRLMHeaderDocument","FRLMHeaderDocument.encounter","FRLMHeaderDocument.encounter","","","",1,1,"","","","https://interop.esante.gouv.fr/ig/document-core/StructureDefinition/FRLMEncounter {[]} {[]}
","Association du document à une prise en charge.","Association du document à une prise en charge.","","","","","","","","","",,,,,"",,,,"FRLMHeaderDocument.encounter",1,1,"",""
"FRLMHealthProfessional","FRLMHealthProfessional","FRLMHealthProfessional","","","",0,*,"","","","null {[]} {[]}
","Logical model - FR LM Health Professional","Une personne (professionnel ou patient ou autre)","","","","","","","","","",,,,,"",,,,"Base",0,*,"",""
"FRLMHealthProfessional","FRLMHealthProfessional.identifier","FRLMHealthProfessional.identifier","","","",0,1,"","","","Identifier {[]} {[]}
","Identifiant.","Identifiant.","","","","","","","","","",,,,,"",,,,"FRLMHealthProfessional.identifier",0,1,"",""
"FRLMHealthProfessional","FRLMHealthProfessional.name","FRLMHealthProfessional.name","","","",0,1,"","","","https://interop.esante.gouv.fr/ig/document-core/StructureDefinition/FRLMHumanName {[]} {[]}
","Nom du professionnel de santé.","Nom du professionnel de santé.","","","","","","","","","",,,,,"",,,,"FRLMHealthProfessional.name",0,1,"",""
"FRLMHealthProfessional","FRLMHealthProfessional.address","FRLMHealthProfessional.address","","","",0,*,"","","","Address {[]} {[]}
","Adresses géopostales du professionnel de santé.","Adresses géopostales du professionnel de santé.","","","","","","","","","",,,,,"",,,,"FRLMHealthProfessional.address",0,*,"",""
"FRLMHealthProfessional","FRLMHealthProfessional.telecom","FRLMHealthProfessional.telecom","","","",0,*,"","","","ContactPoint {[]} {[]}
","Coordonnées télécom du professionnel de santé.","Coordonnées télécom du professionnel de santé.","","","","","","","","","",,,,,"",,,,"FRLMHealthProfessional.telecom",0,*,"",""
"FRLMHealthProfessional","FRLMHealthProfessional.professionalRole","FRLMHealthProfessional.professionalRole","","","",0,*,"","","","Base {[]} {[]}
","Rôle professionnel","Rôle professionnel","","","","","","","","","",,,,,"",,,,"FRLMHealthProfessional.professionalRole",0,*,"",""
"FRLMHealthProfessional","FRLMHealthProfessional.professionalRole.role","FRLMHealthProfessional.professionalRole.role","","","",0,*,"","","","CodeableConcept {[]} {[]}
","Rôle du professionnel de santé.","Rôle du professionnel de santé.","","","","","","","","","",,,,,"",,,,"FRLMHealthProfessional.professionalRole.role",0,*,"",""
"FRLMHealthProfessional","FRLMHealthProfessional.professionalRole.organisation","FRLMHealthProfessional.professionalRole.organisation","","","",0,1,"","","","https://interop.esante.gouv.fr/ig/document-core/StructureDefinition/FRLMOrganisation {[]} {[]}
","Organisation à laquelle le professionnel de santé est rattaché pour exercer ce rôle.","Organisation à laquelle le professionnel de santé est rattaché pour exercer ce rôle.","","","","","","","","","",,,,,"",,,,"FRLMHealthProfessional.professionalRole.organisation",0,1,"",""
"FRLMHealthProfessional","FRLMHealthProfessional.professionalRole.specialty","FRLMHealthProfessional.professionalRole.specialty","","","",0,*,"","","","CodeableConcept {[]} {[]}
","Spécialité d'un professionnel de santé qui décrit le rôle fonctionnel qu'il exerce au sein de l'organisation.","Spécialité d'un professionnel de santé qui décrit le rôle fonctionnel qu'il exerce au sein de l'organisation.","","","","","","","","","",,,,,"",,,,"FRLMHealthProfessional.professionalRole.specialty",0,*,"",""
"FRLMHistoryOfPastIllness","FRLMHistoryOfPastIllness","FRLMHistoryOfPastIllness","","","",0,*,"","","","null {[]} {[]}
","Logical model - FR LM FRLM History Of Past Illness","Section Antécédents médicaux","","","","","","","","","",,,,,"",,,,"Base",0,*,"",""
"FRLMHistoryOfPastIllness","FRLMHistoryOfPastIllness.codeSection","FRLMHistoryOfPastIllness.codeSection","","","",1,1,"","","","CodeableConcept {[]} {[]}
","Code de la section","Code de la section","","","","","","","","","",,,,,"",,,,"FRLMSection.codeSection",1,1,"",""
"FRLMHistoryOfPastIllness","FRLMHistoryOfPastIllness.titleSection","FRLMHistoryOfPastIllness.titleSection","","","",1,1,"","","","string {[]} {[]}
","Titre de la section","Titre de la section","","","","","","","","","",,,,,"",,,,"FRLMSection.titleSection",0,1,"",""
"FRLMHistoryOfPastIllness","FRLMHistoryOfPastIllness.description","FRLMHistoryOfPastIllness.description","","","",1,1,"","","","string {[]} {[]}
","Bloc narratif","Bloc narratif","","","","","","","","","",,,,,"",,,,"FRLMSection.description",1,1,"",""
"FRLMHistoryOfPastIllness","FRLMHistoryOfPastIllness.author[x]","FRLMHistoryOfPastIllness.author[x]","","","",0,*,"","","","Base {[]} {[]}
","author[x] peut correspondre soit à un professionnel, soit à une organisation, soit à un système.","author[x] peut correspondre soit à un professionnel, soit à une organisation, soit à un système.","","","","","","","","","",,,,,"",,,,"FRLMSection.author[x]",0,*,"",""
"FRLMHistoryOfPastIllness","FRLMHistoryOfPastIllness.author[x].authorProfessional","FRLMHistoryOfPastIllness.author[x].authorProfessional","","","",0,*,"","","","https://interop.esante.gouv.fr/ig/document-core/StructureDefinition/FRLMHealthProfessional {[]} {[]}
","L'auteur est un professionnel de santé","L'auteur est un professionnel de santé","","","","","","","","","",,,,,"",,,,"FRLMSection.author[x].authorProfessional",0,*,"",""
"FRLMHistoryOfPastIllness","FRLMHistoryOfPastIllness.author[x].authorOrganisation","FRLMHistoryOfPastIllness.author[x].authorOrganisation","","","",0,*,"","","","https://interop.esante.gouv.fr/ig/document-core/StructureDefinition/FRLMOrganisation {[]} {[]}
","L'auteur est une organisation","L'auteur est une organisation","","","","","","","","","",,,,,"",,,,"FRLMSection.author[x].authorOrganisation",0,*,"",""
"FRLMHistoryOfPastIllness","FRLMHistoryOfPastIllness.author[x].authorDevice","FRLMHistoryOfPastIllness.author[x].authorDevice","","","",0,*,"","","","https://interop.esante.gouv.fr/ig/document-core/StructureDefinition/FRLMDevice {[]} {[]}
","L'auteur est un système","L'auteur est un système","","","","","","","","","",,,,,"",,,,"FRLMSection.author[x].authorDevice",0,*,"",""
"FRLMHistoryOfPastIllness","FRLMHistoryOfPastIllness.informant","FRLMHistoryOfPastIllness.informant","","","",0,*,"","","","https://interop.esante.gouv.fr/ig/document-core/StructureDefinition/FRLMInformant {[]} {[]}
","Informateur","Informateur","","","","","","","","","",,,,,"",,,,"FRLMSection.informant",0,*,"",""
"FRLMHistoryOfPastIllness","FRLMHistoryOfPastIllness.subSection","FRLMHistoryOfPastIllness.subSection","","","",0,0,"","","","Base {[]} {[]}
","Sous-sections","Sous-sections","","","","","","","","","",,,,,"",,,,"FRLMSection.subSection",0,*,"",""
"FRLMHistoryOfPastIllness","FRLMHistoryOfPastIllness.entry","FRLMHistoryOfPastIllness.entry","","","",1,*,"","","","Base {[]} {[]}
","Entrées","Entrées","","","","","","","","","",,,,,"",,,,"FRLMSection.entry",0,*,"",""
"FRLMHistoryOfPastIllness","FRLMHistoryOfPastIllness.entry.problem","FRLMHistoryOfPastIllness.entry.problem","","","",1,*,"","","","https://interop.esante.gouv.fr/ig/document-core/StructureDefinition/FRLMCondition {[]} {[]}
","Entrée Problème","Entrée Problème","","","","","","","","","",,,,,"",,,,"FRLMHistoryOfPastIllness.entry.problem",1,*,"",""
"FRLMHospitalDischargeMedications","FRLMHospitalDischargeMedications","FRLMHospitalDischargeMedications","","","",0,*,"","","","null {[]} {[]}
","Logical model - FR LM Hospital Discharge Medications","Section Traitements à la sortie","","","","","","","","","",,,,,"",,,,"Base",0,*,"",""
"FRLMHospitalDischargeMedications","FRLMHospitalDischargeMedications.codeSection","FRLMHospitalDischargeMedications.codeSection","","","",1,1,"","","","CodeableConcept {[]} {[]}
","Code de la section","Code de la section","","","","","","","","","",,,,,"",,,,"FRLMSection.codeSection",1,1,"",""
"FRLMHospitalDischargeMedications","FRLMHospitalDischargeMedications.titleSection","FRLMHospitalDischargeMedications.titleSection","","","",0,1,"","","","string {[]} {[]}
","Titre de la section","Titre de la section","","","","","","","","","",,,,,"",,,,"FRLMSection.titleSection",0,1,"",""
"FRLMHospitalDischargeMedications","FRLMHospitalDischargeMedications.description","FRLMHospitalDischargeMedications.description","","","",1,1,"","","","string {[]} {[]}
","Bloc narratif","Bloc narratif","","","","","","","","","",,,,,"",,,,"FRLMSection.description",1,1,"",""
"FRLMHospitalDischargeMedications","FRLMHospitalDischargeMedications.author[x]","FRLMHospitalDischargeMedications.author[x]","","","",0,*,"","","","Base {[]} {[]}
","author[x] peut correspondre soit à un professionnel, soit à une organisation, soit à un système.","author[x] peut correspondre soit à un professionnel, soit à une organisation, soit à un système.","","","","","","","","","",,,,,"",,,,"FRLMSection.author[x]",0,*,"",""
"FRLMHospitalDischargeMedications","FRLMHospitalDischargeMedications.author[x].authorProfessional","FRLMHospitalDischargeMedications.author[x].authorProfessional","","","",0,*,"","","","https://interop.esante.gouv.fr/ig/document-core/StructureDefinition/FRLMHealthProfessional {[]} {[]}
","L'auteur est un professionnel de santé","L'auteur est un professionnel de santé","","","","","","","","","",,,,,"",,,,"FRLMSection.author[x].authorProfessional",0,*,"",""
"FRLMHospitalDischargeMedications","FRLMHospitalDischargeMedications.author[x].authorOrganisation","FRLMHospitalDischargeMedications.author[x].authorOrganisation","","","",0,*,"","","","https://interop.esante.gouv.fr/ig/document-core/StructureDefinition/FRLMOrganisation {[]} {[]}
","L'auteur est une organisation","L'auteur est une organisation","","","","","","","","","",,,,,"",,,,"FRLMSection.author[x].authorOrganisation",0,*,"",""
"FRLMHospitalDischargeMedications","FRLMHospitalDischargeMedications.author[x].authorDevice","FRLMHospitalDischargeMedications.author[x].authorDevice","","","",0,*,"","","","https://interop.esante.gouv.fr/ig/document-core/StructureDefinition/FRLMDevice {[]} {[]}
","L'auteur est un système","L'auteur est un système","","","","","","","","","",,,,,"",,,,"FRLMSection.author[x].authorDevice",0,*,"",""
"FRLMHospitalDischargeMedications","FRLMHospitalDischargeMedications.informant","FRLMHospitalDischargeMedications.informant","","","",0,*,"","","","https://interop.esante.gouv.fr/ig/document-core/StructureDefinition/FRLMInformant {[]} {[]}
","Informateur","Informateur","","","","","","","","","",,,,,"",,,,"FRLMSection.informant",0,*,"",""
"FRLMHospitalDischargeMedications","FRLMHospitalDischargeMedications.subSection","FRLMHospitalDischargeMedications.subSection","","","",0,0,"","","","Base {[]} {[]}
","Sous-sections","Sous-sections","","","","","","","","","",,,,,"",,,,"FRLMSection.subSection",0,*,"",""
"FRLMHospitalDischargeMedications","FRLMHospitalDischargeMedications.entry","FRLMHospitalDischargeMedications.entry","","","",1,*,"","","","Base {[]} {[]}
","Entrées","Entrées","","","","","","","","","",,,,,"",,,,"FRLMSection.entry",0,*,"",""
"FRLMHospitalDischargeMedications","FRLMHospitalDischargeMedications.entry.hospitalDischargeMedications","FRLMHospitalDischargeMedications.entry.hospitalDischargeMedications","","","",1,*,"","","","https://interop.esante.gouv.fr/ig/document-core/StructureDefinition/FRLMMedicationAdministration {[]} {[]}
","Entrée Traitement à la sortie","Entrée Traitement à la sortie","","","","","","","","","",,,,,"",,,,"FRLMHospitalDischargeMedications.entry.hospitalDischargeMedications",1,*,"",""
"FRLMHumanName","FRLMHumanName","FRLMHumanName","","","",0,*,"","","","null {[]} {[]}
","Logical model - FR LM Human Name","Modele logique metier - FR LM Human Name","","","","","","","","","",,,,,"",,,,"Base",0,*,"",""
"FRLMHumanName","FRLMHumanName.use","FRLMHumanName.use","","","",0,1,"","","","CodeableConcept {[]} {[]}
","Identifie le type de nom (ex : official, usual, etc.)","Identifie le type de nom (ex : official, usual, etc.)","","","","","","","","","",,"required","ValueSet HL7 name-use","http://hl7.org/fhir/ValueSet/name-use|4.0.1","",,,,"FRLMHumanName.use",0,1,"",""
"FRLMHumanName","FRLMHumanName.text","FRLMHumanName.text","","","",0,1,"","","","string {[]} {[]}
","Nom complet tel qu'il doit etre affiche","Nom complet tel qu'il doit etre affiche","","","","","","","","","",,,,,"",,,,"FRLMHumanName.text",0,1,"",""
"FRLMHumanName","FRLMHumanName.family","FRLMHumanName.family","","","",0,*,"","","","string {[]} {[]}
","Nom","Nom","","","","","","","","","",,,,,"",,,,"FRLMHumanName.family",0,*,"",""
"FRLMHumanName","FRLMHumanName.given","FRLMHumanName.given","","","",0,*,"","","","string {[]} {[]}
","Prenom","Prenom","","","","","","","","","",,,,,"",,,,"FRLMHumanName.given",0,*,"",""
"FRLMHumanName","FRLMHumanName.prefix","FRLMHumanName.prefix","","","",0,1,"","","","string {[]} {[]}
","Civilite","Civilite","","","","","","","","","",,"required","JDV_J245-Civilite-CISIS","https://mos.esante.gouv.fr/NOS/JDV_J245-Civilite-CISIS/FHIR/JDV-J245-Civilite-CISIS|20230331120000","",,,,"FRLMHumanName.prefix",0,1,"",""
"FRLMHumanName","FRLMHumanName.suffix","FRLMHumanName.suffix","","","",0,1,"","","","string {[]} {[]}
","Titre","Titre","","","","","","","","","",,"required","JDV_J246-Titre-CISIS","https://mos.esante.gouv.fr/NOS/JDV_J246-Titre-CISIS/FHIR/JDV-J246-Titre-CISIS|20240126120000","",,,,"FRLMHumanName.suffix",0,1,"",""
"FRLMHumanName","FRLMHumanName.period","FRLMHumanName.period","","","",0,1,"","","","Period {[]} {[]}
","Periode pendant laquelle ce nom est/etait utilisé","Periode pendant laquelle ce nom est/etait utilisé","","","","","","","","","",,,,,"",,,,"FRLMHumanName.period",0,1,"",""
"FRLMImagingStudy","FRLMImagingStudy","FRLMImagingStudy","","","",0,*,"","","","null {[]} {[]}
","Logical model - FR LM Imaging Study","DICOM Examen Imagerie","","","","","","","","","",,,,,"",,,,"Base",0,*,"",""
"FRLMImagingStudy","FRLMImagingStudy.header","FRLMImagingStudy.header","","","",1,1,"","","","Base {[]} {[]}
","Métadonnées de base","Métadonnées de base","","","","","","","","","",,,,,"",,,,"FRLMEntry.header",1,1,"",""
"FRLMImagingStudy","FRLMImagingStudy.header.subject","FRLMImagingStudy.header.subject","","","",1,1,"","","","https://interop.esante.gouv.fr/ig/document-core/StructureDefinition/FRLMPatient {[]} {[]}
","Patient / Usager","Patient / Usager","","","","","","","","","",,,,,"",,,,"FRLMEntry.header.subject",1,1,"",""
"FRLMImagingStudy","FRLMImagingStudy.header.identifier","FRLMImagingStudy.header.identifier","","","",1,*,"","","","Identifier {[]} {[]}
","UUID instance examen","Identifiant de l’entrée","","","","","","","","","",,,,,"",,,,"FRLMEntry.header.identifier",0,*,"",""
"FRLMImagingStudy","FRLMImagingStudy.header.author[x]","FRLMImagingStudy.header.author[x]","","","",0,*,"","","","Base {[]} {[]}
","author[x] peut correspondre soit à un professionnel, soit à une organisation, soit à un système.","author[x] peut correspondre soit à un professionnel, soit à une organisation, soit à un système.","","","","","","","","","",,,,,"",,,,"FRLMEntry.header.author[x]",0,*,"",""
"FRLMImagingStudy","FRLMImagingStudy.header.author[x].authorProfessional","FRLMImagingStudy.header.author[x].authorProfessional","","","",0,*,"","","","https://interop.esante.gouv.fr/ig/document-core/StructureDefinition/FRLMHealthProfessional {[]} {[]}
","L'auteur est un professionnel de santé","L'auteur est un professionnel de santé","","","","","","","","","",,,,,"",,,,"FRLMEntry.header.author[x].authorProfessional",0,*,"",""
"FRLMImagingStudy","FRLMImagingStudy.header.author[x].authorOrganisation","FRLMImagingStudy.header.author[x].authorOrganisation","","","",0,*,"","","","https://interop.esante.gouv.fr/ig/document-core/StructureDefinition/FRLMOrganisation {[]} {[]}
","L'auteur est une organisation","L'auteur est une organisation","","","","","","","","","",,,,,"",,,,"FRLMEntry.header.author[x].authorOrganisation",0,*,"",""
"FRLMImagingStudy","FRLMImagingStudy.header.author[x].authorDevice","FRLMImagingStudy.header.author[x].authorDevice","","","",0,*,"","","","https://interop.esante.gouv.fr/ig/document-core/StructureDefinition/FRLMDevice {[]} {[]}
","L'auteur est un système","L'auteur est un système","","","","","","","","","",,,,,"",,,,"FRLMEntry.header.author[x].authorDevice",0,*,"",""
"FRLMImagingStudy","FRLMImagingStudy.header.performer[x]","FRLMImagingStudy.header.performer[x]","","","",0,*,"","","","https://interop.esante.gouv.fr/ig/document-core/StructureDefinition/FRLMHealthProfessional {[]} {[]}
https://interop.esante.gouv.fr/ig/document-core/StructureDefinition/FRLMOrganisation {[]} {[]}","Exécutant (performer)","Exécutant (performer)","","","","","","","","","",,,,,"",,,,"FRLMEntry.header.performer[x]",0,*,"",""
"FRLMImagingStudy","FRLMImagingStudy.header.participant[x]","FRLMImagingStudy.header.participant[x]","","","",0,*,"","","","Base {[]} {[]}
","Participant","Participant","","","","","","","","","",,,,,"",,,,"FRLMEntry.header.participant[x]",0,*,"",""
"FRLMImagingStudy","FRLMImagingStudy.header.participant[x].participantProfessional","FRLMImagingStudy.header.participant[x].participantProfessional","","","",0,*,"","","","https://interop.esante.gouv.fr/ig/document-core/StructureDefinition/FRLMHealthProfessional {[]} {[]}
","Le participant est un professionnel de santé","Le participant est un professionnel de santé","","","","","","","","","",,,,,"",,,,"FRLMEntry.header.participant[x].participantProfessional",0,*,"",""
"FRLMImagingStudy","FRLMImagingStudy.header.participant[x].participantOrganisation","FRLMImagingStudy.header.participant[x].participantOrganisation","","","",0,*,"","","","https://interop.esante.gouv.fr/ig/document-core/StructureDefinition/FRLMOrganisation {[]} {[]}
","Le participant est une organisation","Le participant est une organisation","","","","","","","","","",,,,,"",,,,"FRLMEntry.header.participant[x].participantOrganisation",0,*,"",""
"FRLMImagingStudy","FRLMImagingStudy.header.participant[x].participantDevice","FRLMImagingStudy.header.participant[x].participantDevice","","","",0,*,"","","","https://interop.esante.gouv.fr/ig/document-core/StructureDefinition/FRLMDevice {[]} {[]}
","Le participant est un système","Le participant est un système","","","","","","","","","",,,,,"",,,,"FRLMEntry.header.participant[x].participantDevice",0,*,"",""
"FRLMImagingStudy","FRLMImagingStudy.header.informant","FRLMImagingStudy.header.informant","","","",0,*,"","","","https://interop.esante.gouv.fr/ig/document-core/StructureDefinition/FRLMInformant {[]} {[]}
","Informateur","Informateur","","","","","","","","","",,,,,"",,,,"FRLMEntry.header.informant",0,*,"",""
"FRLMImagingStudy","FRLMImagingStudy.header.date","FRLMImagingStudy.header.date","","","",0,1,"","","","dateTime {[]} {[]}
","Date/Heure de création par l'auteur","Date/Heure de création par l'auteur","","","","","","","","","",,,,,"",,,,"FRLMEntry.header.date",0,1,"",""
"FRLMImagingStudy","FRLMImagingStudy.header.status","FRLMImagingStudy.header.status","","","",0,1,"","","","CodeableConcept {[]} {[]}
","Statut","Statut","","","","","","","","","",,,,,"",,,,"FRLMEntry.header.status",0,1,"",""
"FRLMImagingStudy","FRLMImagingStudy.header.source","FRLMImagingStudy.header.source","","","",0,1,"","","","CodeableConcept {[]} {[]}
","Source","Source","","","","","","","","","",,,,,"",,,,"FRLMEntry.header.source",0,1,"",""
"FRLMImagingStudy","FRLMImagingStudy.header.language","FRLMImagingStudy.header.language","","","",0,1,"","","","CodeableConcept {[]} {[]}
","'fr-FR' pour français métropolitain (la casse des caractères doit être respectée)
La partie en minuscules indique le code de la langue utilisée (ISO-639-1)
La partie en majuscules indique le code pays (ISO-3166)","'fr-FR' pour français métropolitain (la casse des caractères doit être respectée)
La partie en minuscules indique le code de la langue utilisée (ISO-639-1)
La partie en majuscules indique le code pays (ISO-3166)","","","","","","","","","",,,,,"",,,,"FRLMEntry.header.language",0,1,"",""
"FRLMImagingStudy","FRLMImagingStudy.modality","FRLMImagingStudy.modality","","","",1,*,"","","","CodeableConcept {[]} {[]}
","Modalités d'imagerie utilisées lors de l'examen (DICOM CID029)","Modalités d'imagerie utilisées lors de l'examen (DICOM CID029)","","","","","","","","","",,"required","jdv-modalite-acquisition-cisis : Modalité d'imagerie","https://smt.esante.gouv.fr/fhir/ValueSet/jdv-modalite-acquisition-cisis|20260420150250","",,,,"FRLMImagingStudy.modality",1,*,"",""
"FRLMImagingStudy","FRLMImagingStudy.bodySite","FRLMImagingStudy.bodySite","","","",0,*,"","","","https://interop.esante.gouv.fr/ig/document-core/StructureDefinition/FRLMBodyStructure {[]} {[]}
","Localisations anatomiques","Localisations anatomiques","","","","","","","","","",,,,,"",,,,"FRLMImagingStudy.bodySite",0,*,"",""
"FRLMImagingStudy","FRLMImagingStudy.encounter","FRLMImagingStudy.encounter","","","",0,1,"","","","https://interop.esante.gouv.fr/ig/document-core/StructureDefinition/FRLMEncounter {[]} {[]}
","Rencontre associée à l'examen","Rencontre associée à l'examen","","","","","","","","","",,,,,"",,,,"FRLMImagingStudy.encounter",0,1,"",""
"FRLMImagingStudy","FRLMImagingStudy.started","FRLMImagingStudy.started","","","",0,1,"","","","dateTime {[]} {[]}
","Date de l'examen","Date de l'examen","","","","","","","","","",,,,,"",,,,"FRLMImagingStudy.started",0,1,"",""
"FRLMImagingStudy","FRLMImagingStudy.basedOn","FRLMImagingStudy.basedOn","","","",0,*,"","","","https://interop.esante.gouv.fr/ig/document-core/StructureDefinition/FRLMServiceRequest {[]} {[]}
","Demande d'examen","Demande d'examen","","","","","","","","","",,,,,"",,,,"FRLMImagingStudy.basedOn",0,*,"",""
"FRLMImagingStudy","FRLMImagingStudy.numberOfSeries","FRLMImagingStudy.numberOfSeries","","","",0,1,"","","","integer {[]} {[]}
","Nombre de séries d'actes d'imagerie composant l'examen","Nombre de séries d'actes d'imagerie composant l'examen","","","","","","","","","",,,,,"",,,,"FRLMImagingStudy.numberOfSeries",0,1,"",""
"FRLMImagingStudy","FRLMImagingStudy.numberOfInstances","FRLMImagingStudy.numberOfInstances","","","",0,1,"","","","integer {[]} {[]}
","Nombre d'instances d'imagerie composant l'examen","Nombre d'instances d'imagerie composant l'examen","","","","","","","","","",,,,,"",,,,"FRLMImagingStudy.numberOfInstances",0,1,"",""
"FRLMImagingStudy","FRLMImagingStudy.studyCustodian","FRLMImagingStudy.studyCustodian","","","",0,1,"","","","https://interop.esante.gouv.fr/ig/document-core/StructureDefinition/FRLMOrganisation {[]} {[]}
","Organisation responsable de l'examen","Organisation responsable de l'examen","","","","","","","","","",,,,,"",,,,"FRLMImagingStudy.studyCustodian",0,1,"",""
"FRLMImagingStudy","FRLMImagingStudy.studyEndpoint","FRLMImagingStudy.studyEndpoint","","","",0,*,"","","","https://interop.esante.gouv.fr/ig/document-core/StructureDefinition/FRLMEndpoint {[]} {[]}
","Endpoint de l'examen d'imagerie","Endpoint de l'examen d'imagerie","","","","","","","","","",,,,,"",,,,"FRLMImagingStudy.studyEndpoint",0,*,"",""
"FRLMImagingStudy","FRLMImagingStudy.series","FRLMImagingStudy.series","","","",1,1,"","","","https://interop.esante.gouv.fr/ig/document-core/StructureDefinition/FRLMSeries {[]} {[]}
","Séries d'actes d'imagerie composant l'examen","Séries d'actes d'imagerie composant l'examen","","","","","","","","","",,,,,"",,,,"FRLMImagingStudy.series",1,1,"",""
"FRLMImmunisation","FRLMImmunisation","FRLMImmunisation","","","",0,*,"","","","null {[]} {[]}
","Logical model - FR LM Immunisation","Vaccination","","","","","","","","","",,,,,"",,,,"Base",0,*,"",""
"FRLMImmunisation","FRLMImmunisation.header","FRLMImmunisation.header","","","",1,1,"","","","Base {[]} {[]}
","Métadonnées de base","Métadonnées de base","","","","","","","","","",,,,,"",,,,"FRLMEntry.header",1,1,"",""
"FRLMImmunisation","FRLMImmunisation.header.subject","FRLMImmunisation.header.subject","","","",1,1,"","","","https://interop.esante.gouv.fr/ig/document-core/StructureDefinition/FRLMPatient {[]} {[]}
","Patient / Usager","Patient / Usager","","","","","","","","","",,,,,"",,,,"FRLMEntry.header.subject",1,1,"",""
"FRLMImmunisation","FRLMImmunisation.header.identifier","FRLMImmunisation.header.identifier","","","",0,*,"","","","Identifier {[]} {[]}
","Identifiant de l’entrée","Identifiant de l’entrée","","","","","","","","","",,,,,"",,,,"FRLMEntry.header.identifier",0,*,"",""
"FRLMImmunisation","FRLMImmunisation.header.author[x]","FRLMImmunisation.header.author[x]","","","",0,*,"","","","Base {[]} {[]}
","author[x] peut correspondre soit à un professionnel, soit à une organisation, soit à un système.","author[x] peut correspondre soit à un professionnel, soit à une organisation, soit à un système.","","","","","","","","","",,,,,"",,,,"FRLMEntry.header.author[x]",0,*,"",""
"FRLMImmunisation","FRLMImmunisation.header.author[x].authorProfessional","FRLMImmunisation.header.author[x].authorProfessional","","","",0,*,"","","","https://interop.esante.gouv.fr/ig/document-core/StructureDefinition/FRLMHealthProfessional {[]} {[]}
","L'auteur est un professionnel de santé","L'auteur est un professionnel de santé","","","","","","","","","",,,,,"",,,,"FRLMEntry.header.author[x].authorProfessional",0,*,"",""
"FRLMImmunisation","FRLMImmunisation.header.author[x].authorOrganisation","FRLMImmunisation.header.author[x].authorOrganisation","","","",0,*,"","","","https://interop.esante.gouv.fr/ig/document-core/StructureDefinition/FRLMOrganisation {[]} {[]}
","L'auteur est une organisation","L'auteur est une organisation","","","","","","","","","",,,,,"",,,,"FRLMEntry.header.author[x].authorOrganisation",0,*,"",""
"FRLMImmunisation","FRLMImmunisation.header.author[x].authorDevice","FRLMImmunisation.header.author[x].authorDevice","","","",0,*,"","","","https://interop.esante.gouv.fr/ig/document-core/StructureDefinition/FRLMDevice {[]} {[]}
","L'auteur est un système","L'auteur est un système","","","","","","","","","",,,,,"",,,,"FRLMEntry.header.author[x].authorDevice",0,*,"",""
"FRLMImmunisation","FRLMImmunisation.header.performer[x]","FRLMImmunisation.header.performer[x]","","","",0,*,"","","","https://interop.esante.gouv.fr/ig/document-core/StructureDefinition/FRLMHealthProfessional {[]} {[]}
https://interop.esante.gouv.fr/ig/document-core/StructureDefinition/FRLMOrganisation {[]} {[]}","Exécutant (performer)","Exécutant (performer)","","","","","","","","","",,,,,"",,,,"FRLMEntry.header.performer[x]",0,*,"",""
"FRLMImmunisation","FRLMImmunisation.header.participant[x]","FRLMImmunisation.header.participant[x]","","","",0,*,"","","","Base {[]} {[]}
","Participant","Participant","","","","","","","","","",,,,,"",,,,"FRLMEntry.header.participant[x]",0,*,"",""
"FRLMImmunisation","FRLMImmunisation.header.participant[x].participantProfessional","FRLMImmunisation.header.participant[x].participantProfessional","","","",0,*,"","","","https://interop.esante.gouv.fr/ig/document-core/StructureDefinition/FRLMHealthProfessional {[]} {[]}
","Le participant est un professionnel de santé","Le participant est un professionnel de santé","","","","","","","","","",,,,,"",,,,"FRLMEntry.header.participant[x].participantProfessional",0,*,"",""
"FRLMImmunisation","FRLMImmunisation.header.participant[x].participantOrganisation","FRLMImmunisation.header.participant[x].participantOrganisation","","","",0,*,"","","","https://interop.esante.gouv.fr/ig/document-core/StructureDefinition/FRLMOrganisation {[]} {[]}
","Le participant est une organisation","Le participant est une organisation","","","","","","","","","",,,,,"",,,,"FRLMEntry.header.participant[x].participantOrganisation",0,*,"",""
"FRLMImmunisation","FRLMImmunisation.header.participant[x].participantDevice","FRLMImmunisation.header.participant[x].participantDevice","","","",0,*,"","","","https://interop.esante.gouv.fr/ig/document-core/StructureDefinition/FRLMDevice {[]} {[]}
","Le participant est un système","Le participant est un système","","","","","","","","","",,,,,"",,,,"FRLMEntry.header.participant[x].participantDevice",0,*,"",""
"FRLMImmunisation","FRLMImmunisation.header.informant","FRLMImmunisation.header.informant","","","",0,*,"","","","https://interop.esante.gouv.fr/ig/document-core/StructureDefinition/FRLMInformant {[]} {[]}
","Informateur","Informateur","","","","","","","","","",,,,,"",,,,"FRLMEntry.header.informant",0,*,"",""
"FRLMImmunisation","FRLMImmunisation.header.date","FRLMImmunisation.header.date","","","",0,1,"","","","dateTime {[]} {[]}
","Date/Heure de création par l'auteur","Date/Heure de création par l'auteur","","","","","","","","","",,,,,"",,,,"FRLMEntry.header.date",0,1,"",""
"FRLMImmunisation","FRLMImmunisation.header.status","FRLMImmunisation.header.status","","","",1,1,"","","","CodeableConcept {[]} {[]}
","Statut de la vaccination (réalisé, non fait, ...).","Statut","","","","","","","","","",,,,,"",,,,"FRLMEntry.header.status",0,1,"",""
"FRLMImmunisation","FRLMImmunisation.header.source","FRLMImmunisation.header.source","","","",0,1,"","","","CodeableConcept {[]} {[]}
","Source","Source","","","","","","","","","",,,,,"",,,,"FRLMEntry.header.source",0,1,"",""
"FRLMImmunisation","FRLMImmunisation.header.language","FRLMImmunisation.header.language","","","",0,1,"","","","CodeableConcept {[]} {[]}
","'fr-FR' pour français métropolitain (la casse des caractères doit être respectée)
La partie en minuscules indique le code de la langue utilisée (ISO-639-1)
La partie en majuscules indique le code pays (ISO-3166)","'fr-FR' pour français métropolitain (la casse des caractères doit être respectée)
La partie en minuscules indique le code de la langue utilisée (ISO-639-1)
La partie en majuscules indique le code pays (ISO-3166)","","","","","","","","","",,,,,"",,,,"FRLMEntry.header.language",0,1,"",""
"FRLMImmunisation","FRLMImmunisation.periodOfImmunisation","FRLMImmunisation.periodOfImmunisation","","","",1,1,"","","","Extension {[CanonicalType[http://hl7.org/fhir/StructureDefinition/organization-period|5.3.0]]} {[]}
","Période de vaccination - Si vaccin effectuée => que la dateDebutVaccination est renseignée - Si vaccin à effectuer => dateDebutVaccination et dateFinVaccination peuvent être renseignée (période souhaitée pour la vaccination)","Période de vaccination - Si vaccin effectuée => que la dateDebutVaccination est renseignée - Si vaccin à effectuer => dateDebutVaccination et dateFinVaccination peuvent être renseignée (période souhaitée pour la vaccination)","","","","","","","","","",,,,,"",,,,"FRLMImmunisation.periodOfImmunisation",1,1,"","ele-1:All FHIR elements must have a @value or children {hasValue() or (children().count() > id.count())}
ext-1:Must have either extensions or value[x], not both {extension.exists() != value.exists()}"
"FRLMImmunisation","FRLMImmunisation.periodOfImmunisation.id","FRLMImmunisation.periodOfImmunisation.id","","","",0,1,"","","","string {[]} {[]}
","Unique id for inter-element referencing","Unique id for the element within a resource (for internal references). This may be any string value that does not contain spaces.","","","","","","","","","",,,,,"",,,,"Element.id",0,1,"",""
"FRLMImmunisation","FRLMImmunisation.periodOfImmunisation.extension","FRLMImmunisation.periodOfImmunisation.extension","","extensions
user content","",0,*,"","","","Extension {[]} {[]}
","Additional content defined by implementations","May be used to represent additional information that is not part of the basic definition of the element. To make the use of extensions safe and manageable, there is a strict set of governance  applied to the definition and use of extensions. Though any implementer can define an extension, there is a set of requirements that SHALL be met as part of the definition of the extension.","There can be no stigma associated with the use of extensions by any application, project, or standard - regardless of the institution or jurisdiction that uses or defines the extensions.  The use of extensions is what allows the FHIR specification to retain a core level of simplicity for everyone.","","","","","","","","",,,,,"","value:url}
","Extensions are always sliced by (at least) url",,"open","Element.extension",0,*,"","ele-1:All FHIR elements must have a @value or children {hasValue() or (children().count() > id.count())}
ext-1:Must have either extensions or value[x], not both {extension.exists() != value.exists()}"
"FRLMImmunisation","FRLMImmunisation.periodOfImmunisation.url","FRLMImmunisation.periodOfImmunisation.url","","","",1,1,"","","","uri {[]} {[]}
","identifies the meaning of the extension","Source of the definition for the extension code - a logical name or a URL.","The definition may point directly to a computable or human-readable definition of the extensibility codes, or it may be a logical URI as declared in some other specification. The definition SHALL be a URI for the Structure Definition defining the extension.","","","","","","","","",,,,,"",,,,"Extension.url",1,1,"",""
"FRLMImmunisation","FRLMImmunisation.periodOfImmunisation.value[x]","FRLMImmunisation.periodOfImmunisation.value[x]","","","",0,1,"","","","base64Binary {[]} {[]}
boolean {[]} {[]}canonical {[]} {[]}code {[]} {[]}date {[]} {[]}dateTime {[]} {[]}decimal {[]} {[]}id {[]} {[]}instant {[]} {[]}integer {[]} {[]}markdown {[]} {[]}oid {[]} {[]}positiveInt {[]} {[]}string {[]} {[]}time {[]} {[]}unsignedInt {[]} {[]}uri {[]} {[]}url {[]} {[]}uuid {[]} {[]}Address {[]} {[]}Age {[]} {[]}Annotation {[]} {[]}Attachment {[]} {[]}CodeableConcept {[]} {[]}Coding {[]} {[]}ContactPoint {[]} {[]}Count {[]} {[]}Distance {[]} {[]}Duration {[]} {[]}HumanName {[]} {[]}Identifier {[]} {[]}Money {[]} {[]}Period {[]} {[]}Quantity {[]} {[]}Range {[]} {[]}Ratio {[]} {[]}Reference {[]} {[]}SampledData {[]} {[]}Signature {[]} {[]}Timing {[]} {[]}ContactDetail {[]} {[]}Contributor {[]} {[]}DataRequirement {[]} {[]}Expression {[]} {[]}ParameterDefinition {[]} {[]}RelatedArtifact {[]} {[]}TriggerDefinition {[]} {[]}UsageContext {[]} {[]}Dosage {[]} {[]}Meta {[]} {[]}","Value of extension","Value of extension - must be one of a constrained set of the data types (see [Extensibility](http://hl7.org/fhir/R4/extensibility.html) for a list).","","","","","","","","","",,,,,"",,,,"Extension.value[x]",0,1,"","ele-1:All FHIR elements must have a @value or children {hasValue() or (children().count() > id.count())}
"
"FRLMImmunisation","FRLMImmunisation.periodOfImmunisation.startDate","FRLMImmunisation.periodOfImmunisation.startDate","","","",0,1,"","","","dateTime {[]} {[]}
","Date de début","Date de début","","","","","","","","","",,,,,"",,,,"FRLMImmunisation.periodOfImmunisation.startDate",0,1,"",""
"FRLMImmunisation","FRLMImmunisation.periodOfImmunisation.endDate","FRLMImmunisation.periodOfImmunisation.endDate","","","",0,1,"","","","dateTime {[]} {[]}
","Date de fin","Date de fin","","","","","","","","","",,,,,"",,,,"FRLMImmunisation.periodOfImmunisation.endDate",0,1,"",""
"FRLMImmunisation","FRLMImmunisation.diseaseOrAgentTargeted","FRLMImmunisation.diseaseOrAgentTargeted","","","",0,*,"","","","CodeableConcept {[]} {[]}
","Maladie ou agent contre lequel la vaccination offre une protection. Binding Description: (preferred): ICD-10","Maladie ou agent contre lequel la vaccination offre une protection. Binding Description: (preferred): ICD-10","","","","","","","","","",,,,,"",,,,"FRLMImmunisation.diseaseOrAgentTargeted",0,*,"",""
"FRLMImmunisation","FRLMImmunisation.administeredProduct","FRLMImmunisation.administeredProduct","","","",1,1,"","","","https://interop.esante.gouv.fr/ig/document-core/StructureDefinition/FRLMMedication {[]} {[]}
","Vaccin","Vaccin","","","","","","","","","",,,,,"",,,,"FRLMImmunisation.administeredProduct",1,1,"",""
"FRLMImmunisation","FRLMImmunisation.route","FRLMImmunisation.route","","","",0,1,"","","","CodeableConcept {[]} {[]}
","Voie d'administration","Voie d'administration","","","","","","","","","",,,,,"",,,,"FRLMImmunisation.route",0,1,"",""
"FRLMImmunisation","FRLMImmunisation.site","FRLMImmunisation.site","","","",0,*,"","","","CodeableConcept {[]} {[]}
","Région anatomique d'administration","Région anatomique d'administration","","","","","","","","","",,,,,"",,,,"FRLMImmunisation.site",0,*,"",""
"FRLMImmunisation","FRLMImmunisation.doseQuantity","FRLMImmunisation.doseQuantity","","","",0,1,"","","","Quantity {[]} {[]}
","Dose administrée","Dose administrée","","","","","","","","","",,,,,"",,,,"FRLMImmunisation.doseQuantity",0,1,"",""
"FRLMImmunisation","FRLMImmunisation.doseNumber","FRLMImmunisation.doseNumber","","","",0,1,"","","","https://interop.esante.gouv.fr/ig/document-core/StructureDefinition/FRLMDoseNumber {[]} {[]}
","Rang de la vaccination","Rang de la vaccination","","","","","","","","","",,,,,"",,,,"FRLMImmunisation.doseNumber",0,1,"",""
"FRLMImmunisation","FRLMImmunisation.note","FRLMImmunisation.note","","","",0,1,"","","","string {[]} {[]}
","Commentaire","Commentaire","","","","","","","","","",,,,,"",,,,"FRLMImmunisation.note",0,1,"",""
"FRLMImmunisation","FRLMImmunisation.prescription","FRLMImmunisation.prescription","","","",0,1,"","","","https://interop.esante.gouv.fr/ig/document-core/StructureDefinition/FRLMPrescriptionEntree {[]} {[]}
","Référence de la prescription","Référence de la prescription","","","","","","","","","",,,,,"",,,,"FRLMImmunisation.prescription",0,1,"",""
"FRLMImmunisation","FRLMImmunisation.reaction","FRLMImmunisation.reaction","","","",0,*,"","","","https://interop.esante.gouv.fr/ig/document-core/StructureDefinition/FRLMCondition {[]} {[]}
","Réaction observée suite au vaccin","Réaction observée suite au vaccin","","","","","","","","","",,,,,"",,,,"FRLMImmunisation.reaction",0,*,"",""
"FRLMImmunisation","FRLMImmunisation.reasonCode","FRLMImmunisation.reasonCode","","","",0,*,"","","","CodeableConcept {[]} {[]}
","Raison de la vaccination (voyage, professionnel, etc.)","Raison de la vaccination (voyage, professionnel, etc.)","","","","","","","","","",,,,,"",,,,"FRLMImmunisation.reasonCode",0,*,"",""
"FRLMImmunisations","FRLMImmunisations","FRLMImmunisations","","","",0,*,"","","","null {[]} {[]}
","Logical model - FR LM Immunisations","Section Vaccinations","","","","","","","","","",,,,,"",,,,"Base",0,*,"",""
"FRLMImmunisations","FRLMImmunisations.codeSection","FRLMImmunisations.codeSection","","","",1,1,"","","","CodeableConcept {[]} {[]}
","Code de la section","Code de la section","","","","","","","","","",,,,,"",,,,"FRLMSection.codeSection",1,1,"",""
"FRLMImmunisations","FRLMImmunisations.titleSection","FRLMImmunisations.titleSection","","","",1,1,"","","","string {[]} {[]}
","Titre de la section","Titre de la section","","","","","","","","","",,,,,"",,,,"FRLMSection.titleSection",0,1,"",""
"FRLMImmunisations","FRLMImmunisations.description","FRLMImmunisations.description","","","",1,1,"","","","string {[]} {[]}
","Bloc narratif","Bloc narratif","","","","","","","","","",,,,,"",,,,"FRLMSection.description",1,1,"",""
"FRLMImmunisations","FRLMImmunisations.author[x]","FRLMImmunisations.author[x]","","","",0,*,"","","","Base {[]} {[]}
","author[x] peut correspondre soit à un professionnel, soit à une organisation, soit à un système.","author[x] peut correspondre soit à un professionnel, soit à une organisation, soit à un système.","","","","","","","","","",,,,,"",,,,"FRLMSection.author[x]",0,*,"",""
"FRLMImmunisations","FRLMImmunisations.author[x].authorProfessional","FRLMImmunisations.author[x].authorProfessional","","","",0,*,"","","","https://interop.esante.gouv.fr/ig/document-core/StructureDefinition/FRLMHealthProfessional {[]} {[]}
","L'auteur est un professionnel de santé","L'auteur est un professionnel de santé","","","","","","","","","",,,,,"",,,,"FRLMSection.author[x].authorProfessional",0,*,"",""
"FRLMImmunisations","FRLMImmunisations.author[x].authorOrganisation","FRLMImmunisations.author[x].authorOrganisation","","","",0,*,"","","","https://interop.esante.gouv.fr/ig/document-core/StructureDefinition/FRLMOrganisation {[]} {[]}
","L'auteur est une organisation","L'auteur est une organisation","","","","","","","","","",,,,,"",,,,"FRLMSection.author[x].authorOrganisation",0,*,"",""
"FRLMImmunisations","FRLMImmunisations.author[x].authorDevice","FRLMImmunisations.author[x].authorDevice","","","",0,*,"","","","https://interop.esante.gouv.fr/ig/document-core/StructureDefinition/FRLMDevice {[]} {[]}
","L'auteur est un système","L'auteur est un système","","","","","","","","","",,,,,"",,,,"FRLMSection.author[x].authorDevice",0,*,"",""
"FRLMImmunisations","FRLMImmunisations.informant","FRLMImmunisations.informant","","","",0,*,"","","","https://interop.esante.gouv.fr/ig/document-core/StructureDefinition/FRLMInformant {[]} {[]}
","Informateur","Informateur","","","","","","","","","",,,,,"",,,,"FRLMSection.informant",0,*,"",""
"FRLMImmunisations","FRLMImmunisations.subSection","FRLMImmunisations.subSection","","","",0,0,"","","","Base {[]} {[]}
","Sous-sections","Sous-sections","","","","","","","","","",,,,,"",,,,"FRLMSection.subSection",0,*,"",""
"FRLMImmunisations","FRLMImmunisations.entry","FRLMImmunisations.entry","","","",0,*,"","","","Base {[]} {[]}
","Entrées","Entrées","","","","","","","","","",,,,,"",,,,"FRLMSection.entry",0,*,"",""
"FRLMImmunisations","FRLMImmunisations.entry.immunisation","FRLMImmunisations.entry.immunisation","","","",1,*,"","","","https://interop.esante.gouv.fr/ig/document-core/StructureDefinition/FRLMImmunisation {[]} {[]}
","Entrée Vaccination","Entrée Vaccination","","","","","","","","","",,,,,"",,,,"FRLMImmunisations.entry.immunisation",1,*,"",""
"FRLMInformant","FRLMInformant","FRLMInformant","","","",0,*,"","","","null {[]} {[]}
","Logical model - FR LM Informant","Informant (personne ayant fourni des informations utiles à la production du document : professionnel, structure, patient/usager, autre), personne de confiance, personne à prévenir en cas d'urgence, aidant, aidé.","","","","","","","","","",,,,,"",,,,"Base",0,*,"",""
"FRLMInformant","FRLMInformant.informant[x]","FRLMInformant.informant[x]","","","",0,*,"","","","Base {[]} {[]}
","Informateur / personne de confiance / personne à prévenir en cas d’urgence / aidant / personne aidée.","Informateur / personne de confiance / personne à prévenir en cas d’urgence / aidant / personne aidée.","","","","","","","","","",,,,,"",,,,"FRLMInformant.informant[x]",0,*,"",""
"FRLMInformant","FRLMInformant.informant[x].informantProfessional","FRLMInformant.informant[x].informantProfessional","","","",0,*,"","","","https://interop.esante.gouv.fr/ig/document-core/StructureDefinition/FRLMHealthProfessional {[]} {[]}
","L'informateur est un professionnel de santé","L'informateur est un professionnel de santé","","","","","","","","","",,,,,"",,,,"FRLMInformant.informant[x].informantProfessional",0,*,"",""
"FRLMInformant","FRLMInformant.informant[x].informantOrganisation","FRLMInformant.informant[x].informantOrganisation","","","",0,*,"","","","https://interop.esante.gouv.fr/ig/document-core/StructureDefinition/FRLMOrganisation {[]} {[]}
","L'informateur est une organisation","L'informateur est une organisation","","","","","","","","","",,,,,"",,,,"FRLMInformant.informant[x].informantOrganisation",0,*,"",""
"FRLMInformant","FRLMInformant.informant[x].informantPersonne[x]","FRLMInformant.informant[x].informantPersonne[x]","","","",0,*,"","","","https://interop.esante.gouv.fr/ig/document-core/StructureDefinition/FRLMRelatedPerson {[]} {[]}
https://interop.esante.gouv.fr/ig/document-core/StructureDefinition/FRLMPatient {[]} {[]}","L'informateur est un patient/usager ou un autre type d'informateur (ex : aidant, personne à prévenir en cas d'urgence, etc.)","L'informateur est un patient/usager ou un autre type d'informateur (ex : aidant, personne à prévenir en cas d'urgence, etc.)","","","","","","","","","",,,,,"",,,,"FRLMInformant.informant[x].informantPersonne[x]",0,*,"",""
"FRLMIntendedRecipient","FRLMIntendedRecipient","FRLMIntendedRecipient","","","",0,*,"","","","null {[]} {[]}
","Logical model - FR LM Intended Recipient","Personne déclarée comme destinataire prévu du document.
- Attention : Cet élément ne contient que le(s) destinataire(s) initialement prévu(s) à la création du document. Rien ne permet par la suite, de certifier que le document a réellement été envoyé à ce(s) destinataire(s).
 Par ailleurs, il ne faut pas créer de nouvelle version du document si on souhaite l'envoyer à d'autres destinataires.","","","","","","","","","",,,,,"",,,,"Base",0,*,"",""
"FRLMIntendedRecipient","FRLMIntendedRecipient.intendedRecipient[x]","FRLMIntendedRecipient.intendedRecipient[x]","","","",0,*,"","","","Base {[]} {[]}
","destinataire prévu du document","destinataire prévu du document","","","","","","","","","",,,,,"",,,,"FRLMIntendedRecipient.intendedRecipient[x]",0,*,"",""
"FRLMIntendedRecipient","FRLMIntendedRecipient.intendedRecipient[x].intendedRecipientPatient","FRLMIntendedRecipient.intendedRecipient[x].intendedRecipientPatient","","","",0,*,"","","","https://interop.esante.gouv.fr/ig/document-core/StructureDefinition/FRLMPatient {[]} {[]}
","Le destinataire prévu est un patient","Le destinataire prévu est un patient","","","","","","","","","",,,,,"",,,,"FRLMIntendedRecipient.intendedRecipient[x].intendedRecipientPatient",0,*,"",""
"FRLMIntendedRecipient","FRLMIntendedRecipient.intendedRecipient[x].intendedRecipientRelatedPerson","FRLMIntendedRecipient.intendedRecipient[x].intendedRecipientRelatedPerson","","","",0,*,"","","","https://interop.esante.gouv.fr/ig/document-core/StructureDefinition/FRLMRelatedPerson {[]} {[]}
","Le destinataire prévu est une personne de confiance du patient","Le destinataire prévu est une personne de confiance du patient","","","","","","","","","",,,,,"",,,,"FRLMIntendedRecipient.intendedRecipient[x].intendedRecipientRelatedPerson",0,*,"",""
"FRLMIntendedRecipient","FRLMIntendedRecipient.intendedRecipient[x].intendedRecipientHealthProfessional","FRLMIntendedRecipient.intendedRecipient[x].intendedRecipientHealthProfessional","","","",0,*,"","","","https://interop.esante.gouv.fr/ig/document-core/StructureDefinition/FRLMHealthProfessional {[]} {[]}
","Le destinataire prévu est un professionnel de santé","Le destinataire prévu est un professionnel de santé","","","","","","","","","",,,,,"",,,,"FRLMIntendedRecipient.intendedRecipient[x].intendedRecipientHealthProfessional",0,*,"",""
"FRLMIntendedRecipient","FRLMIntendedRecipient.intendedRecipient[x].intendedRecipientOrganisation","FRLMIntendedRecipient.intendedRecipient[x].intendedRecipientOrganisation","","","",0,*,"","","","https://interop.esante.gouv.fr/ig/document-core/StructureDefinition/FRLMOrganisation {[]} {[]}
","Le destinataire prévu est une organisation","Le destinataire prévu est une organisation","","","","","","","","","",,,,,"",,,,"FRLMIntendedRecipient.intendedRecipient[x].intendedRecipientOrganisation",0,*,"",""
"FRLMIntendedRecipient","FRLMIntendedRecipient.intendedRecipient[x].intendedRecipientDevice","FRLMIntendedRecipient.intendedRecipient[x].intendedRecipientDevice","","","",0,*,"","","","https://interop.esante.gouv.fr/ig/document-core/StructureDefinition/FRLMDevice {[]} {[]}
","Le destinataire prévu est un système","Le destinataire prévu est un système","","","","","","","","","",,,,,"",,,,"FRLMIntendedRecipient.intendedRecipient[x].intendedRecipientDevice",0,*,"",""
"FRLMIsolatMicrobiologique","FRLMIsolatMicrobiologique","FRLMIsolatMicrobiologique","","","",0,*,"","","","null {[]} {[]}
","Modèle logique métier - FR LM Isolat microbiologique","Isolat microbiologique","","","","","","","","","",,,,,"",,,,"Base",0,*,"",""
"FRLMIsolatMicrobiologique","FRLMIsolatMicrobiologique.header","FRLMIsolatMicrobiologique.header","","","",1,1,"","","","Base {[]} {[]}
","Métadonnées de base","Métadonnées de base","","","","","","","","","",,,,,"",,,,"FRLMEntry.header",1,1,"",""
"FRLMIsolatMicrobiologique","FRLMIsolatMicrobiologique.header.subject","FRLMIsolatMicrobiologique.header.subject","","","",1,1,"","","","https://interop.esante.gouv.fr/ig/document-core/StructureDefinition/FRLMPatient {[]} {[]}
","Patient / Usager","Patient / Usager","","","","","","","","","",,,,,"",,,,"FRLMEntry.header.subject",1,1,"",""
"FRLMIsolatMicrobiologique","FRLMIsolatMicrobiologique.header.identifier","FRLMIsolatMicrobiologique.header.identifier","","","",0,*,"","","","Identifier {[]} {[]}
","Identifiant de l’entrée","Identifiant de l’entrée","","","","","","","","","",,,,,"",,,,"FRLMEntry.header.identifier",0,*,"",""
"FRLMIsolatMicrobiologique","FRLMIsolatMicrobiologique.header.author[x]","FRLMIsolatMicrobiologique.header.author[x]","","","",0,*,"","","","Base {[]} {[]}
","author[x] peut correspondre soit à un professionnel, soit à une organisation, soit à un système.","author[x] peut correspondre soit à un professionnel, soit à une organisation, soit à un système.","","","","","","","","","",,,,,"",,,,"FRLMEntry.header.author[x]",0,*,"",""
"FRLMIsolatMicrobiologique","FRLMIsolatMicrobiologique.header.author[x].authorProfessional","FRLMIsolatMicrobiologique.header.author[x].authorProfessional","","","",0,*,"","","","https://interop.esante.gouv.fr/ig/document-core/StructureDefinition/FRLMHealthProfessional {[]} {[]}
","L'auteur est un professionnel de santé","L'auteur est un professionnel de santé","","","","","","","","","",,,,,"",,,,"FRLMEntry.header.author[x].authorProfessional",0,*,"",""
"FRLMIsolatMicrobiologique","FRLMIsolatMicrobiologique.header.author[x].authorOrganisation","FRLMIsolatMicrobiologique.header.author[x].authorOrganisation","","","",0,*,"","","","https://interop.esante.gouv.fr/ig/document-core/StructureDefinition/FRLMOrganisation {[]} {[]}
","L'auteur est une organisation","L'auteur est une organisation","","","","","","","","","",,,,,"",,,,"FRLMEntry.header.author[x].authorOrganisation",0,*,"",""
"FRLMIsolatMicrobiologique","FRLMIsolatMicrobiologique.header.author[x].authorDevice","FRLMIsolatMicrobiologique.header.author[x].authorDevice","","","",0,*,"","","","https://interop.esante.gouv.fr/ig/document-core/StructureDefinition/FRLMDevice {[]} {[]}
","L'auteur est un système","L'auteur est un système","","","","","","","","","",,,,,"",,,,"FRLMEntry.header.author[x].authorDevice",0,*,"",""
"FRLMIsolatMicrobiologique","FRLMIsolatMicrobiologique.header.performer[x]","FRLMIsolatMicrobiologique.header.performer[x]","","","",0,*,"","","","https://interop.esante.gouv.fr/ig/document-core/StructureDefinition/FRLMHealthProfessional {[]} {[]}
https://interop.esante.gouv.fr/ig/document-core/StructureDefinition/FRLMOrganisation {[]} {[]}","Exécutant (performer)","Exécutant (performer)","","","","","","","","","",,,,,"",,,,"FRLMEntry.header.performer[x]",0,*,"",""
"FRLMIsolatMicrobiologique","FRLMIsolatMicrobiologique.header.participant[x]","FRLMIsolatMicrobiologique.header.participant[x]","","","",0,*,"","","","Base {[]} {[]}
","Participant","Participant","","","","","","","","","",,,,,"",,,,"FRLMEntry.header.participant[x]",0,*,"",""
"FRLMIsolatMicrobiologique","FRLMIsolatMicrobiologique.header.participant[x].participantProfessional","FRLMIsolatMicrobiologique.header.participant[x].participantProfessional","","","",0,*,"","","","https://interop.esante.gouv.fr/ig/document-core/StructureDefinition/FRLMHealthProfessional {[]} {[]}
","Le participant est un professionnel de santé","Le participant est un professionnel de santé","","","","","","","","","",,,,,"",,,,"FRLMEntry.header.participant[x].participantProfessional",0,*,"",""
"FRLMIsolatMicrobiologique","FRLMIsolatMicrobiologique.header.participant[x].participantOrganisation","FRLMIsolatMicrobiologique.header.participant[x].participantOrganisation","","","",0,*,"","","","https://interop.esante.gouv.fr/ig/document-core/StructureDefinition/FRLMOrganisation {[]} {[]}
","Le participant est une organisation","Le participant est une organisation","","","","","","","","","",,,,,"",,,,"FRLMEntry.header.participant[x].participantOrganisation",0,*,"",""
"FRLMIsolatMicrobiologique","FRLMIsolatMicrobiologique.header.participant[x].participantDevice","FRLMIsolatMicrobiologique.header.participant[x].participantDevice","","","",0,*,"","","","https://interop.esante.gouv.fr/ig/document-core/StructureDefinition/FRLMDevice {[]} {[]}
","Le participant est un système","Le participant est un système","","","","","","","","","",,,,,"",,,,"FRLMEntry.header.participant[x].participantDevice",0,*,"",""
"FRLMIsolatMicrobiologique","FRLMIsolatMicrobiologique.header.informant","FRLMIsolatMicrobiologique.header.informant","","","",0,*,"","","","https://interop.esante.gouv.fr/ig/document-core/StructureDefinition/FRLMInformant {[]} {[]}
","Informateur","Informateur","","","","","","","","","",,,,,"",,,,"FRLMEntry.header.informant",0,*,"",""
"FRLMIsolatMicrobiologique","FRLMIsolatMicrobiologique.header.date","FRLMIsolatMicrobiologique.header.date","","","",0,1,"","","","dateTime {[]} {[]}
","Date et heure des résultats","Date/Heure de création par l'auteur","","","","","","","","","",,,,,"",,,,"FRLMEntry.header.date",0,1,"",""
"FRLMIsolatMicrobiologique","FRLMIsolatMicrobiologique.header.status","FRLMIsolatMicrobiologique.header.status","","","",0,1,"","","","CodeableConcept {[]} {[]}
","Statut","Statut","","","","","","","","","",,,,,"",,,,"FRLMEntry.header.status",0,1,"",""
"FRLMIsolatMicrobiologique","FRLMIsolatMicrobiologique.header.source","FRLMIsolatMicrobiologique.header.source","","","",0,1,"","","","CodeableConcept {[]} {[]}
","Source","Source","","","","","","","","","",,,,,"",,,,"FRLMEntry.header.source",0,1,"",""
"FRLMIsolatMicrobiologique","FRLMIsolatMicrobiologique.header.language","FRLMIsolatMicrobiologique.header.language","","","",0,1,"","","","CodeableConcept {[]} {[]}
","'fr-FR' pour français métropolitain (la casse des caractères doit être respectée)
La partie en minuscules indique le code de la langue utilisée (ISO-639-1)
La partie en majuscules indique le code pays (ISO-3166)","'fr-FR' pour français métropolitain (la casse des caractères doit être respectée)
La partie en minuscules indique le code de la langue utilisée (ISO-639-1)
La partie en majuscules indique le code pays (ISO-3166)","","","","","","","","","",,,,,"",,,,"FRLMEntry.header.language",0,1,"",""
"FRLMIsolatMicrobiologique","FRLMIsolatMicrobiologique.codeIsolat","FRLMIsolatMicrobiologique.codeIsolat","","","",0,1,"","","","CodeableConcept {[]} {[]}
","Code isolat","Code isolat","","","","","","","","","",,,,,"",,,,"FRLMIsolatMicrobiologique.codeIsolat",0,1,"",""
"FRLMIsolatMicrobiologique","FRLMIsolatMicrobiologique.isolatMicrobiologique","FRLMIsolatMicrobiologique.isolatMicrobiologique","","","",1,1,"","","","Base {[]} {[]}
","Isolat microbiologique","Isolat microbiologique","","","","","","","","","",,,,,"",,,,"FRLMIsolatMicrobiologique.isolatMicrobiologique",1,1,"",""
"FRLMIsolatMicrobiologique","FRLMIsolatMicrobiologique.isolatMicrobiologique.isolat","FRLMIsolatMicrobiologique.isolatMicrobiologique.isolat","","","",1,1,"","","","Base {[]} {[]}
","Isolat microbiologique","Isolat microbiologique","","","","","","","","","",,,,,"",,,,"FRLMIsolatMicrobiologique.isolatMicrobiologique.isolat",1,1,"",""
"FRLMIsolatMicrobiologique","FRLMIsolatMicrobiologique.isolatMicrobiologique.isolat.identifiant","FRLMIsolatMicrobiologique.isolatMicrobiologique.isolat.identifiant","","","",1,1,"","","","Identifier {[]} {[]}
","Identifiant de l'isolat","Identifiant de l'isolat","","","","","","","","","",,,,,"",,,,"FRLMIsolatMicrobiologique.isolatMicrobiologique.isolat.identifiant",1,1,"",""
"FRLMIsolatMicrobiologique","FRLMIsolatMicrobiologique.isolatMicrobiologique.isolat.agent","FRLMIsolatMicrobiologique.isolatMicrobiologique.isolat.agent","","","",1,1,"","","","Base {[]} {[]}
","L'agent infectieux cultivé (bactérie, levure, virus, parasite)","L'agent infectieux cultivé (bactérie, levure, virus, parasite)","","","","","","","","","",,,,,"",,,,"FRLMIsolatMicrobiologique.isolatMicrobiologique.isolat.agent",1,1,"",""
"FRLMIsolatMicrobiologique","FRLMIsolatMicrobiologique.isolatMicrobiologique.isolat.agent.code","FRLMIsolatMicrobiologique.isolatMicrobiologique.isolat.agent.code","","","",1,1,"","","","CodeableConcept {[]} {[]}
","Code isolat","Code isolat","","","","","","","","","",,,,,"",,,,"FRLMIsolatMicrobiologique.isolatMicrobiologique.isolat.agent.code",1,1,"",""
"FRLMIsolatMicrobiologique","FRLMIsolatMicrobiologique.laboratoireExecutant","FRLMIsolatMicrobiologique.laboratoireExecutant","","","",0,*,"","","","https://interop.esante.gouv.fr/ig/document-core/StructureDefinition/FRLMLaboratoireExecutant {[]} {[]}
","Laboratoire sous-traitant. Apparaît à ce niveau si et et seulement si ce résultat a été produit par un laboratoire exécutant distinct du laboratoire exécutant déclaré aux niveaux supérieurs.","Laboratoire sous-traitant. Apparaît à ce niveau si et et seulement si ce résultat a été produit par un laboratoire exécutant distinct du laboratoire exécutant déclaré aux niveaux supérieurs.","","","","","","","","","",,,,,"",,,,"FRLMIsolatMicrobiologique.laboratoireExecutant",0,*,"",""
"FRLMIsolatMicrobiologique","FRLMIsolatMicrobiologique.batterieExamensDeBiologieMedicale","FRLMIsolatMicrobiologique.batterieExamensDeBiologieMedicale","","","",0,*,"","","","https://interop.esante.gouv.fr/ig/document-core/StructureDefinition/FRLMBatterieExamensBiologieMedicale {[]} {[]}
","Batterie d'examens de biologie médicale","Batterie d'examens de biologie médicale","","","","","","","","","",,,,,"",,,,"FRLMIsolatMicrobiologique.batterieExamensDeBiologieMedicale",0,*,"",""
"FRLMIsolatMicrobiologique","FRLMIsolatMicrobiologique.resultatElementCliniquePertinent","FRLMIsolatMicrobiologique.resultatElementCliniquePertinent","","","",0,*,"","","","https://interop.esante.gouv.fr/ig/document-core/StructureDefinition/FRLMResultatExamensBiologieElementCliniquePertinent {[]} {[]}
","Résultat d'examen de biologie / élément clinique pertinent","Résultat d'examen de biologie / élément clinique pertinent","","","","","","","","","",,,,,"",,,,"FRLMIsolatMicrobiologique.resultatElementCliniquePertinent",0,*,"",""
"FRLMIsolatMicrobiologique","FRLMIsolatMicrobiologique.imageIllustrative","FRLMIsolatMicrobiologique.imageIllustrative","","","",0,*,"","","","https://interop.esante.gouv.fr/ig/document-core/StructureDefinition/FRLMObservationMedia {[]} {[]}
","Image ou graphe","Image ou graphe","","","","","","","","","",,,,,"",,,,"FRLMIsolatMicrobiologique.imageIllustrative",0,*,"",""
"FRLMIsolatMicrobiologique","FRLMIsolatMicrobiologique.commentaire","FRLMIsolatMicrobiologique.commentaire","","","",0,*,"","","","string {[]} {[]}
","Commentaire de section interprétant l'ensemble des résultats","Commentaire de section interprétant l'ensemble des résultats","","","","","","","","","",,,,,"",,,,"FRLMIsolatMicrobiologique.commentaire",0,*,"",""
"FRLMLaboratoireExecutant","FRLMLaboratoireExecutant","FRLMLaboratoireExecutant","","","",0,*,"","","","null {[]} {[]}
","Modèle logique métier - FR LM Laboratoire exécutant","Laboratoire exécutant","","","","","","","","","",,,,,"",,,,"Base",0,*,"",""
"FRLMLaboratoireExecutant","FRLMLaboratoireExecutant.dateExecution","FRLMLaboratoireExecutant.dateExecution","","","",1,1,"","","","dateTime {[]} {[]}
","Date de l’exécution","Date de l’exécution","","","","","","","","","",,,,,"",,,,"FRLMLaboratoireExecutant.dateExecution",1,1,"",""
"FRLMLaboratoireExecutant","FRLMLaboratoireExecutant.executant[x]","FRLMLaboratoireExecutant.executant[x]","","","",1,1,"","","","https://interop.esante.gouv.fr/ig/document-core/StructureDefinition/FRLMHealthProfessional {[]} {[]}
https://interop.esante.gouv.fr/ig/document-core/StructureDefinition/FRLMOrganisation {[]} {[]}","Directeur du laboratoire","Directeur du laboratoire","","","","","","","","","",,,,,"",,,,"FRLMLaboratoireExecutant.executant[x]",1,1,"",""
"FRLMLaboratoryObservation","FRLMLaboratoryObservation","FRLMLaboratoryObservation","","","",0,*,"","","","null {[]} {[]}
","Logical model - Laboratory Observation","Résultats d'examen de biologie médicale","","","","","","","","","",,,,,"",,,,"Base",0,*,"",""
"FRLMLaboratoryObservation","FRLMLaboratoryObservation.header","FRLMLaboratoryObservation.header","","","",1,1,"","","","Base {[]} {[]}
","Métadonnées de base","Métadonnées de base","","","","","","","","","",,,,,"",,,,"FRLMEntry.header",1,1,"",""
"FRLMLaboratoryObservation","FRLMLaboratoryObservation.header.subject","FRLMLaboratoryObservation.header.subject","","","",1,1,"","","","https://interop.esante.gouv.fr/ig/document-core/StructureDefinition/FRLMPatient {[]} {[]}
","Patient / Usager","Patient / Usager","","","","","","","","","",,,,,"",,,,"FRLMEntry.header.subject",1,1,"",""
"FRLMLaboratoryObservation","FRLMLaboratoryObservation.header.identifier","FRLMLaboratoryObservation.header.identifier","","","",0,*,"","","","Identifier {[]} {[]}
","Identifiant de l’entrée","Identifiant de l’entrée","","","","","","","","","",,,,,"",,,,"FRLMEntry.header.identifier",0,*,"",""
"FRLMLaboratoryObservation","FRLMLaboratoryObservation.header.author[x]","FRLMLaboratoryObservation.header.author[x]","","","",0,*,"","","","Base {[]} {[]}
","author[x] peut correspondre soit à un professionnel, soit à une organisation, soit à un système.","author[x] peut correspondre soit à un professionnel, soit à une organisation, soit à un système.","","","","","","","","","",,,,,"",,,,"FRLMEntry.header.author[x]",0,*,"",""
"FRLMLaboratoryObservation","FRLMLaboratoryObservation.header.author[x].authorProfessional","FRLMLaboratoryObservation.header.author[x].authorProfessional","","","",0,*,"","","","https://interop.esante.gouv.fr/ig/document-core/StructureDefinition/FRLMHealthProfessional {[]} {[]}
","L'auteur est un professionnel de santé","L'auteur est un professionnel de santé","","","","","","","","","",,,,,"",,,,"FRLMEntry.header.author[x].authorProfessional",0,*,"",""
"FRLMLaboratoryObservation","FRLMLaboratoryObservation.header.author[x].authorOrganisation","FRLMLaboratoryObservation.header.author[x].authorOrganisation","","","",0,*,"","","","https://interop.esante.gouv.fr/ig/document-core/StructureDefinition/FRLMOrganisation {[]} {[]}
","L'auteur est une organisation","L'auteur est une organisation","","","","","","","","","",,,,,"",,,,"FRLMEntry.header.author[x].authorOrganisation",0,*,"",""
"FRLMLaboratoryObservation","FRLMLaboratoryObservation.header.author[x].authorDevice","FRLMLaboratoryObservation.header.author[x].authorDevice","","","",0,*,"","","","https://interop.esante.gouv.fr/ig/document-core/StructureDefinition/FRLMDevice {[]} {[]}
","L'auteur est un système","L'auteur est un système","","","","","","","","","",,,,,"",,,,"FRLMEntry.header.author[x].authorDevice",0,*,"",""
"FRLMLaboratoryObservation","FRLMLaboratoryObservation.header.performer[x]","FRLMLaboratoryObservation.header.performer[x]","","","",0,*,"","","","https://interop.esante.gouv.fr/ig/document-core/StructureDefinition/FRLMHealthProfessional {[]} {[]}
https://interop.esante.gouv.fr/ig/document-core/StructureDefinition/FRLMOrganisation {[]} {[]}","Exécutant (performer)","Exécutant (performer)","","","","","","","","","",,,,,"",,,,"FRLMEntry.header.performer[x]",0,*,"",""
"FRLMLaboratoryObservation","FRLMLaboratoryObservation.header.participant[x]","FRLMLaboratoryObservation.header.participant[x]","","","",0,*,"","","","Base {[]} {[]}
","Participant","Participant","","","","","","","","","",,,,,"",,,,"FRLMEntry.header.participant[x]",0,*,"",""
"FRLMLaboratoryObservation","FRLMLaboratoryObservation.header.participant[x].participantProfessional","FRLMLaboratoryObservation.header.participant[x].participantProfessional","","","",0,*,"","","","https://interop.esante.gouv.fr/ig/document-core/StructureDefinition/FRLMHealthProfessional {[]} {[]}
","Le participant est un professionnel de santé","Le participant est un professionnel de santé","","","","","","","","","",,,,,"",,,,"FRLMEntry.header.participant[x].participantProfessional",0,*,"",""
"FRLMLaboratoryObservation","FRLMLaboratoryObservation.header.participant[x].participantOrganisation","FRLMLaboratoryObservation.header.participant[x].participantOrganisation","","","",0,*,"","","","https://interop.esante.gouv.fr/ig/document-core/StructureDefinition/FRLMOrganisation {[]} {[]}
","Le participant est une organisation","Le participant est une organisation","","","","","","","","","",,,,,"",,,,"FRLMEntry.header.participant[x].participantOrganisation",0,*,"",""
"FRLMLaboratoryObservation","FRLMLaboratoryObservation.header.participant[x].participantDevice","FRLMLaboratoryObservation.header.participant[x].participantDevice","","","",0,*,"","","","https://interop.esante.gouv.fr/ig/document-core/StructureDefinition/FRLMDevice {[]} {[]}
","Le participant est un système","Le participant est un système","","","","","","","","","",,,,,"",,,,"FRLMEntry.header.participant[x].participantDevice",0,*,"",""
"FRLMLaboratoryObservation","FRLMLaboratoryObservation.header.informant","FRLMLaboratoryObservation.header.informant","","","",0,*,"","","","https://interop.esante.gouv.fr/ig/document-core/StructureDefinition/FRLMInformant {[]} {[]}
","Informateur","Informateur","","","","","","","","","",,,,,"",,,,"FRLMEntry.header.informant",0,*,"",""
"FRLMLaboratoryObservation","FRLMLaboratoryObservation.header.date","FRLMLaboratoryObservation.header.date","","","",0,1,"","","","dateTime {[]} {[]}
","Date/Heure de création par l'auteur","Date/Heure de création par l'auteur","","","","","","","","","",,,,,"",,,,"FRLMEntry.header.date",0,1,"",""
"FRLMLaboratoryObservation","FRLMLaboratoryObservation.header.status","FRLMLaboratoryObservation.header.status","","","",1,1,"","","","CodeableConcept {[]} {[]}
","Statut de l'observation","Statut","","","","","","","","","",,,,,"",,,,"FRLMEntry.header.status",0,1,"",""
"FRLMLaboratoryObservation","FRLMLaboratoryObservation.header.status.id","FRLMLaboratoryObservation.header.status.id","","","",0,1,"","","","string {[]} {[]}
","Unique id for inter-element referencing","Unique id for the element within a resource (for internal references). This may be any string value that does not contain spaces.","","","","","","","","","",,,,,"",,,,"Element.id",0,1,"",""
"FRLMLaboratoryObservation","FRLMLaboratoryObservation.header.status.extension","FRLMLaboratoryObservation.header.status.extension","","extensions
user content","",0,*,"","","","Extension {[]} {[]}
","Additional content defined by implementations","May be used to represent additional information that is not part of the basic definition of the element. To make the use of extensions safe and manageable, there is a strict set of governance  applied to the definition and use of extensions. Though any implementer can define an extension, there is a set of requirements that SHALL be met as part of the definition of the extension.","There can be no stigma associated with the use of extensions by any application, project, or standard - regardless of the institution or jurisdiction that uses or defines the extensions.  The use of extensions is what allows the FHIR specification to retain a core level of simplicity for everyone.","","","","","","","","",,,,,"","value:url}
","Extensions are always sliced by (at least) url",,"open","Element.extension",0,*,"","ele-1:All FHIR elements must have a @value or children {hasValue() or (children().count() > id.count())}
ext-1:Must have either extensions or value[x], not both {extension.exists() != value.exists()}"
"FRLMLaboratoryObservation","FRLMLaboratoryObservation.header.status.coding","FRLMLaboratoryObservation.header.status.coding","","","",0,*,"","","Y","Coding {[]} {[]}
","Code defined by a terminology system","A reference to a code defined by a terminology system.","Codes may be defined very casually in enumerations, or code lists, up to very formal definitions such as SNOMED CT - see the HL7 v3 Core Principles for more information.  Ordering of codings is undefined and SHALL NOT be used to infer meaning. Generally, at most only one of the coding values will be labeled as UserSelected = true.","Allows for alternative encodings within a code system, and translations to other code systems.","","","","","","","",,,,,"",,,,"CodeableConcept.coding",0,*,"","ele-1:All FHIR elements must have a @value or children {hasValue() or (children().count() > id.count())}
"
"FRLMLaboratoryObservation","FRLMLaboratoryObservation.header.status.text","FRLMLaboratoryObservation.header.status.text","","","",0,1,"","","Y","string {[]} {[]}
","Plain text representation of the concept","A human language representation of the concept as seen/selected/uttered by the user who entered the data and/or which represents the intended meaning of the user.","Very often the text is the same as a displayName of one of the codings.","The codes from the terminologies do not always capture the correct meaning with all the nuances of the human using them, or sometimes there is no appropriate code at all. In these cases, the text is used to capture the full meaning of the source.","","","","","","","",,,,,"",,,,"CodeableConcept.text",0,1,"","ele-1:All FHIR elements must have a @value or children {hasValue() or (children().count() > id.count())}
"
"FRLMLaboratoryObservation","FRLMLaboratoryObservation.header.status.directSubject[x]","FRLMLaboratoryObservation.header.status.directSubject[x]","","","",0,1,"","","","https://interop.esante.gouv.fr/ig/document-core/StructureDefinition/FRLMPatient {[]} {[]}
https://interop.esante.gouv.fr/ig/document-core/StructureDefinition/FRLMDevice {[]} {[]}https://interop.esante.gouv.fr/ig/document-core/StructureDefinition/FRLMHealthProfessional {[]} {[]}https://interop.esante.gouv.fr/ig/document-core/StructureDefinition/FRLMOrganisation {[]} {[]}https://interop.esante.gouv.fr/ig/document-core/StructureDefinition/FRLMProcedure {[]} {[]}","Sujet direct de l'observation si différent du patient, par exemple dans le cas d’une observation portant sur un dispositif implanté. D’autres types de sujets peuvent être autorisés selon les implémentations.","Sujet direct de l'observation si différent du patient, par exemple dans le cas d’une observation portant sur un dispositif implanté. D’autres types de sujets peuvent être autorisés selon les implémentations.","","","","","","","","","",,,,,"",,,,"FRLMObservation.header.status.directSubject[x]",0,1,"",""
"FRLMLaboratoryObservation","FRLMLaboratoryObservation.header.source","FRLMLaboratoryObservation.header.source","","","",0,1,"","","","CodeableConcept {[]} {[]}
","Source","Source","","","","","","","","","",,,,,"",,,,"FRLMEntry.header.source",0,1,"",""
"FRLMLaboratoryObservation","FRLMLaboratoryObservation.header.language","FRLMLaboratoryObservation.header.language","","","",0,1,"","","","CodeableConcept {[]} {[]}
","'fr-FR' pour français métropolitain (la casse des caractères doit être respectée)
La partie en minuscules indique le code de la langue utilisée (ISO-639-1)
La partie en majuscules indique le code pays (ISO-3166)","'fr-FR' pour français métropolitain (la casse des caractères doit être respectée)
La partie en minuscules indique le code de la langue utilisée (ISO-639-1)
La partie en majuscules indique le code pays (ISO-3166)","","","","","","","","","",,,,,"",,,,"FRLMEntry.header.language",0,1,"",""
"FRLMLaboratoryObservation","FRLMLaboratoryObservation.observationDate[x]","FRLMLaboratoryObservation.observationDate[x]","","","",1,1,"","","","dateTime {[]} {[]}
Period {[]} {[]}","Date de l'observation","Date de l'observation","","","","","","","","","",,,,,"",,,,"FRLMObservation.observationDate[x]",1,1,"",""
"FRLMLaboratoryObservation","FRLMLaboratoryObservation.type","FRLMLaboratoryObservation.type","","","",1,1,"","","","CodeableConcept {[]} {[]}
","Type d'observation","Type d'observation","","","","","","","","","",,"required","LOINC (2.16.840.1.113883.6.1) ou autre","","",,,,"FRLMObservation.type",1,1,"",""
"FRLMLaboratoryObservation","FRLMLaboratoryObservation.originalName","FRLMLaboratoryObservation.originalName","","","",0,1,"","","","string {[]} {[]}
","Nom de l'observation","Nom de l'observation","","","","","","","","","",,,,,"",,,,"FRLMObservation.originalName",0,1,"",""
"FRLMLaboratoryObservation","FRLMLaboratoryObservation.method","FRLMLaboratoryObservation.method","","","",0,1,"","","","CodeableConcept {[]} {[]}
","Méthode utilisée pour l'observation","Méthode utilisée pour l'observation","","","","","","","","","",,,,,"",,,,"FRLMObservation.method",0,1,"",""
"FRLMLaboratoryObservation","FRLMLaboratoryObservation.specimen","FRLMLaboratoryObservation.specimen","","","",0,1,"","","","https://interop.esante.gouv.fr/ig/document-core/StructureDefinition/FRLMSpecimen {[]} {[]}
","Prélèvement","Prélèvement","","","","","","","","","",,,,,"",,,,"FRLMObservation.specimen",0,1,"",""
"FRLMLaboratoryObservation","FRLMLaboratoryObservation.order","FRLMLaboratoryObservation.order","","","",0,1,"","","","https://interop.esante.gouv.fr/ig/document-core/StructureDefinition/FRLMServiceRequest {[]} {[]}
","Demande d'examen correspondante","Demande d'examen correspondante","","","","","","","","","",,,,,"",,,,"FRLMObservation.order",0,1,"",""
"FRLMLaboratoryObservation","FRLMLaboratoryObservation.bodySite","FRLMLaboratoryObservation.bodySite","","","",0,1,"","","","https://interop.esante.gouv.fr/ig/document-core/StructureDefinition/FRLMBodyStructure {[]} {[]}
","Localisation anatomique","Localisation anatomique","","","","","","","","","",,,,,"",,,,"FRLMObservation.bodySite",0,1,"",""
"FRLMLaboratoryObservation","FRLMLaboratoryObservation.result","FRLMLaboratoryObservation.result","","","",1,1,"","","","Base {[]} {[]}
","Résultats d'examen","Valeur de l'observation","","","","","","","","","",,,,,"",,,,"FRLMObservation.result",1,1,"",""
"FRLMLaboratoryObservation","FRLMLaboratoryObservation.result.Value[x]","FRLMLaboratoryObservation.result.Value[x]","","","",0,1,"","","","string {[]} {[]}
Quantity {[]} {[]}Range {[]} {[]}Ratio {[]} {[]}CodeableConcept {[]} {[]}boolean {[]} {[]}","Valeur de l'observation. Le type de donnée doit être adapté au type d'observation.","Valeur de l'observation. Le type de donnée doit être adapté au type d'observation.","","","","","","","","","",,,,,"",,,,"FRLMObservation.result.Value[x]",0,1,"",""
"FRLMLaboratoryObservation","FRLMLaboratoryObservation.referenceRange","FRLMLaboratoryObservation.referenceRange","","","",0,*,"","","","Base {[]} {[]}
","Intervalle de référence. Plusieurs intervalles de référence, de types différents, peuvent être fournis.","Intervalle de référence. Plusieurs intervalles de référence, de types différents, peuvent être fournis.","","","","","","","","","",,,,,"",,,,"FRLMObservation.referenceRange",0,*,"",""
"FRLMLaboratoryObservation","FRLMLaboratoryObservation.referenceRange.low","FRLMLaboratoryObservation.referenceRange.low","","","",0,1,"","","","Quantity {[]} {[]}
","Limite inférieure de l'intervalle","Limite inférieure de l'intervalle","","","","","","","","","",,"preferred","(preferred): UCUM for units","","",,,,"FRLMObservation.referenceRange.low",0,1,"",""
"FRLMLaboratoryObservation","FRLMLaboratoryObservation.referenceRange.high","FRLMLaboratoryObservation.referenceRange.high","","","",0,1,"","","","Quantity {[]} {[]}
","Limite supérieure de l'intervalle","Limite supérieure de l'intervalle","","","","","","","","","",,"preferred","(preferred): UCUM for units","","",,,,"FRLMObservation.referenceRange.high",0,1,"",""
"FRLMLaboratoryObservation","FRLMLaboratoryObservation.referenceRange.normalValue","FRLMLaboratoryObservation.referenceRange.normalValue","","","",0,1,"","","","CodeableConcept {[]} {[]}
","Valeur normale si pertinente pour l'intervalle","Valeur normale si pertinente pour l'intervalle","","","","","","","","","",,"preferred","(preferred): SNOMED CT","","",,,,"FRLMObservation.referenceRange.normalValue",0,1,"",""
"FRLMLaboratoryObservation","FRLMLaboratoryObservation.referenceRange.type","FRLMLaboratoryObservation.referenceRange.type","","","",0,1,"","","","CodeableConcept {[]} {[]}
","Type d'intervalle de référence","Type d'intervalle de référence","","","","","","","","","",,"preferred","(preferred): HL7 Observation Reference Range Meaning Codes","","",,,,"FRLMObservation.referenceRange.type",0,1,"",""
"FRLMLaboratoryObservation","FRLMLaboratoryObservation.referenceRange.appliesTo","FRLMLaboratoryObservation.referenceRange.appliesTo","","","",0,*,"","","","CodeableConcept {[]} {[]}
","Population concernée pour cet intervalle","Population concernée pour cet intervalle","","","","","","","","","",,"preferred","(preferred): SNOMED CT, HL7 v3-Race","","",,,,"FRLMObservation.referenceRange.appliesTo",0,*,"",""
"FRLMLaboratoryObservation","FRLMLaboratoryObservation.referenceRange.age","FRLMLaboratoryObservation.referenceRange.age","","","",0,1,"","","","Range {[]} {[]}
","Tranche d'âge pour cet intervalle","Tranche d'âge pour cet intervalle","","","","","","","","","",,"preferred","(preferred): UCUM for units","","",,,,"FRLMObservation.referenceRange.age",0,1,"",""
"FRLMLaboratoryObservation","FRLMLaboratoryObservation.referenceRange.text","FRLMLaboratoryObservation.referenceRange.text","","","",0,1,"","","","string {[]} {[]}
","Texte libre","Texte libre","","","","","","","","","",,,,,"",,,,"FRLMObservation.referenceRange.text",0,1,"",""
"FRLMLaboratoryObservation","FRLMLaboratoryObservation.interpretation","FRLMLaboratoryObservation.interpretation","","","",0,*,"","","","CodeableConcept {[]} {[]}
","Interprétation","Interprétation","","","","","","","","","",,"required","HL7 Observation Interpretation Codes","https://smt.esante.gouv.fr/fhir/ValueSet/jdv-hl7-v3-ObservationInterpretation-cisis|20260619134042","",,,,"FRLMObservation.interpretation",0,*,"",""
"FRLMLaboratoryObservation","FRLMLaboratoryObservation.note","FRLMLaboratoryObservation.note","","","",0,1,"","","","string {[]} {[]}
","Commentaire","Commentaire","","","","","","","","","",,,,,"",,,,"FRLMObservation.note",0,1,"",""
"FRLMLaboratoryObservation","FRLMLaboratoryObservation.component","FRLMLaboratoryObservation.component","","","",0,*,"","","","Base {[]} {[]}
","Composant dans le cas d'une observation composée de plusieurs sous-observations","Composant dans le cas d'une observation composée de plusieurs sous-observations","","","","","","","","","",,,,,"",,,,"FRLMObservation.component",0,*,"",""
"FRLMLaboratoryObservation","FRLMLaboratoryObservation.derivedFrom[x]","FRLMLaboratoryObservation.derivedFrom[x]","","","",0,*,"","","","https://interop.esante.gouv.fr/ig/document-core/StructureDefinition/FRLMObservation {[]} {[]}
https://interop.esante.gouv.fr/ig/document-core/StructureDefinition/FRLMLaboratoryObservation {[]} {[]}https://interop.esante.gouv.fr/ig/document-core/StructureDefinition/FRLMImagingStudy {[]} {[]}","Référence de la resource à partir de laquelle l'observation a été faite. Par exemple, une image échographique à partir de laquelle une mesure fœtale est réalisée.","Référence de la resource à partir de laquelle l'observation a été faite. Par exemple, une image échographique à partir de laquelle une mesure fœtale est réalisée.","","","","","","","","","",,,,,"",,,,"FRLMObservation.derivedFrom[x]",0,*,"",""
"FRLMLaboratoryObservation","FRLMLaboratoryObservation.hasMember[x]","FRLMLaboratoryObservation.hasMember[x]","","","",0,*,"","","","https://interop.esante.gouv.fr/ig/document-core/StructureDefinition/FRLMLaboratoryObservation {[]} {[]}
https://interop.esante.gouv.fr/ig/document-core/StructureDefinition/FRLMObservation {[]} {[]}","Cette observation est un groupe d'observations (par exemple, une batterie de tests, un ensemble de mesures de signes vitaux).","Cette observation est un groupe d'observations (par exemple, une batterie de tests, un ensemble de mesures de signes vitaux).","","","","","","","","","",,,,,"",,,,"FRLMObservation.hasMember[x]",0,*,"",""
"FRLMLaboratoryObservation","FRLMLaboratoryObservation.triggeredBy[x]","FRLMLaboratoryObservation.triggeredBy[x]","","","",0,*,"","","","https://interop.esante.gouv.fr/ig/document-core/StructureDefinition/FRLMLaboratoryObservation {[]} {[]}
https://interop.esante.gouv.fr/ig/document-core/StructureDefinition/FRLMObservation {[]} {[]}","Référence à l'observation ayant déclenché la réalisation de cette observation.","Référence à l'observation ayant déclenché la réalisation de cette observation.","","","","","","","","","",,,,,"",,,,"FRLMLaboratoryObservation.triggeredBy[x]",0,*,"",""
"FRLMLaboratoryObservation","FRLMLaboratoryObservation.testKit","FRLMLaboratoryObservation.testKit","","","",0,1,"","","","https://interop.esante.gouv.fr/ig/document-core/StructureDefinition/FRLMDevice {[]} {[]}
","Test Kit utilisé pour la réalisation de l'observation.","Test Kit utilisé pour la réalisation de l'observation.","","","","","","","","","",,,,,"",,,,"FRLMLaboratoryObservation.testKit",0,1,"",""
"FRLMLaboratoryObservation","FRLMLaboratoryObservation.calibrator","FRLMLaboratoryObservation.calibrator","","","",0,1,"","","","Identifier {[]} {[]}
","Identifiant du calibrateur utilisé pour la réalisation de l'observation.","Identifiant du calibrateur utilisé pour la réalisation de l'observation.","","","","","","","","","",,,,,"",,,,"FRLMLaboratoryObservation.calibrator",0,1,"",""
"FRLMLaboratoryObservation","FRLMLaboratoryObservation.accreditationStatus","FRLMLaboratoryObservation.accreditationStatus","","","",0,1,"","","","boolean {[]} {[]}
","Statut d'accréditation du laboratoire pour l'observation.","Statut d'accréditation du laboratoire pour l'observation.","","","","","","","","","",,,,,"",,,,"FRLMLaboratoryObservation.accreditationStatus",0,1,"",""
"FRLMLaboratoryObservation","FRLMLaboratoryObservation.previousResults","FRLMLaboratoryObservation.previousResults","","","",0,*,"","","","https://interop.esante.gouv.fr/ig/document-core/StructureDefinition/FRLMLaboratoryObservation {[]} {[]}
","Résultats précédents de la même observation","Résultats précédents de la même observation","","","","","","","","","",,,,,"",,,,"FRLMLaboratoryObservation.previousResults",0,*,"",""
"FRLMLaboratoryObservation","FRLMLaboratoryObservation.pointOfCareTest","FRLMLaboratoryObservation.pointOfCareTest","","","",0,1,"","","","boolean {[]} {[]}
","Indique si l'observation est un test de point de soins ou non.","Indique si l'observation est un test de point de soins ou non.","","","","","","","","","",,,,,"",,,,"FRLMLaboratoryObservation.pointOfCareTest",0,1,"",""
"FRLMLegalAuthentication","FRLMLegalAuthentication","FRLMLegalAuthentication","","","",1,1,"","","","null {[]} {[]}
","Logical model - FR LM Legal Authentication","Représente le responsable du document, qui est : 
 - soit le professionnel qui prend la responsabilité du document produit par un lui-même ou un autre professionnel. 
 - soit le professionnel qui prend la responsabilité du document produit par un système de structure (ES, …). 
 - soit le patient/usager responsable du document d'expression personnelle 
 - soit le SNR responsable du document produit via ce SNR. 
 - Soit le Dossier Pharmaceutique (DP) responsable des documents qu'il produit","","","","","","","","","",,,,,"",,,,"Base",0,*,"",""
"FRLMLegalAuthentication","FRLMLegalAuthentication.dateTime","FRLMLegalAuthentication.dateTime","","","",1,1,"","","","dateTime {[]} {[]}
","Date/Heure de la prise de responsabilité.","Date/Heure de la prise de responsabilité.","","","","","","","","","",,,,,"",,,,"FRLMLegalAuthentication.dateTime",1,1,"",""
"FRLMLegalAuthentication","FRLMLegalAuthentication.legalAuthenticator[x]","FRLMLegalAuthentication.legalAuthenticator[x]","","","",1,1,"","","","https://interop.esante.gouv.fr/ig/document-core/StructureDefinition/FRLMHealthProfessional {[]} {[]}
https://interop.esante.gouv.fr/ig/document-core/StructureDefinition/FRLMPatient {[]} {[]}https://interop.esante.gouv.fr/ig/document-core/StructureDefinition/FRLMDevice {[]} {[]}https://interop.esante.gouv.fr/ig/document-core/StructureDefinition/FRLMOrganisation {[]} {[]}","Responsable du document.","Responsable du document.","","","","","","","","","",,,,,"",,,,"FRLMLegalAuthentication.legalAuthenticator[x]",1,1,"",""
"FRLMLocation","FRLMLocation","FRLMLocation","","","",0,*,"","","","null {[]} {[]}
","Logical model - FR LM Location","Lieu","","","","","","","","","",,,,,"",,,,"Base",0,*,"",""
"FRLMLocation","FRLMLocation.identifier","FRLMLocation.identifier","","","",0,*,"","","","Identifier {[]} {[]}
","Identifiant du lieu","Identifiant du lieu","","","","","","","","","",,,,,"",,,,"FRLMLocation.identifier",0,*,"",""
"FRLMLocation","FRLMLocation.name","FRLMLocation.name","","","",0,1,"","","","string {[]} {[]}
","Nom du lieu","Nom du lieu","","","","","","","","","",,,,,"",,,,"FRLMLocation.name",0,1,"",""
"FRLMLocation","FRLMLocation.description","FRLMLocation.description","","","",0,1,"","","","string {[]} {[]}
","Informations complémentaires sur le lieu permettant de mieux l'identifier, au-delà de son nom.","Informations complémentaires sur le lieu permettant de mieux l'identifier, au-delà de son nom.","","","","","","","","","",,,,,"",,,,"FRLMLocation.description",0,1,"",""
"FRLMLocation","FRLMLocation.type","FRLMLocation.type","","","",0,*,"","","","CodeableConcept {[]} {[]}
","Type de fonction exercée sur le lieu","Type de fonction exercée sur le lieu","","","","","","","","","",,"preferred","(preferred): https://terminology.hl7.org/ValueSet-v3-ServiceDeliveryLocationRoleType.html","","",,,,"FRLMLocation.type",0,*,"",""
"FRLMLocation","FRLMLocation.address","FRLMLocation.address","","","",0,1,"","","","Address {[]} {[]}
","Adresse du lieu","Adresse du lieu","","","","","","","","","",,,,,"",,,,"FRLMLocation.address",0,1,"",""
"FRLMLocation","FRLMLocation.managingOrganisation","FRLMLocation.managingOrganisation","","","",0,1,"","","","https://interop.esante.gouv.fr/ig/document-core/StructureDefinition/FRLMOrganisation {[]} {[]}
","Organisation responsable du lieu","Organisation responsable du lieu","","","","","","","","","",,,,,"",,,,"FRLMLocation.managingOrganisation",0,1,"",""
"FRLMLocation","FRLMLocation.partOf","FRLMLocation.partOf","","","",0,1,"","","","https://interop.esante.gouv.fr/ig/document-core/StructureDefinition/FRLMLocation {[]} {[]}
","Lieu dont celui-ci fait physiquement partie","Lieu dont celui-ci fait physiquement partie","","","","","","","","","",,,,,"",,,,"FRLMLocation.partOf",0,1,"",""
"FRLMMedicalDevicePrescriptions","FRLMMedicalDevicePrescriptions","FRLMMedicalDevicePrescriptions","","","",0,*,"","","","null {[]} {[]}
","Logical Model - FR LM Medical Device Prescriptions","Section Prescription de dispositifs médicaux","","","","","","","","","",,,,,"",,,,"Base",0,*,"",""
"FRLMMedicalDevicePrescriptions","FRLMMedicalDevicePrescriptions.codeSection","FRLMMedicalDevicePrescriptions.codeSection","","","",1,1,"","","","CodeableConcept {[]} {[]}
","Code de la section","Code de la section","","","","","","","","","",,,,,"",,,,"FRLMSection.codeSection",1,1,"",""
"FRLMMedicalDevicePrescriptions","FRLMMedicalDevicePrescriptions.titleSection","FRLMMedicalDevicePrescriptions.titleSection","","","",0,1,"","","","string {[]} {[]}
","Titre de la section","Titre de la section","","","","","","","","","",,,,,"",,,,"FRLMSection.titleSection",0,1,"",""
"FRLMMedicalDevicePrescriptions","FRLMMedicalDevicePrescriptions.description","FRLMMedicalDevicePrescriptions.description","","","",1,1,"","","","string {[]} {[]}
","Bloc narratif","Bloc narratif","","","","","","","","","",,,,,"",,,,"FRLMSection.description",1,1,"",""
"FRLMMedicalDevicePrescriptions","FRLMMedicalDevicePrescriptions.author[x]","FRLMMedicalDevicePrescriptions.author[x]","","","",0,*,"","","","Base {[]} {[]}
","author[x] peut correspondre soit à un professionnel, soit à une organisation, soit à un système.","author[x] peut correspondre soit à un professionnel, soit à une organisation, soit à un système.","","","","","","","","","",,,,,"",,,,"FRLMSection.author[x]",0,*,"",""
"FRLMMedicalDevicePrescriptions","FRLMMedicalDevicePrescriptions.author[x].authorProfessional","FRLMMedicalDevicePrescriptions.author[x].authorProfessional","","","",0,*,"","","","https://interop.esante.gouv.fr/ig/document-core/StructureDefinition/FRLMHealthProfessional {[]} {[]}
","L'auteur est un professionnel de santé","L'auteur est un professionnel de santé","","","","","","","","","",,,,,"",,,,"FRLMSection.author[x].authorProfessional",0,*,"",""
"FRLMMedicalDevicePrescriptions","FRLMMedicalDevicePrescriptions.author[x].authorOrganisation","FRLMMedicalDevicePrescriptions.author[x].authorOrganisation","","","",0,*,"","","","https://interop.esante.gouv.fr/ig/document-core/StructureDefinition/FRLMOrganisation {[]} {[]}
","L'auteur est une organisation","L'auteur est une organisation","","","","","","","","","",,,,,"",,,,"FRLMSection.author[x].authorOrganisation",0,*,"",""
"FRLMMedicalDevicePrescriptions","FRLMMedicalDevicePrescriptions.author[x].authorDevice","FRLMMedicalDevicePrescriptions.author[x].authorDevice","","","",0,*,"","","","https://interop.esante.gouv.fr/ig/document-core/StructureDefinition/FRLMDevice {[]} {[]}
","L'auteur est un système","L'auteur est un système","","","","","","","","","",,,,,"",,,,"FRLMSection.author[x].authorDevice",0,*,"",""
"FRLMMedicalDevicePrescriptions","FRLMMedicalDevicePrescriptions.informant","FRLMMedicalDevicePrescriptions.informant","","","",0,*,"","","","https://interop.esante.gouv.fr/ig/document-core/StructureDefinition/FRLMInformant {[]} {[]}
","Informateur","Informateur","","","","","","","","","",,,,,"",,,,"FRLMSection.informant",0,*,"",""
"FRLMMedicalDevicePrescriptions","FRLMMedicalDevicePrescriptions.subSection","FRLMMedicalDevicePrescriptions.subSection","","","",0,0,"","","","Base {[]} {[]}
","Sous-sections","Sous-sections","","","","","","","","","",,,,,"",,,,"FRLMSection.subSection",0,*,"",""
"FRLMMedicalDevicePrescriptions","FRLMMedicalDevicePrescriptions.entry","FRLMMedicalDevicePrescriptions.entry","","","",1,*,"","","","Base {[]} {[]}
","Entrées","Entrées","","","","","","","","","",,,,,"",,,,"FRLMSection.entry",0,*,"",""
"FRLMMedicalDevicePrescriptions","FRLMMedicalDevicePrescriptions.entry.deviceUse","FRLMMedicalDevicePrescriptions.entry.deviceUse","","","",1,*,"","","","https://interop.esante.gouv.fr/ig/document-core/StructureDefinition/FRLMDeviceUse {[]} {[]}
","Entrée Dispositif médical prescrit","Entrée Dispositif médical prescrit","","","","","","","","","",,,,,"",,,,"FRLMMedicalDevicePrescriptions.entry.deviceUse",1,*,"",""
"FRLMMedicalDevicesAndImplants","FRLMMedicalDevicesAndImplants","FRLMMedicalDevicesAndImplants","","","",0,*,"","","","null {[]} {[]}
","Logical Model - FR LM Medical Devices and Implants","Section Dispositifs Medicaux","","","","","","","","","",,,,,"",,,,"Base",0,*,"",""
"FRLMMedicalDevicesAndImplants","FRLMMedicalDevicesAndImplants.codeSection","FRLMMedicalDevicesAndImplants.codeSection","","","",1,1,"","","","CodeableConcept {[]} {[]}
","Code de la section","Code de la section","","","","","","","","","",,,,,"",,,,"FRLMSection.codeSection",1,1,"",""
"FRLMMedicalDevicesAndImplants","FRLMMedicalDevicesAndImplants.titleSection","FRLMMedicalDevicesAndImplants.titleSection","","","",1,1,"","","","string {[]} {[]}
","Titre de la section","Titre de la section","","","","","","","","","",,,,,"",,,,"FRLMSection.titleSection",0,1,"",""
"FRLMMedicalDevicesAndImplants","FRLMMedicalDevicesAndImplants.description","FRLMMedicalDevicesAndImplants.description","","","",1,1,"","","","string {[]} {[]}
","Bloc narratif","Bloc narratif","","","","","","","","","",,,,,"",,,,"FRLMSection.description",1,1,"",""
"FRLMMedicalDevicesAndImplants","FRLMMedicalDevicesAndImplants.author[x]","FRLMMedicalDevicesAndImplants.author[x]","","","",0,*,"","","","Base {[]} {[]}
","author[x] peut correspondre soit à un professionnel, soit à une organisation, soit à un système.","author[x] peut correspondre soit à un professionnel, soit à une organisation, soit à un système.","","","","","","","","","",,,,,"",,,,"FRLMSection.author[x]",0,*,"",""
"FRLMMedicalDevicesAndImplants","FRLMMedicalDevicesAndImplants.author[x].authorProfessional","FRLMMedicalDevicesAndImplants.author[x].authorProfessional","","","",0,*,"","","","https://interop.esante.gouv.fr/ig/document-core/StructureDefinition/FRLMHealthProfessional {[]} {[]}
","L'auteur est un professionnel de santé","L'auteur est un professionnel de santé","","","","","","","","","",,,,,"",,,,"FRLMSection.author[x].authorProfessional",0,*,"",""
"FRLMMedicalDevicesAndImplants","FRLMMedicalDevicesAndImplants.author[x].authorOrganisation","FRLMMedicalDevicesAndImplants.author[x].authorOrganisation","","","",0,*,"","","","https://interop.esante.gouv.fr/ig/document-core/StructureDefinition/FRLMOrganisation {[]} {[]}
","L'auteur est une organisation","L'auteur est une organisation","","","","","","","","","",,,,,"",,,,"FRLMSection.author[x].authorOrganisation",0,*,"",""
"FRLMMedicalDevicesAndImplants","FRLMMedicalDevicesAndImplants.author[x].authorDevice","FRLMMedicalDevicesAndImplants.author[x].authorDevice","","","",0,*,"","","","https://interop.esante.gouv.fr/ig/document-core/StructureDefinition/FRLMDevice {[]} {[]}
","L'auteur est un système","L'auteur est un système","","","","","","","","","",,,,,"",,,,"FRLMSection.author[x].authorDevice",0,*,"",""
"FRLMMedicalDevicesAndImplants","FRLMMedicalDevicesAndImplants.informant","FRLMMedicalDevicesAndImplants.informant","","","",0,*,"","","","https://interop.esante.gouv.fr/ig/document-core/StructureDefinition/FRLMInformant {[]} {[]}
","Informateur","Informateur","","","","","","","","","",,,,,"",,,,"FRLMSection.informant",0,*,"",""
"FRLMMedicalDevicesAndImplants","FRLMMedicalDevicesAndImplants.subSection","FRLMMedicalDevicesAndImplants.subSection","","","",0,0,"","","","Base {[]} {[]}
","Sous-sections","Sous-sections","","","","","","","","","",,,,,"",,,,"FRLMSection.subSection",0,*,"",""
"FRLMMedicalDevicesAndImplants","FRLMMedicalDevicesAndImplants.entry","FRLMMedicalDevicesAndImplants.entry","","","",0,*,"","","","Base {[]} {[]}
","Entrées","Entrées","","","","","","","","","",,,,,"",,,,"FRLMSection.entry",0,*,"",""
"FRLMMedicalDevicesAndImplants","FRLMMedicalDevicesAndImplants.entry.deviceUse","FRLMMedicalDevicesAndImplants.entry.deviceUse","","","",0,*,"","","","https://interop.esante.gouv.fr/ig/document-core/StructureDefinition/FRLMDeviceUse {[]} {[]}
","Entrée Dispositif medical","Entrée Dispositif medical","","","","","","","","","",,,,,"",,,,"FRLMMedicalDevicesAndImplants.entry.deviceUse",0,*,"",""
"FRLMMedication","FRLMMedication","FRLMMedication","","","",0,*,"","","","null {[]} {[]}
","Logical model - FR LM Medication","Produit de santé","","","","","","","","","",,,,,"",,,,"Base",0,*,"",""
"FRLMMedication","FRLMMedication.identifyingCode[x]","FRLMMedication.identifyingCode[x]","","","",0,*,"","","","CodeableConcept {[]} {[]}
","Code du produit de santé. Non présent pour les préparations magistrales.","Code du produit de santé. Non présent pour les préparations magistrales.","","","","","","","","","",,,,,"",,,,"FRLMMedication.identifyingCode[x]",0,*,"","ele-1:All FHIR elements must have a @value or children {hasValue() or (children().count() > id.count())}
"
"FRLMMedication","FRLMMedication.identifyingCode[x].id","FRLMMedication.identifyingCode[x].id","","","",0,1,"","","","string {[]} {[]}
","Unique id for inter-element referencing","Unique id for the element within a resource (for internal references). This may be any string value that does not contain spaces.","","","","","","","","","",,,,,"",,,,"Element.id",0,1,"",""
"FRLMMedication","FRLMMedication.identifyingCode[x].extension","FRLMMedication.identifyingCode[x].extension","","extensions
user content","",0,*,"","","","Extension {[]} {[]}
","Additional content defined by implementations","May be used to represent additional information that is not part of the basic definition of the element. To make the use of extensions safe and manageable, there is a strict set of governance  applied to the definition and use of extensions. Though any implementer can define an extension, there is a set of requirements that SHALL be met as part of the definition of the extension.","There can be no stigma associated with the use of extensions by any application, project, or standard - regardless of the institution or jurisdiction that uses or defines the extensions.  The use of extensions is what allows the FHIR specification to retain a core level of simplicity for everyone.","","","","","","","","",,,,,"","value:url}
","Extensions are always sliced by (at least) url",,"open","Element.extension",0,*,"","ele-1:All FHIR elements must have a @value or children {hasValue() or (children().count() > id.count())}
ext-1:Must have either extensions or value[x], not both {extension.exists() != value.exists()}"
"FRLMMedication","FRLMMedication.identifyingCode[x].coding","FRLMMedication.identifyingCode[x].coding","","","",0,*,"","","Y","Coding {[]} {[]}
","Code defined by a terminology system","A reference to a code defined by a terminology system.","Codes may be defined very casually in enumerations, or code lists, up to very formal definitions such as SNOMED CT - see the HL7 v3 Core Principles for more information.  Ordering of codings is undefined and SHALL NOT be used to infer meaning. Generally, at most only one of the coding values will be labeled as UserSelected = true.","Allows for alternative encodings within a code system, and translations to other code systems.","","","","","","","",,,,,"",,,,"CodeableConcept.coding",0,*,"","ele-1:All FHIR elements must have a @value or children {hasValue() or (children().count() > id.count())}
"
"FRLMMedication","FRLMMedication.identifyingCode[x].text","FRLMMedication.identifyingCode[x].text","","","",0,1,"","","Y","string {[]} {[]}
","Plain text representation of the concept","A human language representation of the concept as seen/selected/uttered by the user who entered the data and/or which represents the intended meaning of the user.","Very often the text is the same as a displayName of one of the codings.","The codes from the terminologies do not always capture the correct meaning with all the nuances of the human using them, or sometimes there is no appropriate code at all. In these cases, the text is used to capture the full meaning of the source.","","","","","","","",,,,,"",,,,"CodeableConcept.text",0,1,"","ele-1:All FHIR elements must have a @value or children {hasValue() or (children().count() > id.count())}
"
"FRLMMedication","FRLMMedication.identifyingCode[x].identifyingCodeCodeableConcept","FRLMMedication.identifyingCode[x].identifyingCodeCodeableConcept","","","",0,1,"","","","CodeableConcept {[]} {[]}
","Codes du médicament dans une termino spécifique","Codes du médicament dans une termino spécifique","","","","","","","","","",,,,,"",,,,"FRLMMedication.identifyingCode[x].identifyingCodeCodeableConcept",0,1,"",""
"FRLMMedication","FRLMMedication.identifyingCode[x].identifyingCodeIdentifier","FRLMMedication.identifyingCode[x].identifyingCodeIdentifier","","","",0,*,"","","","Identifier {[]} {[]}
","identifiant du medication","identifiant du medication","","","","","","","","","",,,,,"",,,,"FRLMMedication.identifyingCode[x].identifyingCodeIdentifier",0,*,"",""
"FRLMMedication","FRLMMedication.classification","FRLMMedication.classification","","","",0,*,"","","","CodeableConcept {[]} {[]}
","Classification ATC","Classification ATC","","","","","","","","","",,,,,"",,,,"FRLMMedication.classification",0,*,"",""
"FRLMMedication","FRLMMedication.productName","FRLMMedication.productName","","","",0,1,"","","","string {[]} {[]}
","Nom du produit (contenant aussi le dosage et la forme galénique). Si le médicament est codé, le nom du produit peut ne pas être renseigné.","Nom du produit (contenant aussi le dosage et la forme galénique). Si le médicament est codé, le nom du produit peut ne pas être renseigné.","","","","","","","","","",,,,,"",,,,"FRLMMedication.productName",0,1,"",""
"FRLMMedication","FRLMMedication.marketingAuthorisationHolder","FRLMMedication.marketingAuthorisationHolder","","","",0,1,"","","","Base {[]} {[]}
","Titulaire de l'autorisation de mise sur le marché du médicament. 
  Cette information est utile pour identifier précisément le produit. Si le produit ne dispose pas d'une autorisation de mise sur le marché, les informations fournies par le fabricant peuvent être utilisées.","Titulaire de l'autorisation de mise sur le marché du médicament. 
  Cette information est utile pour identifier précisément le produit. Si le produit ne dispose pas d'une autorisation de mise sur le marché, les informations fournies par le fabricant peuvent être utilisées.","","","","","","","","","",,,,,"",,,,"FRLMMedication.marketingAuthorisationHolder",0,1,"",""
"FRLMMedication","FRLMMedication.marketingAuthorisationHolder.organisationName","FRLMMedication.marketingAuthorisationHolder.organisationName","","","",0,1,"","","","string {[]} {[]}
","Nom de l'organisme détenant l'autorisation de commercialisation/fabrication.","Nom de l'organisme détenant l'autorisation de commercialisation/fabrication.","","","","","","","","","",,,,,"",,,,"FRLMMedication.marketingAuthorisationHolder.organisationName",0,1,"",""
"FRLMMedication","FRLMMedication.marketingAuthorisationHolder.organisationIdentifier","FRLMMedication.marketingAuthorisationHolder.organisationIdentifier","","","",0,*,"","","","Identifier {[]} {[]}
","Identifiant de l'organisation et/ou de son emplacement physique.","Identifiant de l'organisation et/ou de son emplacement physique.","","","","","","","","","",,,,,"",,,,"FRLMMedication.marketingAuthorisationHolder.organisationIdentifier",0,*,"",""
"FRLMMedication","FRLMMedication.item","FRLMMedication.item","","","",0,*,"","","","Base {[]} {[]}
","Dans le cas de conditionnements combinés, chaque ingrédient dispose de sa propre forme galénique, ses propres ingrédients et leurs dosages respectifs.","Dans le cas de conditionnements combinés, chaque ingrédient dispose de sa propre forme galénique, ses propres ingrédients et leurs dosages respectifs.","","","","","","","","","",,,,,"",,,,"FRLMMedication.item",0,*,"",""
"FRLMMedication","FRLMMedication.item.doseForm","FRLMMedication.item.doseForm","","","",0,1,"","","","CodeableConcept {[]} {[]}
","Forme galénique du produit de santé. EDQM Standard Terms (0.4.0.127.0.16.1.1.2.1) / classe PDF (forme galénique).","Forme galénique du produit de santé. EDQM Standard Terms (0.4.0.127.0.16.1.1.2.1) / classe PDF (forme galénique).","","","","","","","","","",,"required","EDQM Standard Terms","","",,,,"FRLMMedication.item.doseForm",0,1,"",""
"FRLMMedication","FRLMMedication.item.ingredient","FRLMMedication.item.ingredient","","","",1,*,"","","","Base {[]} {[]}
","Ingrédient","Ingrédient","","","","","","","","","",,,,,"",,,,"FRLMMedication.item.ingredient",1,*,"",""
"FRLMMedication","FRLMMedication.item.ingredient.isActive","FRLMMedication.item.ingredient.isActive","","","",0,1,"","","","boolean {[]} {[]}
","Indique si l'ingrédient est considéré comme un ingrédient actif. Les excipients ne sont généralement pas nécessaires et, par défaut, seuls les ingrédients actifs sont attendus.","Indique si l'ingrédient est considéré comme un ingrédient actif. Les excipients ne sont généralement pas nécessaires et, par défaut, seuls les ingrédients actifs sont attendus.","","","","","","","","","",,,,,"",,,,"FRLMMedication.item.ingredient.isActive",0,1,"",""
"FRLMMedication","FRLMMedication.item.ingredient.substance","FRLMMedication.item.ingredient.substance","","","",1,1,"","","","CodeableConcept {[]} {[]}
","Substance. Code SMS (2.16.840.1.113883.3.6905.2) de la substance active de l’European Medicines Agency (EMA)","Substance. Code SMS (2.16.840.1.113883.3.6905.2) de la substance active de l’European Medicines Agency (EMA)","","","","","","","","","",,"required","SMS (2.16.840.1.113883.3.6905.2)","","",,,,"FRLMMedication.item.ingredient.substance",1,1,"",""
"FRLMMedication","FRLMMedication.item.ingredient.strengthInfo","FRLMMedication.item.ingredient.strengthInfo","","","",0,1,"","","","Base {[]} {[]}
","Concentration de l'ingrédient par unité","Concentration de l'ingrédient par unité","","","","","","","","","",,,,,"",,,,"FRLMMedication.item.ingredient.strengthInfo",0,1,"",""
"FRLMMedication","FRLMMedication.item.ingredient.strengthInfo.strength","FRLMMedication.item.ingredient.strengthInfo.strength","","","",1,1,"","","","Ratio {[]} {[]}
","numérateur/dénominateur. Ex 100 mg/1 ml ou 500 mg / comprimé.","numérateur/dénominateur. Ex 100 mg/1 ml ou 500 mg / comprimé.","","","","","","","","","",,,,,"",,,,"FRLMMedication.item.ingredient.strengthInfo.strength",1,1,"",""
"FRLMMedication","FRLMMedication.item.ingredient.strengthInfo.basisOfStrengthSubstance","FRLMMedication.item.ingredient.strengthInfo.basisOfStrengthSubstance","","","",0,1,"","","","CodeableConcept {[]} {[]}
","Substance concernée. code SMS (2.16.840.1.113883.3.6905.2) de la substance active de l’European Medicines Agency (EMA)","Substance concernée. code SMS (2.16.840.1.113883.3.6905.2) de la substance active de l’European Medicines Agency (EMA)","","","","","","","","","",,,,,"",,,,"FRLMMedication.item.ingredient.strengthInfo.basisOfStrengthSubstance",0,1,"",""
"FRLMMedication","FRLMMedication.item.unitOfPresentation","FRLMMedication.item.unitOfPresentation","","","",0,1,"","","","CodeableConcept {[]} {[]}
","Unité de présentation du produit de santé (comprimé, ampoule, tube). En général, le plus petit objet dénombrable du package.
EDQM Standard Terms (0.4.0.127.0.16.1.1.2.1) / classe UOP (Unit of Presentation).","Unité de présentation du produit de santé (comprimé, ampoule, tube). En général, le plus petit objet dénombrable du package.
EDQM Standard Terms (0.4.0.127.0.16.1.1.2.1) / classe UOP (Unit of Presentation).","","","","","","","","","",,,,,"",,,,"FRLMMedication.item.unitOfPresentation",0,1,"",""
"FRLMMedication","FRLMMedication.item.containedQuantity","FRLMMedication.item.containedQuantity","","","",0,1,"","","","Ratio {[]} {[]}
","Quantité de produit par unité (ex : 3 ml / 1 flacon)","Quantité de produit par unité (ex : 3 ml / 1 flacon)","","","","","","","","","",,,,,"",,,,"FRLMMedication.item.containedQuantity",0,1,"",""
"FRLMMedication","FRLMMedication.item.amount","FRLMMedication.item.amount","","","",0,1,"","","","Quantity {[]} {[]}
","Nombre d'unités dans un package (ex : 5 ampoules)","Nombre d'unités dans un package (ex : 5 ampoules)","","","","","","","","","",,,,,"",,,,"FRLMMedication.item.amount",0,1,"",""
"FRLMMedication","FRLMMedication.item.packageType","FRLMMedication.item.packageType","","","",0,1,"","","","CodeableConcept {[]} {[]}
","Conditionnement primaire (ampoule, plaquette,…) EDQM Standard Terms (0.4.0.127.0.16.1.1.2.1) / classe CON (Récipient).","Conditionnement primaire (ampoule, plaquette,…) EDQM Standard Terms (0.4.0.127.0.16.1.1.2.1) / classe CON (Récipient).","","","","","","","","","",,,,,"",,,,"FRLMMedication.item.packageType",0,1,"",""
"FRLMMedication","FRLMMedication.device","FRLMMedication.device","","","",0,*,"","","","Base {[]} {[]}
","Dispositif d'administration inclus dans le produit. Les dispositifs qui ne sont pas contenus dans le conditionnement du médicament ne sont pas pris en compte.","Dispositif d'administration inclus dans le produit. Les dispositifs qui ne sont pas contenus dans le conditionnement du médicament ne sont pas pris en compte.","","","","","","","","","",,,,,"",,,,"FRLMMedication.device",0,*,"",""
"FRLMMedication","FRLMMedication.device.deviceQuantity","FRLMMedication.device.deviceQuantity","","","",1,1,"","","","Quantity {[]} {[]}
","Nombre de dispositifs.","Nombre de dispositifs.","","","","","","","","","",,,,,"",,,,"FRLMMedication.device.deviceQuantity",1,1,"",""
"FRLMMedication","FRLMMedication.device.device[x]","FRLMMedication.device.device[x]","","","",1,1,"","","","CodeableConcept {[]} {[]}
https://interop.esante.gouv.fr/ig/document-core/StructureDefinition/FRLMDevice {[]} {[]}","Code du dispositif","Code du dispositif","","","","","","","","","",,,,,"",,,,"FRLMMedication.device.device[x]",1,1,"",""
"FRLMMedication","FRLMMedication.characteristic","FRLMMedication.characteristic","","","",0,*,"","","","Base {[]} {[]}
","Caractéristiques supplémentaires du produit (par ex. sans sucre, bouchon facile à ouvrir, dosage gradué). Il est prévu que les implémenteurs définissent un ensemble de valeurs (ValueSet) adapté à leurs cas d’usage.","Caractéristiques supplémentaires du produit (par ex. sans sucre, bouchon facile à ouvrir, dosage gradué). Il est prévu que les implémenteurs définissent un ensemble de valeurs (ValueSet) adapté à leurs cas d’usage.","","","","","","","","","",,,,,"",,,,"FRLMMedication.characteristic",0,*,"",""
"FRLMMedication","FRLMMedication.characteristic.type","FRLMMedication.characteristic.type","","","",1,1,"","","","CodeableConcept {[]} {[]}
","Type de caractéristique","Type de caractéristique","","","","","","","","","",,,,,"",,,,"FRLMMedication.characteristic.type",1,1,"",""
"FRLMMedication","FRLMMedication.characteristic.value[x]","FRLMMedication.characteristic.value[x]","","","",0,1,"","","","boolean {[]} {[]}
CodeableConcept {[]} {[]}string {[]} {[]}Quantity {[]} {[]}dateTime {[]} {[]}integer {[]} {[]}decimal {[]} {[]}Ratio {[]} {[]}","Valeur de la caractéristique","Valeur de la caractéristique","","","","","","","","","",,,,,"",,,,"FRLMMedication.characteristic.value[x]",0,1,"",""
"FRLMMedication","FRLMMedication.batch","FRLMMedication.batch","","","",0,1,"","","","Base {[]} {[]}
","Informations relatives au lot d’un médicament. Elles sont généralement enregistrées lors de la dispensation ou de l’administration et sont rarement connues ou pertinentes dans le cadre d’une ordonnance ou d’une demande.","Informations relatives au lot d’un médicament. Elles sont généralement enregistrées lors de la dispensation ou de l’administration et sont rarement connues ou pertinentes dans le cadre d’une ordonnance ou d’une demande.","","","","","","","","","",,,,,"",,,,"FRLMMedication.batch",0,1,"",""
"FRLMMedication","FRLMMedication.batch.lotNumber","FRLMMedication.batch.lotNumber","","","",0,1,"","","","string {[]} {[]}
","Numéro de lot","Numéro de lot","","","","","","","","","",,,,,"",,,,"FRLMMedication.batch.lotNumber",0,1,"",""
"FRLMMedication","FRLMMedication.batch.expirationDate","FRLMMedication.batch.expirationDate","","","",0,1,"","","","dateTime {[]} {[]}
","Date d'expiration du produit","Date d'expiration du produit","","","","","","","","","",,,,,"",,,,"FRLMMedication.batch.expirationDate",0,1,"",""
"FRLMMedicationAdministration","FRLMMedicationAdministration","FRLMMedicationAdministration","","","",0,*,"","","","null {[]} {[]}
","Logical model- FR LM Medication Administration	","Traitement","","","","","","","","","",,,,,"",,,,"Base",0,*,"",""
"FRLMMedicationAdministration","FRLMMedicationAdministration.header","FRLMMedicationAdministration.header","","","",1,1,"","","","Base {[]} {[]}
","Métadonnées de base","Métadonnées de base","","","","","","","","","",,,,,"",,,,"FRLMEntry.header",1,1,"",""
"FRLMMedicationAdministration","FRLMMedicationAdministration.header.subject","FRLMMedicationAdministration.header.subject","","","",1,1,"","","","https://interop.esante.gouv.fr/ig/document-core/StructureDefinition/FRLMPatient {[]} {[]}
","Patient / Usager","Patient / Usager","","","","","","","","","",,,,,"",,,,"FRLMEntry.header.subject",1,1,"",""
"FRLMMedicationAdministration","FRLMMedicationAdministration.header.identifier","FRLMMedicationAdministration.header.identifier","","","",0,*,"","","","Identifier {[]} {[]}
","Identifiant de l’entrée","Identifiant de l’entrée","","","","","","","","","",,,,,"",,,,"FRLMEntry.header.identifier",0,*,"",""
"FRLMMedicationAdministration","FRLMMedicationAdministration.header.author[x]","FRLMMedicationAdministration.header.author[x]","","","",0,*,"","","","Base {[]} {[]}
","author[x] peut correspondre soit à un professionnel, soit à une organisation, soit à un système.","author[x] peut correspondre soit à un professionnel, soit à une organisation, soit à un système.","","","","","","","","","",,,,,"",,,,"FRLMEntry.header.author[x]",0,*,"",""
"FRLMMedicationAdministration","FRLMMedicationAdministration.header.author[x].authorProfessional","FRLMMedicationAdministration.header.author[x].authorProfessional","","","",0,*,"","","","https://interop.esante.gouv.fr/ig/document-core/StructureDefinition/FRLMHealthProfessional {[]} {[]}
","L'auteur est un professionnel de santé","L'auteur est un professionnel de santé","","","","","","","","","",,,,,"",,,,"FRLMEntry.header.author[x].authorProfessional",0,*,"",""
"FRLMMedicationAdministration","FRLMMedicationAdministration.header.author[x].authorOrganisation","FRLMMedicationAdministration.header.author[x].authorOrganisation","","","",0,*,"","","","https://interop.esante.gouv.fr/ig/document-core/StructureDefinition/FRLMOrganisation {[]} {[]}
","L'auteur est une organisation","L'auteur est une organisation","","","","","","","","","",,,,,"",,,,"FRLMEntry.header.author[x].authorOrganisation",0,*,"",""
"FRLMMedicationAdministration","FRLMMedicationAdministration.header.author[x].authorDevice","FRLMMedicationAdministration.header.author[x].authorDevice","","","",0,*,"","","","https://interop.esante.gouv.fr/ig/document-core/StructureDefinition/FRLMDevice {[]} {[]}
","L'auteur est un système","L'auteur est un système","","","","","","","","","",,,,,"",,,,"FRLMEntry.header.author[x].authorDevice",0,*,"",""
"FRLMMedicationAdministration","FRLMMedicationAdministration.header.performer[x]","FRLMMedicationAdministration.header.performer[x]","","","",0,*,"","","","https://interop.esante.gouv.fr/ig/document-core/StructureDefinition/FRLMHealthProfessional {[]} {[]}
https://interop.esante.gouv.fr/ig/document-core/StructureDefinition/FRLMOrganisation {[]} {[]}","Exécutant (performer)","Exécutant (performer)","","","","","","","","","",,,,,"",,,,"FRLMEntry.header.performer[x]",0,*,"",""
"FRLMMedicationAdministration","FRLMMedicationAdministration.header.participant[x]","FRLMMedicationAdministration.header.participant[x]","","","",0,*,"","","","Base {[]} {[]}
","Participant","Participant","","","","","","","","","",,,,,"",,,,"FRLMEntry.header.participant[x]",0,*,"",""
"FRLMMedicationAdministration","FRLMMedicationAdministration.header.participant[x].participantProfessional","FRLMMedicationAdministration.header.participant[x].participantProfessional","","","",0,*,"","","","https://interop.esante.gouv.fr/ig/document-core/StructureDefinition/FRLMHealthProfessional {[]} {[]}
","Le participant est un professionnel de santé","Le participant est un professionnel de santé","","","","","","","","","",,,,,"",,,,"FRLMEntry.header.participant[x].participantProfessional",0,*,"",""
"FRLMMedicationAdministration","FRLMMedicationAdministration.header.participant[x].participantOrganisation","FRLMMedicationAdministration.header.participant[x].participantOrganisation","","","",0,*,"","","","https://interop.esante.gouv.fr/ig/document-core/StructureDefinition/FRLMOrganisation {[]} {[]}
","Le participant est une organisation","Le participant est une organisation","","","","","","","","","",,,,,"",,,,"FRLMEntry.header.participant[x].participantOrganisation",0,*,"",""
"FRLMMedicationAdministration","FRLMMedicationAdministration.header.participant[x].participantDevice","FRLMMedicationAdministration.header.participant[x].participantDevice","","","",0,*,"","","","https://interop.esante.gouv.fr/ig/document-core/StructureDefinition/FRLMDevice {[]} {[]}
","Le participant est un système","Le participant est un système","","","","","","","","","",,,,,"",,,,"FRLMEntry.header.participant[x].participantDevice",0,*,"",""
"FRLMMedicationAdministration","FRLMMedicationAdministration.header.informant","FRLMMedicationAdministration.header.informant","","","",0,*,"","","","https://interop.esante.gouv.fr/ig/document-core/StructureDefinition/FRLMInformant {[]} {[]}
","Informateur","Informateur","","","","","","","","","",,,,,"",,,,"FRLMEntry.header.informant",0,*,"",""
"FRLMMedicationAdministration","FRLMMedicationAdministration.header.date","FRLMMedicationAdministration.header.date","","","",0,1,"","","","dateTime {[]} {[]}
","Date/Heure de création par l'auteur","Date/Heure de création par l'auteur","","","","","","","","","",,,,,"",,,,"FRLMEntry.header.date",0,1,"",""
"FRLMMedicationAdministration","FRLMMedicationAdministration.header.status","FRLMMedicationAdministration.header.status","","","",0,1,"","","","CodeableConcept {[]} {[]}
","Statut","Statut","","","","","","","","","",,,,,"",,,,"FRLMEntry.header.status",0,1,"",""
"FRLMMedicationAdministration","FRLMMedicationAdministration.header.source","FRLMMedicationAdministration.header.source","","","",0,1,"","","","CodeableConcept {[]} {[]}
","Source","Source","","","","","","","","","",,,,,"",,,,"FRLMEntry.header.source",0,1,"",""
"FRLMMedicationAdministration","FRLMMedicationAdministration.header.language","FRLMMedicationAdministration.header.language","","","",0,1,"","","","CodeableConcept {[]} {[]}
","'fr-FR' pour français métropolitain (la casse des caractères doit être respectée)
La partie en minuscules indique le code de la langue utilisée (ISO-639-1)
La partie en majuscules indique le code pays (ISO-3166)","'fr-FR' pour français métropolitain (la casse des caractères doit être respectée)
La partie en minuscules indique le code de la langue utilisée (ISO-639-1)
La partie en majuscules indique le code pays (ISO-3166)","","","","","","","","","",,,,,"",,,,"FRLMEntry.header.language",0,1,"",""
"FRLMMedicationAdministration","FRLMMedicationAdministration.medication","FRLMMedicationAdministration.medication","","","",1,1,"","","","https://interop.esante.gouv.fr/ig/document-core/StructureDefinition/FRLMMedication {[]} {[]}
","Médicament","Médicament","","","","","","","","","",,,,,"",,,,"FRLMMedicationAdministration.medication",1,1,"",""
"FRLMMedicationAdministration","FRLMMedicationAdministration.occurrence[x]","FRLMMedicationAdministration.occurrence[x]","","","",1,1,"","","","dateTime {[]} {[]}
Period {[]} {[]}","date/ durée du traitement","date/ durée du traitement","","","","","","","","","",,,,,"",,,,"FRLMMedicationAdministration.occurrence[x]",1,1,"",""
"FRLMMedicationAdministration","FRLMMedicationAdministration.reason[x]","FRLMMedicationAdministration.reason[x]","","","",0,*,"","","","CodeableConcept {[]} {[]}
https://interop.esante.gouv.fr/ig/document-core/StructureDefinition/FRLMCondition {[]} {[]}https://interop.esante.gouv.fr/ig/document-core/StructureDefinition/FRLMObservation {[]} {[]}","Motif du traitement","Motif du traitement","","","","","","","","","",,,,,"",,,,"FRLMMedicationAdministration.reason[x]",0,*,"",""
"FRLMMedicationAdministration","FRLMMedicationAdministration.dosage","FRLMMedicationAdministration.dosage","","","",0,1,"","","","https://interop.esante.gouv.fr/ig/document-core/StructureDefinition/FRLMDosageInstructions {[]} {[]}
","Posologie","Posologie","","","","","","","","","",,,,,"",,,,"FRLMMedicationAdministration.dosage",0,1,"",""
"FRLMMedicationAdministration","FRLMMedicationAdministration.note","FRLMMedicationAdministration.note","","","",0,1,"","","","string {[]} {[]}
","Note","Note","","","","","","","","","",,,,,"",,,,"FRLMMedicationAdministration.note",0,1,"",""
"FRLMMedicationDispensations","FRLMMedicationDispensations","FRLMMedicationDispensations","","","",0,*,"","","","null {[]} {[]}
","Logical model - FR LM Medication Dispensations","Section Dispensation médicaments","","","","","","","","","",,,,,"",,,,"Base",0,*,"",""
"FRLMMedicationDispensations","FRLMMedicationDispensations.codeSection","FRLMMedicationDispensations.codeSection","","","",1,1,"","","","CodeableConcept {[]} {[]}
","Code de la section","Code de la section","","","","","","","","","",,,,,"",,,,"FRLMSection.codeSection",1,1,"",""
"FRLMMedicationDispensations","FRLMMedicationDispensations.titleSection","FRLMMedicationDispensations.titleSection","","","",1,1,"","","","string {[]} {[]}
","Titre de la section","Titre de la section","","","","","","","","","",,,,,"",,,,"FRLMSection.titleSection",0,1,"",""
"FRLMMedicationDispensations","FRLMMedicationDispensations.description","FRLMMedicationDispensations.description","","","",1,1,"","","","string {[]} {[]}
","Bloc narratif","Bloc narratif","","","","","","","","","",,,,,"",,,,"FRLMSection.description",1,1,"",""
"FRLMMedicationDispensations","FRLMMedicationDispensations.author[x]","FRLMMedicationDispensations.author[x]","","","",0,*,"","","","Base {[]} {[]}
","author[x] peut correspondre soit à un professionnel, soit à une organisation, soit à un système.","author[x] peut correspondre soit à un professionnel, soit à une organisation, soit à un système.","","","","","","","","","",,,,,"",,,,"FRLMSection.author[x]",0,*,"",""
"FRLMMedicationDispensations","FRLMMedicationDispensations.author[x].authorProfessional","FRLMMedicationDispensations.author[x].authorProfessional","","","",0,*,"","","","https://interop.esante.gouv.fr/ig/document-core/StructureDefinition/FRLMHealthProfessional {[]} {[]}
","L'auteur est un professionnel de santé","L'auteur est un professionnel de santé","","","","","","","","","",,,,,"",,,,"FRLMSection.author[x].authorProfessional",0,*,"",""
"FRLMMedicationDispensations","FRLMMedicationDispensations.author[x].authorOrganisation","FRLMMedicationDispensations.author[x].authorOrganisation","","","",0,*,"","","","https://interop.esante.gouv.fr/ig/document-core/StructureDefinition/FRLMOrganisation {[]} {[]}
","L'auteur est une organisation","L'auteur est une organisation","","","","","","","","","",,,,,"",,,,"FRLMSection.author[x].authorOrganisation",0,*,"",""
"FRLMMedicationDispensations","FRLMMedicationDispensations.author[x].authorDevice","FRLMMedicationDispensations.author[x].authorDevice","","","",0,*,"","","","https://interop.esante.gouv.fr/ig/document-core/StructureDefinition/FRLMDevice {[]} {[]}
","L'auteur est un système","L'auteur est un système","","","","","","","","","",,,,,"",,,,"FRLMSection.author[x].authorDevice",0,*,"",""
"FRLMMedicationDispensations","FRLMMedicationDispensations.informant","FRLMMedicationDispensations.informant","","","",0,*,"","","","https://interop.esante.gouv.fr/ig/document-core/StructureDefinition/FRLMInformant {[]} {[]}
","Informateur","Informateur","","","","","","","","","",,,,,"",,,,"FRLMSection.informant",0,*,"",""
"FRLMMedicationDispensations","FRLMMedicationDispensations.subSection","FRLMMedicationDispensations.subSection","","","",0,0,"","","","Base {[]} {[]}
","Sous-sections","Sous-sections","","","","","","","","","",,,,,"",,,,"FRLMSection.subSection",0,*,"",""
"FRLMMedicationDispensations","FRLMMedicationDispensations.entry","FRLMMedicationDispensations.entry","","","",1,*,"","","","Base {[]} {[]}
","Entrées","Entrées","","","","","","","","","",,,,,"",,,,"FRLMSection.entry",0,*,"",""
"FRLMMedicationDispensations","FRLMMedicationDispensations.entry.medicationDispense","FRLMMedicationDispensations.entry.medicationDispense","","","",1,*,"","","","https://interop.esante.gouv.fr/ig/document-core/StructureDefinition/FRLMMedicationDispense {[]} {[]}
","Entrée Traitement dispensé","Entrée Traitement dispensé","","","","","","","","","",,,,,"",,,,"FRLMMedicationDispensations.entry.medicationDispense",1,*,"",""
"FRLMMedicationDispense","FRLMMedicationDispense","FRLMMedicationDispense","","","",0,*,"","","","null {[]} {[]}
","Logical model - FR LM Medication Dispense","Traitement dispense","","","","","","","","","",,,,,"",,,,"Base",0,*,"",""
"FRLMMedicationDispense","FRLMMedicationDispense.header","FRLMMedicationDispense.header","","","",1,1,"","","","Base {[]} {[]}
","Métadonnées de base","Métadonnées de base","","","","","","","","","",,,,,"",,,,"FRLMEntry.header",1,1,"",""
"FRLMMedicationDispense","FRLMMedicationDispense.header.subject","FRLMMedicationDispense.header.subject","","","",1,1,"","","","https://interop.esante.gouv.fr/ig/document-core/StructureDefinition/FRLMPatient {[]} {[]}
","Patient / Usager","Patient / Usager","","","","","","","","","",,,,,"",,,,"FRLMEntry.header.subject",1,1,"",""
"FRLMMedicationDispense","FRLMMedicationDispense.header.identifier","FRLMMedicationDispense.header.identifier","","","",0,*,"","","","Identifier {[]} {[]}
","Identifiant de l’entrée","Identifiant de l’entrée","","","","","","","","","",,,,,"",,,,"FRLMEntry.header.identifier",0,*,"",""
"FRLMMedicationDispense","FRLMMedicationDispense.header.author[x]","FRLMMedicationDispense.header.author[x]","","","",1,*,"","","","Base {[]} {[]}
","Auteur de la Auteur de la dispensation","author[x] peut correspondre soit à un professionnel, soit à une organisation, soit à un système.","","","","","","","","","",,,,,"",,,,"FRLMEntry.header.author[x]",0,*,"",""
"FRLMMedicationDispense","FRLMMedicationDispense.header.author[x].authorProfessional","FRLMMedicationDispense.header.author[x].authorProfessional","","","",0,*,"","","","https://interop.esante.gouv.fr/ig/document-core/StructureDefinition/FRLMHealthProfessional {[]} {[]}
","L'auteur est un professionnel de santé","L'auteur est un professionnel de santé","","","","","","","","","",,,,,"",,,,"FRLMEntry.header.author[x].authorProfessional",0,*,"",""
"FRLMMedicationDispense","FRLMMedicationDispense.header.author[x].authorOrganisation","FRLMMedicationDispense.header.author[x].authorOrganisation","","","",0,*,"","","","https://interop.esante.gouv.fr/ig/document-core/StructureDefinition/FRLMOrganisation {[]} {[]}
","L'auteur est une organisation","L'auteur est une organisation","","","","","","","","","",,,,,"",,,,"FRLMEntry.header.author[x].authorOrganisation",0,*,"",""
"FRLMMedicationDispense","FRLMMedicationDispense.header.author[x].authorDevice","FRLMMedicationDispense.header.author[x].authorDevice","","","",0,*,"","","","https://interop.esante.gouv.fr/ig/document-core/StructureDefinition/FRLMDevice {[]} {[]}
","L'auteur est un système","L'auteur est un système","","","","","","","","","",,,,,"",,,,"FRLMEntry.header.author[x].authorDevice",0,*,"",""
"FRLMMedicationDispense","FRLMMedicationDispense.header.performer[x]","FRLMMedicationDispense.header.performer[x]","","","",0,*,"","","","https://interop.esante.gouv.fr/ig/document-core/StructureDefinition/FRLMHealthProfessional {[]} {[]}
https://interop.esante.gouv.fr/ig/document-core/StructureDefinition/FRLMOrganisation {[]} {[]}","Exécutant (performer)","Exécutant (performer)","","","","","","","","","",,,,,"",,,,"FRLMEntry.header.performer[x]",0,*,"",""
"FRLMMedicationDispense","FRLMMedicationDispense.header.participant[x]","FRLMMedicationDispense.header.participant[x]","","","",0,*,"","","","Base {[]} {[]}
","Participant","Participant","","","","","","","","","",,,,,"",,,,"FRLMEntry.header.participant[x]",0,*,"",""
"FRLMMedicationDispense","FRLMMedicationDispense.header.participant[x].participantProfessional","FRLMMedicationDispense.header.participant[x].participantProfessional","","","",0,*,"","","","https://interop.esante.gouv.fr/ig/document-core/StructureDefinition/FRLMHealthProfessional {[]} {[]}
","Le participant est un professionnel de santé","Le participant est un professionnel de santé","","","","","","","","","",,,,,"",,,,"FRLMEntry.header.participant[x].participantProfessional",0,*,"",""
"FRLMMedicationDispense","FRLMMedicationDispense.header.participant[x].participantOrganisation","FRLMMedicationDispense.header.participant[x].participantOrganisation","","","",0,*,"","","","https://interop.esante.gouv.fr/ig/document-core/StructureDefinition/FRLMOrganisation {[]} {[]}
","Le participant est une organisation","Le participant est une organisation","","","","","","","","","",,,,,"",,,,"FRLMEntry.header.participant[x].participantOrganisation",0,*,"",""
"FRLMMedicationDispense","FRLMMedicationDispense.header.participant[x].participantDevice","FRLMMedicationDispense.header.participant[x].participantDevice","","","",0,*,"","","","https://interop.esante.gouv.fr/ig/document-core/StructureDefinition/FRLMDevice {[]} {[]}
","Le participant est un système","Le participant est un système","","","","","","","","","",,,,,"",,,,"FRLMEntry.header.participant[x].participantDevice",0,*,"",""
"FRLMMedicationDispense","FRLMMedicationDispense.header.informant","FRLMMedicationDispense.header.informant","","","",0,*,"","","","https://interop.esante.gouv.fr/ig/document-core/StructureDefinition/FRLMInformant {[]} {[]}
","Informateur","Informateur","","","","","","","","","",,,,,"",,,,"FRLMEntry.header.informant",0,*,"",""
"FRLMMedicationDispense","FRLMMedicationDispense.header.date","FRLMMedicationDispense.header.date","","","",0,1,"","","","dateTime {[]} {[]}
","Date/Heure de création par l'auteur","Date/Heure de création par l'auteur","","","","","","","","","",,,,,"",,,,"FRLMEntry.header.date",0,1,"",""
"FRLMMedicationDispense","FRLMMedicationDispense.header.status","FRLMMedicationDispense.header.status","","","",1,1,"","","","CodeableConcept {[]} {[]}
","Statut de la ligne de prescription","Statut","","","","","","","","","",,"required","Valeur issue du JDV_CompletudeDispensation_CISIS (1.2.250.1.213.1.1.5.765)","https://smt.esante.gouv.fr/fhir/ValueSet/jdv-completude-dispensation-cisis|20260619134041","",,,,"FRLMEntry.header.status",0,1,"",""
"FRLMMedicationDispense","FRLMMedicationDispense.header.source","FRLMMedicationDispense.header.source","","","",0,1,"","","","CodeableConcept {[]} {[]}
","Source","Source","","","","","","","","","",,,,,"",,,,"FRLMEntry.header.source",0,1,"",""
"FRLMMedicationDispense","FRLMMedicationDispense.header.language","FRLMMedicationDispense.header.language","","","",0,1,"","","","CodeableConcept {[]} {[]}
","'fr-FR' pour français métropolitain (la casse des caractères doit être respectée)
La partie en minuscules indique le code de la langue utilisée (ISO-639-1)
La partie en majuscules indique le code pays (ISO-3166)","'fr-FR' pour français métropolitain (la casse des caractères doit être respectée)
La partie en minuscules indique le code de la langue utilisée (ISO-639-1)
La partie en majuscules indique le code pays (ISO-3166)","","","","","","","","","",,,,,"",,,,"FRLMEntry.header.language",0,1,"",""
"FRLMMedicationDispense","FRLMMedicationDispense.receiver[x]","FRLMMedicationDispense.receiver[x]","","","",0,1,"","","","https://interop.esante.gouv.fr/ig/document-core/StructureDefinition/FRLMPatient {[]} {[]}
https://interop.esante.gouv.fr/ig/document-core/StructureDefinition/FRLMHealthProfessional {[]} {[]}https://interop.esante.gouv.fr/ig/document-core/StructureDefinition/FRLMRelatedPerson {[]} {[]}","Identification de la personne ayant reçu le médicament délivré, notamment lorsqu'il ne s'agit pas du patient. Si non présent, le patient est considéré comme le destinataire.","Identification de la personne ayant reçu le médicament délivré, notamment lorsqu'il ne s'agit pas du patient. Si non présent, le patient est considéré comme le destinataire.","","","","","","","","","",,,,,"",,,,"FRLMMedicationDispense.receiver[x]",0,1,"",""
"FRLMMedicationDispense","FRLMMedicationDispense.relatedRequest","FRLMMedicationDispense.relatedRequest","","","",0,*,"","","","Extension {[CanonicalType[http://hl7.org/fhir/StructureDefinition/elementdefinition-identifier|5.3.0]]} {[]}
","Référence de la prescription","Référence de la prescription","","","","","","","","","",,,,,"",,,,"FRLMMedicationDispense.relatedRequest",0,*,"",""
"FRLMMedicationDispense","FRLMMedicationDispense.medicament","FRLMMedicationDispense.medicament","","","",1,1,"","","","https://interop.esante.gouv.fr/ig/document-core/StructureDefinition/FRLMMedication {[]} {[]}
","Médicament délivré","Médicament délivré","","","","","","","","","",,,,,"",,,,"FRLMMedicationDispense.medicament",1,1,"",""
"FRLMMedicationDispense","FRLMMedicationDispense.dispensedQuantity","FRLMMedicationDispense.dispensedQuantity","","","",1,1,"","","","Quantity {[]} {[]}
","Quantite de produit. 
Nombre d'emballages distribués si leur format est connu, ou nombre d'articles/unités plus petits, selon le médicament distribué. Une unité est attendue.","Quantite de produit. 
Nombre d'emballages distribués si leur format est connu, ou nombre d'articles/unités plus petits, selon le médicament distribué. Une unité est attendue.","","","","","","","","","",,,,,"",,,,"FRLMMedicationDispense.dispensedQuantity",1,1,"",""
"FRLMMedicationDispense","FRLMMedicationDispense.timeOfDispensation","FRLMMedicationDispense.timeOfDispensation","","","",0,1,"","","","dateTime {[]} {[]}
","Date et heure de dispense du médicament. Si non présent, la date de dispensation est celle du header.","Date et heure de dispense du médicament. Si non présent, la date de dispensation est celle du header.","","","","","","","","","",,,,,"",,,,"FRLMMedicationDispense.timeOfDispensation",0,1,"",""
"FRLMMedicationDispense","FRLMMedicationDispense.substitutionOccurred","FRLMMedicationDispense.substitutionOccurred","","","",1,1,"","","","boolean {[]} {[]}
","Autorisation de substitution","Autorisation de substitution","","","","","","","","","",,,,,"",,,,"FRLMMedicationDispense.substitutionOccurred",1,1,"",""
"FRLMMedicationDispense","FRLMMedicationDispense.dosageInstructions","FRLMMedicationDispense.dosageInstructions","","","",0,1,"","","","https://interop.esante.gouv.fr/ig/document-core/StructureDefinition/FRLMDosageInstructions {[]} {[]}
","Posologie","Posologie","","","","","","","","","",,,,,"",,,,"FRLMMedicationDispense.dosageInstructions",0,1,"",""
"FRLMMedicationDispense","FRLMMedicationDispense.note","FRLMMedicationDispense.note","","","",0,1,"","","","string {[]} {[]}
","Notes du dispensateur","Notes du dispensateur","","","","","","","","","",,,,,"",,,,"FRLMMedicationDispense.note",0,1,"",""
"FRLMMedicationPrescription","FRLMMedicationPrescription","FRLMMedicationPrescription","","","",0,*,"","","","null {[]} {[]}
","Logical model - FR LM FR LM Medication Prescription","Section Prescription de médicaments","","","","","","","","","",,,,,"",,,,"Base",0,*,"",""
"FRLMMedicationPrescription","FRLMMedicationPrescription.codeSection","FRLMMedicationPrescription.codeSection","","","",1,1,"","","","CodeableConcept {[]} {[]}
","Code de la section","Code de la section","","","","","","","","","",,,,,"",,,,"FRLMSection.codeSection",1,1,"",""
"FRLMMedicationPrescription","FRLMMedicationPrescription.titleSection","FRLMMedicationPrescription.titleSection","","","",0,1,"","","","string {[]} {[]}
","Titre de la section","Titre de la section","","","","","","","","","",,,,,"",,,,"FRLMSection.titleSection",0,1,"",""
"FRLMMedicationPrescription","FRLMMedicationPrescription.description","FRLMMedicationPrescription.description","","","",1,1,"","","","string {[]} {[]}
","Bloc narratif","Bloc narratif","","","","","","","","","",,,,,"",,,,"FRLMSection.description",1,1,"",""
"FRLMMedicationPrescription","FRLMMedicationPrescription.author[x]","FRLMMedicationPrescription.author[x]","","","",0,*,"","","","Base {[]} {[]}
","author[x] peut correspondre soit à un professionnel, soit à une organisation, soit à un système.","author[x] peut correspondre soit à un professionnel, soit à une organisation, soit à un système.","","","","","","","","","",,,,,"",,,,"FRLMSection.author[x]",0,*,"",""
"FRLMMedicationPrescription","FRLMMedicationPrescription.author[x].authorProfessional","FRLMMedicationPrescription.author[x].authorProfessional","","","",0,*,"","","","https://interop.esante.gouv.fr/ig/document-core/StructureDefinition/FRLMHealthProfessional {[]} {[]}
","L'auteur est un professionnel de santé","L'auteur est un professionnel de santé","","","","","","","","","",,,,,"",,,,"FRLMSection.author[x].authorProfessional",0,*,"",""
"FRLMMedicationPrescription","FRLMMedicationPrescription.author[x].authorOrganisation","FRLMMedicationPrescription.author[x].authorOrganisation","","","",0,*,"","","","https://interop.esante.gouv.fr/ig/document-core/StructureDefinition/FRLMOrganisation {[]} {[]}
","L'auteur est une organisation","L'auteur est une organisation","","","","","","","","","",,,,,"",,,,"FRLMSection.author[x].authorOrganisation",0,*,"",""
"FRLMMedicationPrescription","FRLMMedicationPrescription.author[x].authorDevice","FRLMMedicationPrescription.author[x].authorDevice","","","",0,*,"","","","https://interop.esante.gouv.fr/ig/document-core/StructureDefinition/FRLMDevice {[]} {[]}
","L'auteur est un système","L'auteur est un système","","","","","","","","","",,,,,"",,,,"FRLMSection.author[x].authorDevice",0,*,"",""
"FRLMMedicationPrescription","FRLMMedicationPrescription.informant","FRLMMedicationPrescription.informant","","","",0,*,"","","","https://interop.esante.gouv.fr/ig/document-core/StructureDefinition/FRLMInformant {[]} {[]}
","Informateur","Informateur","","","","","","","","","",,,,,"",,,,"FRLMSection.informant",0,*,"",""
"FRLMMedicationPrescription","FRLMMedicationPrescription.subSection","FRLMMedicationPrescription.subSection","","","",0,0,"","","","Base {[]} {[]}
","Sous-sections","Sous-sections","","","","","","","","","",,,,,"",,,,"FRLMSection.subSection",0,*,"",""
"FRLMMedicationPrescription","FRLMMedicationPrescription.entry","FRLMMedicationPrescription.entry","","","",1,*,"","","","Base {[]} {[]}
","Entrées","Entrées","","","","","","","","","",,,,,"",,,,"FRLMSection.entry",0,*,"",""
"FRLMMedicationPrescription","FRLMMedicationPrescription.entry.prescriptionItem","FRLMMedicationPrescription.entry.prescriptionItem","","","",1,*,"","","","https://interop.esante.gouv.fr/ig/document-core/StructureDefinition/FRLMPrescriptionItem {[]} {[]}
","Entrée Traitement prescrit","Entrée Traitement prescrit","","","","","","","","","",,,,,"",,,,"FRLMMedicationPrescription.entry.prescriptionItem",1,*,"",""
"FRLMMedicationSummary","FRLMMedicationSummary","FRLMMedicationSummary","","","",0,*,"","","","null {[]} {[]}
","Logical model - FR LM Medication Summary","Section Traitements","","","","","","","","","",,,,,"",,,,"Base",0,*,"",""
"FRLMMedicationSummary","FRLMMedicationSummary.codeSection","FRLMMedicationSummary.codeSection","","","",1,1,"","","","CodeableConcept {[]} {[]}
","Code de la section","Code de la section","","","","","","","","","",,,,,"",,,,"FRLMSection.codeSection",1,1,"",""
"FRLMMedicationSummary","FRLMMedicationSummary.titleSection","FRLMMedicationSummary.titleSection","","","",1,1,"","","","string {[]} {[]}
","Titre de la section","Titre de la section","","","","","","","","","",,,,,"",,,,"FRLMSection.titleSection",0,1,"",""
"FRLMMedicationSummary","FRLMMedicationSummary.description","FRLMMedicationSummary.description","","","",1,1,"","","","string {[]} {[]}
","Bloc narratif","Bloc narratif","","","","","","","","","",,,,,"",,,,"FRLMSection.description",1,1,"",""
"FRLMMedicationSummary","FRLMMedicationSummary.author[x]","FRLMMedicationSummary.author[x]","","","",0,*,"","","","Base {[]} {[]}
","author[x] peut correspondre soit à un professionnel, soit à une organisation, soit à un système.","author[x] peut correspondre soit à un professionnel, soit à une organisation, soit à un système.","","","","","","","","","",,,,,"",,,,"FRLMSection.author[x]",0,*,"",""
"FRLMMedicationSummary","FRLMMedicationSummary.author[x].authorProfessional","FRLMMedicationSummary.author[x].authorProfessional","","","",0,*,"","","","https://interop.esante.gouv.fr/ig/document-core/StructureDefinition/FRLMHealthProfessional {[]} {[]}
","L'auteur est un professionnel de santé","L'auteur est un professionnel de santé","","","","","","","","","",,,,,"",,,,"FRLMSection.author[x].authorProfessional",0,*,"",""
"FRLMMedicationSummary","FRLMMedicationSummary.author[x].authorOrganisation","FRLMMedicationSummary.author[x].authorOrganisation","","","",0,*,"","","","https://interop.esante.gouv.fr/ig/document-core/StructureDefinition/FRLMOrganisation {[]} {[]}
","L'auteur est une organisation","L'auteur est une organisation","","","","","","","","","",,,,,"",,,,"FRLMSection.author[x].authorOrganisation",0,*,"",""
"FRLMMedicationSummary","FRLMMedicationSummary.author[x].authorDevice","FRLMMedicationSummary.author[x].authorDevice","","","",0,*,"","","","https://interop.esante.gouv.fr/ig/document-core/StructureDefinition/FRLMDevice {[]} {[]}
","L'auteur est un système","L'auteur est un système","","","","","","","","","",,,,,"",,,,"FRLMSection.author[x].authorDevice",0,*,"",""
"FRLMMedicationSummary","FRLMMedicationSummary.informant","FRLMMedicationSummary.informant","","","",0,*,"","","","https://interop.esante.gouv.fr/ig/document-core/StructureDefinition/FRLMInformant {[]} {[]}
","Informateur","Informateur","","","","","","","","","",,,,,"",,,,"FRLMSection.informant",0,*,"",""
"FRLMMedicationSummary","FRLMMedicationSummary.subSection","FRLMMedicationSummary.subSection","","","",0,0,"","","","Base {[]} {[]}
","Sous-sections","Sous-sections","","","","","","","","","",,,,,"",,,,"FRLMSection.subSection",0,*,"",""
"FRLMMedicationSummary","FRLMMedicationSummary.entry","FRLMMedicationSummary.entry","","","",0,*,"","","","Base {[]} {[]}
","Entrées","Entrées","","","","","","","","","",,,,,"",,,,"FRLMSection.entry",0,*,"",""
"FRLMMedicationSummary","FRLMMedicationSummary.entry.medicationAdministration","FRLMMedicationSummary.entry.medicationAdministration","","","",1,*,"","","","https://interop.esante.gouv.fr/ig/document-core/StructureDefinition/FRLMMedicationAdministration {[]} {[]}
","Entrée Traitement","Entrée Traitement","","","","","","","","","",,,,,"",,,,"FRLMMedicationSummary.entry.medicationAdministration",1,*,"",""
"FRLMMedicationUse","FRLMMedicationUse","FRLMMedicationUse","","","",0,*,"","","","null {[]} {[]}
","Logical model - FR LM Medication Use","Déclaration de l'utilisation d'un médicament, faisant partie d'une synthèse des traitements médicamenteux du patient.","","","","","","","","","",,,,,"",,,,"Base",0,*,"",""
"FRLMMedicationUse","FRLMMedicationUse.header","FRLMMedicationUse.header","","","",1,1,"","","","Base {[]} {[]}
","Métadonnées de base","Métadonnées de base","","","","","","","","","",,,,,"",,,,"FRLMEntry.header",1,1,"",""
"FRLMMedicationUse","FRLMMedicationUse.header.subject","FRLMMedicationUse.header.subject","","","",1,1,"","","","https://interop.esante.gouv.fr/ig/document-core/StructureDefinition/FRLMPatient {[]} {[]}
","Patient / Usager","Patient / Usager","","","","","","","","","",,,,,"",,,,"FRLMEntry.header.subject",1,1,"",""
"FRLMMedicationUse","FRLMMedicationUse.header.identifier","FRLMMedicationUse.header.identifier","","","",0,*,"","","","Identifier {[]} {[]}
","Identifiant de l’entrée","Identifiant de l’entrée","","","","","","","","","",,,,,"",,,,"FRLMEntry.header.identifier",0,*,"",""
"FRLMMedicationUse","FRLMMedicationUse.header.author[x]","FRLMMedicationUse.header.author[x]","","","",0,*,"","","","Base {[]} {[]}
","Auteur de la déclaration d'utilisation du médicament","author[x] peut correspondre soit à un professionnel, soit à une organisation, soit à un système.","","","","","","","","","",,,,,"",,,,"FRLMEntry.header.author[x]",0,*,"",""
"FRLMMedicationUse","FRLMMedicationUse.header.author[x].authorProfessional","FRLMMedicationUse.header.author[x].authorProfessional","","","",0,*,"","","","https://interop.esante.gouv.fr/ig/document-core/StructureDefinition/FRLMHealthProfessional {[]} {[]}
","L'auteur est un professionnel de santé","L'auteur est un professionnel de santé","","","","","","","","","",,,,,"",,,,"FRLMEntry.header.author[x].authorProfessional",0,*,"",""
"FRLMMedicationUse","FRLMMedicationUse.header.author[x].authorOrganisation","FRLMMedicationUse.header.author[x].authorOrganisation","","","",0,*,"","","","https://interop.esante.gouv.fr/ig/document-core/StructureDefinition/FRLMOrganisation {[]} {[]}
","L'auteur est une organisation","L'auteur est une organisation","","","","","","","","","",,,,,"",,,,"FRLMEntry.header.author[x].authorOrganisation",0,*,"",""
"FRLMMedicationUse","FRLMMedicationUse.header.author[x].authorDevice","FRLMMedicationUse.header.author[x].authorDevice","","","",0,*,"","","","https://interop.esante.gouv.fr/ig/document-core/StructureDefinition/FRLMDevice {[]} {[]}
","L'auteur est un système","L'auteur est un système","","","","","","","","","",,,,,"",,,,"FRLMEntry.header.author[x].authorDevice",0,*,"",""
"FRLMMedicationUse","FRLMMedicationUse.header.performer[x]","FRLMMedicationUse.header.performer[x]","","","",0,*,"","","","https://interop.esante.gouv.fr/ig/document-core/StructureDefinition/FRLMHealthProfessional {[]} {[]}
https://interop.esante.gouv.fr/ig/document-core/StructureDefinition/FRLMOrganisation {[]} {[]}","Exécutant (performer)","Exécutant (performer)","","","","","","","","","",,,,,"",,,,"FRLMEntry.header.performer[x]",0,*,"",""
"FRLMMedicationUse","FRLMMedicationUse.header.participant[x]","FRLMMedicationUse.header.participant[x]","","","",0,*,"","","","Base {[]} {[]}
","Participant","Participant","","","","","","","","","",,,,,"",,,,"FRLMEntry.header.participant[x]",0,*,"",""
"FRLMMedicationUse","FRLMMedicationUse.header.participant[x].participantProfessional","FRLMMedicationUse.header.participant[x].participantProfessional","","","",0,*,"","","","https://interop.esante.gouv.fr/ig/document-core/StructureDefinition/FRLMHealthProfessional {[]} {[]}
","Le participant est un professionnel de santé","Le participant est un professionnel de santé","","","","","","","","","",,,,,"",,,,"FRLMEntry.header.participant[x].participantProfessional",0,*,"",""
"FRLMMedicationUse","FRLMMedicationUse.header.participant[x].participantOrganisation","FRLMMedicationUse.header.participant[x].participantOrganisation","","","",0,*,"","","","https://interop.esante.gouv.fr/ig/document-core/StructureDefinition/FRLMOrganisation {[]} {[]}
","Le participant est une organisation","Le participant est une organisation","","","","","","","","","",,,,,"",,,,"FRLMEntry.header.participant[x].participantOrganisation",0,*,"",""
"FRLMMedicationUse","FRLMMedicationUse.header.participant[x].participantDevice","FRLMMedicationUse.header.participant[x].participantDevice","","","",0,*,"","","","https://interop.esante.gouv.fr/ig/document-core/StructureDefinition/FRLMDevice {[]} {[]}
","Le participant est un système","Le participant est un système","","","","","","","","","",,,,,"",,,,"FRLMEntry.header.participant[x].participantDevice",0,*,"",""
"FRLMMedicationUse","FRLMMedicationUse.header.informant","FRLMMedicationUse.header.informant","","","",0,*,"","","","https://interop.esante.gouv.fr/ig/document-core/StructureDefinition/FRLMInformant {[]} {[]}
","Informateur","Informateur","","","","","","","","","",,,,,"",,,,"FRLMEntry.header.informant",0,*,"",""
"FRLMMedicationUse","FRLMMedicationUse.header.date","FRLMMedicationUse.header.date","","","",0,1,"","","","dateTime {[]} {[]}
","Date/Heure de création par l'auteur","Date/Heure de création par l'auteur","","","","","","","","","",,,,,"",,,,"FRLMEntry.header.date",0,1,"",""
"FRLMMedicationUse","FRLMMedicationUse.header.status","FRLMMedicationUse.header.status","","","",0,1,"","","","CodeableConcept {[]} {[]}
","Statut de la déclaration d'utilisation du médicament (par exemple : enregistré)","Statut","","","","","","","","","",,,,,"",,,,"FRLMEntry.header.status",0,1,"",""
"FRLMMedicationUse","FRLMMedicationUse.header.source","FRLMMedicationUse.header.source","","","",0,1,"","","","CodeableConcept {[]} {[]}
","Source","Source","","","","","","","","","",,,,,"",,,,"FRLMEntry.header.source",0,1,"",""
"FRLMMedicationUse","FRLMMedicationUse.header.language","FRLMMedicationUse.header.language","","","",0,1,"","","","CodeableConcept {[]} {[]}
","'fr-FR' pour français métropolitain (la casse des caractères doit être respectée)
La partie en minuscules indique le code de la langue utilisée (ISO-639-1)
La partie en majuscules indique le code pays (ISO-3166)","'fr-FR' pour français métropolitain (la casse des caractères doit être respectée)
La partie en minuscules indique le code de la langue utilisée (ISO-639-1)
La partie en majuscules indique le code pays (ISO-3166)","","","","","","","","","",,,,,"",,,,"FRLMEntry.header.language",0,1,"",""
"FRLMMedicationUse","FRLMMedicationUse.treatmentStatus","FRLMMedicationUse.treatmentStatus","","","",0,1,"","","","CodeableConcept {[]} {[]}
","Statut actuel de la prise du médicament (par exemple : en cours, suspendu, arrêté)","Statut actuel de la prise du médicament (par exemple : en cours, suspendu, arrêté)","","","","","","","","","",,,,,"",,,,"FRLMMedicationUse.treatmentStatus",0,1,"",""
"FRLMMedicationUse","FRLMMedicationUse.changeType","FRLMMedicationUse.changeType","","","",0,*,"","","","CodeableConcept {[]} {[]}
","Type de changement relatif à l'utilisation du médicament dans une synthèse médicamenteuse (par exemple : ajouté, supprimé, modifié). Pertinent au moment de la sortie d'hospitalisation ou lors d'une modification de la liste des médicaments actifs.","Type de changement relatif à l'utilisation du médicament dans une synthèse médicamenteuse (par exemple : ajouté, supprimé, modifié). Pertinent au moment de la sortie d'hospitalisation ou lors d'une modification de la liste des médicaments actifs.","","","","","","","","","",,,,,"",,,,"FRLMMedicationUse.changeType",0,*,"",""
"FRLMMedicationUse","FRLMMedicationUse.medication","FRLMMedicationUse.medication","","","",1,1,"","","","https://interop.esante.gouv.fr/ig/document-core/StructureDefinition/FRLMMedication {[]} {[]}
","Décrit le produit médicamenteux.","Décrit le produit médicamenteux.","","","","","","","","","",,,,,"",,,,"FRLMMedicationUse.medication",1,1,"",""
"FRLMMedicationUse","FRLMMedicationUse.reason[x]","FRLMMedicationUse.reason[x]","","","",0,*,"","","","CodeableConcept {[]} {[]}
string {[]} {[]}","Motif de l'utilisation du médicament.","Motif de l'utilisation du médicament.","","","","","","","","","",,,,,"",,,,"FRLMMedicationUse.reason[x]",0,*,"",""
"FRLMMedicationUse","FRLMMedicationUse.dosageInstructions","FRLMMedicationUse.dosageInstructions","","","",1,1,"","","","https://interop.esante.gouv.fr/ig/document-core/StructureDefinition/FRLMDosageInstructions {[]} {[]}
","Détails sur la manière dont le médicament est ou a été pris, ou doit être pris.","Détails sur la manière dont le médicament est ou a été pris, ou doit être pris.","","","","","","","","","",,,,,"",,,,"FRLMMedicationUse.dosageInstructions",1,1,"",""
"FRLMMedicationUse","FRLMMedicationUse.periodOfUse","FRLMMedicationUse.periodOfUse","","","",0,1,"","","","Period {[]} {[]}
","Période pendant laquelle le patient a pris, prend ou est susceptible de prendre le médicament.","Période pendant laquelle le patient a pris, prend ou est susceptible de prendre le médicament.","","","","","","","","","",,,,,"",,,,"FRLMMedicationUse.periodOfUse",0,1,"",""
"FRLMMedicationUse","FRLMMedicationUse.derivedFrom[x]","FRLMMedicationUse.derivedFrom[x]","","","",0,*,"","","","https://interop.esante.gouv.fr/ig/document-core/StructureDefinition/FRLMPrescriptionItem {[]} {[]}
https://interop.esante.gouv.fr/ig/document-core/StructureDefinition/FRLMMedicationDispense {[]} {[]}https://interop.esante.gouv.fr/ig/document-core/StructureDefinition/FRLMMedicationAdministration {[]} {[]}","Prescriptions, délivrances ou administrations à l'origine de cette déclaration d'utilisation du médicament.","Prescriptions, délivrances ou administrations à l'origine de cette déclaration d'utilisation du médicament.","","","","","","","","","",,,,,"",,,,"FRLMMedicationUse.derivedFrom[x]",0,*,"",""
"FRLMMedicationUse","FRLMMedicationUse.note","FRLMMedicationUse.note","","","",0,1,"","","","string {[]} {[]}
","Informations complémentaires concernant la déclaration d'utilisation du médicament.","Informations complémentaires concernant la déclaration d'utilisation du médicament.","","","","","","","","","",,,,,"",,,,"FRLMMedicationUse.note",0,1,"",""
"FRLMMicroOrganismSearch","FRLMMicroOrganismSearch","FRLMMicroOrganismSearch","","","",0,*,"","","","null {[]} {[]}
","Logical model - FR LM Micro Organism Search","Recherche de micro organismes","","","","","","","","","",,,,,"",,,,"Base",0,*,"",""
"FRLMMicroOrganismSearch","FRLMMicroOrganismSearch.header","FRLMMicroOrganismSearch.header","","","",1,1,"","","","Base {[]} {[]}
","Métadonnées de base","Métadonnées de base","","","","","","","","","",,,,,"",,,,"FRLMEntry.header",1,1,"",""
"FRLMMicroOrganismSearch","FRLMMicroOrganismSearch.header.subject","FRLMMicroOrganismSearch.header.subject","","","",1,1,"","","","https://interop.esante.gouv.fr/ig/document-core/StructureDefinition/FRLMPatient {[]} {[]}
","Patient / Usager","Patient / Usager","","","","","","","","","",,,,,"",,,,"FRLMEntry.header.subject",1,1,"",""
"FRLMMicroOrganismSearch","FRLMMicroOrganismSearch.header.identifier","FRLMMicroOrganismSearch.header.identifier","","","",0,*,"","","","Identifier {[]} {[]}
","Identifiant de l’entrée","Identifiant de l’entrée","","","","","","","","","",,,,,"",,,,"FRLMEntry.header.identifier",0,*,"",""
"FRLMMicroOrganismSearch","FRLMMicroOrganismSearch.header.author[x]","FRLMMicroOrganismSearch.header.author[x]","","","",0,*,"","","","Base {[]} {[]}
","author[x] peut correspondre soit à un professionnel, soit à une organisation, soit à un système.","author[x] peut correspondre soit à un professionnel, soit à une organisation, soit à un système.","","","","","","","","","",,,,,"",,,,"FRLMEntry.header.author[x]",0,*,"",""
"FRLMMicroOrganismSearch","FRLMMicroOrganismSearch.header.author[x].authorProfessional","FRLMMicroOrganismSearch.header.author[x].authorProfessional","","","",0,*,"","","","https://interop.esante.gouv.fr/ig/document-core/StructureDefinition/FRLMHealthProfessional {[]} {[]}
","L'auteur est un professionnel de santé","L'auteur est un professionnel de santé","","","","","","","","","",,,,,"",,,,"FRLMEntry.header.author[x].authorProfessional",0,*,"",""
"FRLMMicroOrganismSearch","FRLMMicroOrganismSearch.header.author[x].authorOrganisation","FRLMMicroOrganismSearch.header.author[x].authorOrganisation","","","",0,*,"","","","https://interop.esante.gouv.fr/ig/document-core/StructureDefinition/FRLMOrganisation {[]} {[]}
","L'auteur est une organisation","L'auteur est une organisation","","","","","","","","","",,,,,"",,,,"FRLMEntry.header.author[x].authorOrganisation",0,*,"",""
"FRLMMicroOrganismSearch","FRLMMicroOrganismSearch.header.author[x].authorDevice","FRLMMicroOrganismSearch.header.author[x].authorDevice","","","",0,*,"","","","https://interop.esante.gouv.fr/ig/document-core/StructureDefinition/FRLMDevice {[]} {[]}
","L'auteur est un système","L'auteur est un système","","","","","","","","","",,,,,"",,,,"FRLMEntry.header.author[x].authorDevice",0,*,"",""
"FRLMMicroOrganismSearch","FRLMMicroOrganismSearch.header.performer[x]","FRLMMicroOrganismSearch.header.performer[x]","","","",0,*,"","","","https://interop.esante.gouv.fr/ig/document-core/StructureDefinition/FRLMHealthProfessional {[]} {[]}
https://interop.esante.gouv.fr/ig/document-core/StructureDefinition/FRLMOrganisation {[]} {[]}","Exécutant (performer)","Exécutant (performer)","","","","","","","","","",,,,,"",,,,"FRLMEntry.header.performer[x]",0,*,"",""
"FRLMMicroOrganismSearch","FRLMMicroOrganismSearch.header.participant[x]","FRLMMicroOrganismSearch.header.participant[x]","","","",0,*,"","","","Base {[]} {[]}
","Participant","Participant","","","","","","","","","",,,,,"",,,,"FRLMEntry.header.participant[x]",0,*,"",""
"FRLMMicroOrganismSearch","FRLMMicroOrganismSearch.header.participant[x].participantProfessional","FRLMMicroOrganismSearch.header.participant[x].participantProfessional","","","",0,*,"","","","https://interop.esante.gouv.fr/ig/document-core/StructureDefinition/FRLMHealthProfessional {[]} {[]}
","Le participant est un professionnel de santé","Le participant est un professionnel de santé","","","","","","","","","",,,,,"",,,,"FRLMEntry.header.participant[x].participantProfessional",0,*,"",""
"FRLMMicroOrganismSearch","FRLMMicroOrganismSearch.header.participant[x].participantOrganisation","FRLMMicroOrganismSearch.header.participant[x].participantOrganisation","","","",0,*,"","","","https://interop.esante.gouv.fr/ig/document-core/StructureDefinition/FRLMOrganisation {[]} {[]}
","Le participant est une organisation","Le participant est une organisation","","","","","","","","","",,,,,"",,,,"FRLMEntry.header.participant[x].participantOrganisation",0,*,"",""
"FRLMMicroOrganismSearch","FRLMMicroOrganismSearch.header.participant[x].participantDevice","FRLMMicroOrganismSearch.header.participant[x].participantDevice","","","",0,*,"","","","https://interop.esante.gouv.fr/ig/document-core/StructureDefinition/FRLMDevice {[]} {[]}
","Le participant est un système","Le participant est un système","","","","","","","","","",,,,,"",,,,"FRLMEntry.header.participant[x].participantDevice",0,*,"",""
"FRLMMicroOrganismSearch","FRLMMicroOrganismSearch.header.informant","FRLMMicroOrganismSearch.header.informant","","","",0,*,"","","","https://interop.esante.gouv.fr/ig/document-core/StructureDefinition/FRLMInformant {[]} {[]}
","Informateur","Informateur","","","","","","","","","",,,,,"",,,,"FRLMEntry.header.informant",0,*,"",""
"FRLMMicroOrganismSearch","FRLMMicroOrganismSearch.header.date","FRLMMicroOrganismSearch.header.date","","","",0,1,"","","","dateTime {[]} {[]}
","Date/Heure de création par l'auteur","Date/Heure de création par l'auteur","","","","","","","","","",,,,,"",,,,"FRLMEntry.header.date",0,1,"",""
"FRLMMicroOrganismSearch","FRLMMicroOrganismSearch.header.status","FRLMMicroOrganismSearch.header.status","","","",0,1,"","","","CodeableConcept {[]} {[]}
","Statut","Statut","","","","","","","","","",,,,,"",,,,"FRLMEntry.header.status",0,1,"",""
"FRLMMicroOrganismSearch","FRLMMicroOrganismSearch.header.source","FRLMMicroOrganismSearch.header.source","","","",0,1,"","","","CodeableConcept {[]} {[]}
","Source","Source","","","","","","","","","",,,,,"",,,,"FRLMEntry.header.source",0,1,"",""
"FRLMMicroOrganismSearch","FRLMMicroOrganismSearch.header.language","FRLMMicroOrganismSearch.header.language","","","",0,1,"","","","CodeableConcept {[]} {[]}
","'fr-FR' pour français métropolitain (la casse des caractères doit être respectée)
La partie en minuscules indique le code de la langue utilisée (ISO-639-1)
La partie en majuscules indique le code pays (ISO-3166)","'fr-FR' pour français métropolitain (la casse des caractères doit être respectée)
La partie en minuscules indique le code de la langue utilisée (ISO-639-1)
La partie en majuscules indique le code pays (ISO-3166)","","","","","","","","","",,,,,"",,,,"FRLMEntry.header.language",0,1,"",""
"FRLMMicroOrganismSearch","FRLMMicroOrganismSearch.type","FRLMMicroOrganismSearch.type","","","",1,1,"","","","CodeableConcept {[]} {[]}
","Code de l’observation","Code de l’observation","","","","","","","","","",,,,,"",,,,"FRLMMicroOrganismSearch.type",1,1,"",""
"FRLMMicroOrganismSearch","FRLMMicroOrganismSearch.result","FRLMMicroOrganismSearch.result","","","",1,1,"","","","boolean {[]} {[]}
","Valeur de l’observation","Valeur de l’observation","","","","","","","","","",,,,,"",,,,"FRLMMicroOrganismSearch.result",1,1,"",""
"FRLMMultidrugResistantMicroorganismIdentification","FRLMMultidrugResistantMicroorganismIdentification","FRLMMultidrugResistantMicroorganismIdentification","","","",0,*,"","","","null {[]} {[]}
","Logical model - FR LM Multidrug Resistant Microorganism Identification","Identification de micro-organismes multirésistants","","","","","","","","","",,,,,"",,,,"Base",0,*,"",""
"FRLMMultidrugResistantMicroorganismIdentification","FRLMMultidrugResistantMicroorganismIdentification.header","FRLMMultidrugResistantMicroorganismIdentification.header","","","",1,1,"","","","Base {[]} {[]}
","Métadonnées de base","Métadonnées de base","","","","","","","","","",,,,,"",,,,"FRLMEntry.header",1,1,"",""
"FRLMMultidrugResistantMicroorganismIdentification","FRLMMultidrugResistantMicroorganismIdentification.header.subject","FRLMMultidrugResistantMicroorganismIdentification.header.subject","","","",1,1,"","","","https://interop.esante.gouv.fr/ig/document-core/StructureDefinition/FRLMPatient {[]} {[]}
","Patient / Usager","Patient / Usager","","","","","","","","","",,,,,"",,,,"FRLMEntry.header.subject",1,1,"",""
"FRLMMultidrugResistantMicroorganismIdentification","FRLMMultidrugResistantMicroorganismIdentification.header.identifier","FRLMMultidrugResistantMicroorganismIdentification.header.identifier","","","",0,*,"","","","Identifier {[]} {[]}
","Identifiant de l’entrée","Identifiant de l’entrée","","","","","","","","","",,,,,"",,,,"FRLMEntry.header.identifier",0,*,"",""
"FRLMMultidrugResistantMicroorganismIdentification","FRLMMultidrugResistantMicroorganismIdentification.header.author[x]","FRLMMultidrugResistantMicroorganismIdentification.header.author[x]","","","",0,*,"","","","Base {[]} {[]}
","author[x] peut correspondre soit à un professionnel, soit à une organisation, soit à un système.","author[x] peut correspondre soit à un professionnel, soit à une organisation, soit à un système.","","","","","","","","","",,,,,"",,,,"FRLMEntry.header.author[x]",0,*,"",""
"FRLMMultidrugResistantMicroorganismIdentification","FRLMMultidrugResistantMicroorganismIdentification.header.author[x].authorProfessional","FRLMMultidrugResistantMicroorganismIdentification.header.author[x].authorProfessional","","","",0,*,"","","","https://interop.esante.gouv.fr/ig/document-core/StructureDefinition/FRLMHealthProfessional {[]} {[]}
","L'auteur est un professionnel de santé","L'auteur est un professionnel de santé","","","","","","","","","",,,,,"",,,,"FRLMEntry.header.author[x].authorProfessional",0,*,"",""
"FRLMMultidrugResistantMicroorganismIdentification","FRLMMultidrugResistantMicroorganismIdentification.header.author[x].authorOrganisation","FRLMMultidrugResistantMicroorganismIdentification.header.author[x].authorOrganisation","","","",0,*,"","","","https://interop.esante.gouv.fr/ig/document-core/StructureDefinition/FRLMOrganisation {[]} {[]}
","L'auteur est une organisation","L'auteur est une organisation","","","","","","","","","",,,,,"",,,,"FRLMEntry.header.author[x].authorOrganisation",0,*,"",""
"FRLMMultidrugResistantMicroorganismIdentification","FRLMMultidrugResistantMicroorganismIdentification.header.author[x].authorDevice","FRLMMultidrugResistantMicroorganismIdentification.header.author[x].authorDevice","","","",0,*,"","","","https://interop.esante.gouv.fr/ig/document-core/StructureDefinition/FRLMDevice {[]} {[]}
","L'auteur est un système","L'auteur est un système","","","","","","","","","",,,,,"",,,,"FRLMEntry.header.author[x].authorDevice",0,*,"",""
"FRLMMultidrugResistantMicroorganismIdentification","FRLMMultidrugResistantMicroorganismIdentification.header.performer[x]","FRLMMultidrugResistantMicroorganismIdentification.header.performer[x]","","","",0,*,"","","","https://interop.esante.gouv.fr/ig/document-core/StructureDefinition/FRLMHealthProfessional {[]} {[]}
https://interop.esante.gouv.fr/ig/document-core/StructureDefinition/FRLMOrganisation {[]} {[]}","Exécutant (performer)","Exécutant (performer)","","","","","","","","","",,,,,"",,,,"FRLMEntry.header.performer[x]",0,*,"",""
"FRLMMultidrugResistantMicroorganismIdentification","FRLMMultidrugResistantMicroorganismIdentification.header.participant[x]","FRLMMultidrugResistantMicroorganismIdentification.header.participant[x]","","","",0,*,"","","","Base {[]} {[]}
","Participant","Participant","","","","","","","","","",,,,,"",,,,"FRLMEntry.header.participant[x]",0,*,"",""
"FRLMMultidrugResistantMicroorganismIdentification","FRLMMultidrugResistantMicroorganismIdentification.header.participant[x].participantProfessional","FRLMMultidrugResistantMicroorganismIdentification.header.participant[x].participantProfessional","","","",0,*,"","","","https://interop.esante.gouv.fr/ig/document-core/StructureDefinition/FRLMHealthProfessional {[]} {[]}
","Le participant est un professionnel de santé","Le participant est un professionnel de santé","","","","","","","","","",,,,,"",,,,"FRLMEntry.header.participant[x].participantProfessional",0,*,"",""
"FRLMMultidrugResistantMicroorganismIdentification","FRLMMultidrugResistantMicroorganismIdentification.header.participant[x].participantOrganisation","FRLMMultidrugResistantMicroorganismIdentification.header.participant[x].participantOrganisation","","","",0,*,"","","","https://interop.esante.gouv.fr/ig/document-core/StructureDefinition/FRLMOrganisation {[]} {[]}
","Le participant est une organisation","Le participant est une organisation","","","","","","","","","",,,,,"",,,,"FRLMEntry.header.participant[x].participantOrganisation",0,*,"",""
"FRLMMultidrugResistantMicroorganismIdentification","FRLMMultidrugResistantMicroorganismIdentification.header.participant[x].participantDevice","FRLMMultidrugResistantMicroorganismIdentification.header.participant[x].participantDevice","","","",0,*,"","","","https://interop.esante.gouv.fr/ig/document-core/StructureDefinition/FRLMDevice {[]} {[]}
","Le participant est un système","Le participant est un système","","","","","","","","","",,,,,"",,,,"FRLMEntry.header.participant[x].participantDevice",0,*,"",""
"FRLMMultidrugResistantMicroorganismIdentification","FRLMMultidrugResistantMicroorganismIdentification.header.informant","FRLMMultidrugResistantMicroorganismIdentification.header.informant","","","",0,*,"","","","https://interop.esante.gouv.fr/ig/document-core/StructureDefinition/FRLMInformant {[]} {[]}
","Informateur","Informateur","","","","","","","","","",,,,,"",,,,"FRLMEntry.header.informant",0,*,"",""
"FRLMMultidrugResistantMicroorganismIdentification","FRLMMultidrugResistantMicroorganismIdentification.header.date","FRLMMultidrugResistantMicroorganismIdentification.header.date","","","",0,1,"","","","dateTime {[]} {[]}
","Date/Heure de création par l'auteur","Date/Heure de création par l'auteur","","","","","","","","","",,,,,"",,,,"FRLMEntry.header.date",0,1,"",""
"FRLMMultidrugResistantMicroorganismIdentification","FRLMMultidrugResistantMicroorganismIdentification.header.status","FRLMMultidrugResistantMicroorganismIdentification.header.status","","","",0,1,"","","","CodeableConcept {[]} {[]}
","Statut","Statut","","","","","","","","","",,,,,"",,,,"FRLMEntry.header.status",0,1,"",""
"FRLMMultidrugResistantMicroorganismIdentification","FRLMMultidrugResistantMicroorganismIdentification.header.source","FRLMMultidrugResistantMicroorganismIdentification.header.source","","","",0,1,"","","","CodeableConcept {[]} {[]}
","Source","Source","","","","","","","","","",,,,,"",,,,"FRLMEntry.header.source",0,1,"",""
"FRLMMultidrugResistantMicroorganismIdentification","FRLMMultidrugResistantMicroorganismIdentification.header.language","FRLMMultidrugResistantMicroorganismIdentification.header.language","","","",0,1,"","","","CodeableConcept {[]} {[]}
","'fr-FR' pour français métropolitain (la casse des caractères doit être respectée)
La partie en minuscules indique le code de la langue utilisée (ISO-639-1)
La partie en majuscules indique le code pays (ISO-3166)","'fr-FR' pour français métropolitain (la casse des caractères doit être respectée)
La partie en minuscules indique le code de la langue utilisée (ISO-639-1)
La partie en majuscules indique le code pays (ISO-3166)","","","","","","","","","",,,,,"",,,,"FRLMEntry.header.language",0,1,"",""
"FRLMMultidrugResistantMicroorganismIdentification","FRLMMultidrugResistantMicroorganismIdentification.type","FRLMMultidrugResistantMicroorganismIdentification.type","","","",1,1,"","","","CodeableConcept {[]} {[]}
","Code de l’observation","Code de l’observation","","","","","","","","","",,,,,"",,,,"FRLMMultidrugResistantMicroorganismIdentification.type",1,1,"",""
"FRLMMultidrugResistantMicroorganismIdentification","FRLMMultidrugResistantMicroorganismIdentification.result","FRLMMultidrugResistantMicroorganismIdentification.result","","","",1,1,"","","","string {[]} {[]}
","Description sous forme textuelle des micro-organismes identifiés","Description sous forme textuelle des micro-organismes identifiés","","","","","","","","","",,,,,"",,,,"FRLMMultidrugResistantMicroorganismIdentification.result",1,1,"",""
"FRLMNote","FRLMNote","FRLMNote","","","",0,*,"","","","null {[]} {[]}
","Logical model - FR LM Note","Section Commentaire (non-codé)","","","","","","","","","",,,,,"",,,,"Base",0,*,"",""
"FRLMNote","FRLMNote.codeSection","FRLMNote.codeSection","","","",1,1,"","","","CodeableConcept {[]} {[]}
","Code de la section","Code de la section","","","","","","","","","",,,,,"",,,,"FRLMSection.codeSection",1,1,"",""
"FRLMNote","FRLMNote.titleSection","FRLMNote.titleSection","","","",0,1,"","","","string {[]} {[]}
","Titre de la section","Titre de la section","","","","","","","","","",,,,,"",,,,"FRLMSection.titleSection",0,1,"",""
"FRLMNote","FRLMNote.description","FRLMNote.description","","","",1,1,"","","","string {[]} {[]}
","Bloc narratif","Bloc narratif","","","","","","","","","",,,,,"",,,,"FRLMSection.description",1,1,"",""
"FRLMNote","FRLMNote.author[x]","FRLMNote.author[x]","","","",0,*,"","","","Base {[]} {[]}
","author[x] peut correspondre soit à un professionnel, soit à une organisation, soit à un système.","author[x] peut correspondre soit à un professionnel, soit à une organisation, soit à un système.","","","","","","","","","",,,,,"",,,,"FRLMSection.author[x]",0,*,"",""
"FRLMNote","FRLMNote.author[x].authorProfessional","FRLMNote.author[x].authorProfessional","","","",0,*,"","","","https://interop.esante.gouv.fr/ig/document-core/StructureDefinition/FRLMHealthProfessional {[]} {[]}
","L'auteur est un professionnel de santé","L'auteur est un professionnel de santé","","","","","","","","","",,,,,"",,,,"FRLMSection.author[x].authorProfessional",0,*,"",""
"FRLMNote","FRLMNote.author[x].authorOrganisation","FRLMNote.author[x].authorOrganisation","","","",0,*,"","","","https://interop.esante.gouv.fr/ig/document-core/StructureDefinition/FRLMOrganisation {[]} {[]}
","L'auteur est une organisation","L'auteur est une organisation","","","","","","","","","",,,,,"",,,,"FRLMSection.author[x].authorOrganisation",0,*,"",""
"FRLMNote","FRLMNote.author[x].authorDevice","FRLMNote.author[x].authorDevice","","","",0,*,"","","","https://interop.esante.gouv.fr/ig/document-core/StructureDefinition/FRLMDevice {[]} {[]}
","L'auteur est un système","L'auteur est un système","","","","","","","","","",,,,,"",,,,"FRLMSection.author[x].authorDevice",0,*,"",""
"FRLMNote","FRLMNote.informant","FRLMNote.informant","","","",0,*,"","","","https://interop.esante.gouv.fr/ig/document-core/StructureDefinition/FRLMInformant {[]} {[]}
","Informateur","Informateur","","","","","","","","","",,,,,"",,,,"FRLMSection.informant",0,*,"",""
"FRLMNote","FRLMNote.subSection","FRLMNote.subSection","","","",0,0,"","","","Base {[]} {[]}
","Sous-sections","Sous-sections","","","","","","","","","",,,,,"",,,,"FRLMSection.subSection",0,*,"",""
"FRLMNote","FRLMNote.entry","FRLMNote.entry","","","",0,0,"","","","Base {[]} {[]}
","Entrées","Entrées","","","","","","","","","",,,,,"",,,,"FRLMSection.entry",0,*,"",""
"FRLMObservation","FRLMObservation","FRLMObservation","","","",0,*,"","","","null {[]} {[]}
","Logical model - FR LM Observation","Résultat d'une observation réalisée sur le patient ou un dispositif médical.","","","","","","","","","",,,,,"",,,,"Base",0,*,"",""
"FRLMObservation","FRLMObservation.header","FRLMObservation.header","","","",1,1,"","","","Base {[]} {[]}
","Métadonnées de base","Métadonnées de base","","","","","","","","","",,,,,"",,,,"FRLMEntry.header",1,1,"",""
"FRLMObservation","FRLMObservation.header.subject","FRLMObservation.header.subject","","","",1,1,"","","","https://interop.esante.gouv.fr/ig/document-core/StructureDefinition/FRLMPatient {[]} {[]}
","Patient / Usager","Patient / Usager","","","","","","","","","",,,,,"",,,,"FRLMEntry.header.subject",1,1,"",""
"FRLMObservation","FRLMObservation.header.identifier","FRLMObservation.header.identifier","","","",0,*,"","","","Identifier {[]} {[]}
","Identifiant de l’entrée","Identifiant de l’entrée","","","","","","","","","",,,,,"",,,,"FRLMEntry.header.identifier",0,*,"",""
"FRLMObservation","FRLMObservation.header.author[x]","FRLMObservation.header.author[x]","","","",0,*,"","","","Base {[]} {[]}
","author[x] peut correspondre soit à un professionnel, soit à une organisation, soit à un système.","author[x] peut correspondre soit à un professionnel, soit à une organisation, soit à un système.","","","","","","","","","",,,,,"",,,,"FRLMEntry.header.author[x]",0,*,"",""
"FRLMObservation","FRLMObservation.header.author[x].authorProfessional","FRLMObservation.header.author[x].authorProfessional","","","",0,*,"","","","https://interop.esante.gouv.fr/ig/document-core/StructureDefinition/FRLMHealthProfessional {[]} {[]}
","L'auteur est un professionnel de santé","L'auteur est un professionnel de santé","","","","","","","","","",,,,,"",,,,"FRLMEntry.header.author[x].authorProfessional",0,*,"",""
"FRLMObservation","FRLMObservation.header.author[x].authorOrganisation","FRLMObservation.header.author[x].authorOrganisation","","","",0,*,"","","","https://interop.esante.gouv.fr/ig/document-core/StructureDefinition/FRLMOrganisation {[]} {[]}
","L'auteur est une organisation","L'auteur est une organisation","","","","","","","","","",,,,,"",,,,"FRLMEntry.header.author[x].authorOrganisation",0,*,"",""
"FRLMObservation","FRLMObservation.header.author[x].authorDevice","FRLMObservation.header.author[x].authorDevice","","","",0,*,"","","","https://interop.esante.gouv.fr/ig/document-core/StructureDefinition/FRLMDevice {[]} {[]}
","L'auteur est un système","L'auteur est un système","","","","","","","","","",,,,,"",,,,"FRLMEntry.header.author[x].authorDevice",0,*,"",""
"FRLMObservation","FRLMObservation.header.performer[x]","FRLMObservation.header.performer[x]","","","",0,*,"","","","https://interop.esante.gouv.fr/ig/document-core/StructureDefinition/FRLMHealthProfessional {[]} {[]}
https://interop.esante.gouv.fr/ig/document-core/StructureDefinition/FRLMOrganisation {[]} {[]}","Exécutant (performer)","Exécutant (performer)","","","","","","","","","",,,,,"",,,,"FRLMEntry.header.performer[x]",0,*,"",""
"FRLMObservation","FRLMObservation.header.participant[x]","FRLMObservation.header.participant[x]","","","",0,*,"","","","Base {[]} {[]}
","Participant","Participant","","","","","","","","","",,,,,"",,,,"FRLMEntry.header.participant[x]",0,*,"",""
"FRLMObservation","FRLMObservation.header.participant[x].participantProfessional","FRLMObservation.header.participant[x].participantProfessional","","","",0,*,"","","","https://interop.esante.gouv.fr/ig/document-core/StructureDefinition/FRLMHealthProfessional {[]} {[]}
","Le participant est un professionnel de santé","Le participant est un professionnel de santé","","","","","","","","","",,,,,"",,,,"FRLMEntry.header.participant[x].participantProfessional",0,*,"",""
"FRLMObservation","FRLMObservation.header.participant[x].participantOrganisation","FRLMObservation.header.participant[x].participantOrganisation","","","",0,*,"","","","https://interop.esante.gouv.fr/ig/document-core/StructureDefinition/FRLMOrganisation {[]} {[]}
","Le participant est une organisation","Le participant est une organisation","","","","","","","","","",,,,,"",,,,"FRLMEntry.header.participant[x].participantOrganisation",0,*,"",""
"FRLMObservation","FRLMObservation.header.participant[x].participantDevice","FRLMObservation.header.participant[x].participantDevice","","","",0,*,"","","","https://interop.esante.gouv.fr/ig/document-core/StructureDefinition/FRLMDevice {[]} {[]}
","Le participant est un système","Le participant est un système","","","","","","","","","",,,,,"",,,,"FRLMEntry.header.participant[x].participantDevice",0,*,"",""
"FRLMObservation","FRLMObservation.header.informant","FRLMObservation.header.informant","","","",0,*,"","","","https://interop.esante.gouv.fr/ig/document-core/StructureDefinition/FRLMInformant {[]} {[]}
","Informateur","Informateur","","","","","","","","","",,,,,"",,,,"FRLMEntry.header.informant",0,*,"",""
"FRLMObservation","FRLMObservation.header.date","FRLMObservation.header.date","","","",0,1,"","","","dateTime {[]} {[]}
","Date/Heure de création par l'auteur","Date/Heure de création par l'auteur","","","","","","","","","",,,,,"",,,,"FRLMEntry.header.date",0,1,"",""
"FRLMObservation","FRLMObservation.header.status","FRLMObservation.header.status","","","",1,1,"","","","CodeableConcept {[]} {[]}
","Statut de l'observation","Statut","","","","","","","","","",,,,,"",,,,"FRLMEntry.header.status",0,1,"",""
"FRLMObservation","FRLMObservation.header.status.id","FRLMObservation.header.status.id","","","",0,1,"","","","string {[]} {[]}
","Unique id for inter-element referencing","Unique id for the element within a resource (for internal references). This may be any string value that does not contain spaces.","","","","","","","","","",,,,,"",,,,"Element.id",0,1,"",""
"FRLMObservation","FRLMObservation.header.status.extension","FRLMObservation.header.status.extension","","extensions
user content","",0,*,"","","","Extension {[]} {[]}
","Additional content defined by implementations","May be used to represent additional information that is not part of the basic definition of the element. To make the use of extensions safe and manageable, there is a strict set of governance  applied to the definition and use of extensions. Though any implementer can define an extension, there is a set of requirements that SHALL be met as part of the definition of the extension.","There can be no stigma associated with the use of extensions by any application, project, or standard - regardless of the institution or jurisdiction that uses or defines the extensions.  The use of extensions is what allows the FHIR specification to retain a core level of simplicity for everyone.","","","","","","","","",,,,,"","value:url}
","Extensions are always sliced by (at least) url",,"open","Element.extension",0,*,"","ele-1:All FHIR elements must have a @value or children {hasValue() or (children().count() > id.count())}
ext-1:Must have either extensions or value[x], not both {extension.exists() != value.exists()}"
"FRLMObservation","FRLMObservation.header.status.coding","FRLMObservation.header.status.coding","","","",0,*,"","","Y","Coding {[]} {[]}
","Code defined by a terminology system","A reference to a code defined by a terminology system.","Codes may be defined very casually in enumerations, or code lists, up to very formal definitions such as SNOMED CT - see the HL7 v3 Core Principles for more information.  Ordering of codings is undefined and SHALL NOT be used to infer meaning. Generally, at most only one of the coding values will be labeled as UserSelected = true.","Allows for alternative encodings within a code system, and translations to other code systems.","","","","","","","",,,,,"",,,,"CodeableConcept.coding",0,*,"","ele-1:All FHIR elements must have a @value or children {hasValue() or (children().count() > id.count())}
"
"FRLMObservation","FRLMObservation.header.status.text","FRLMObservation.header.status.text","","","",0,1,"","","Y","string {[]} {[]}
","Plain text representation of the concept","A human language representation of the concept as seen/selected/uttered by the user who entered the data and/or which represents the intended meaning of the user.","Very often the text is the same as a displayName of one of the codings.","The codes from the terminologies do not always capture the correct meaning with all the nuances of the human using them, or sometimes there is no appropriate code at all. In these cases, the text is used to capture the full meaning of the source.","","","","","","","",,,,,"",,,,"CodeableConcept.text",0,1,"","ele-1:All FHIR elements must have a @value or children {hasValue() or (children().count() > id.count())}
"
"FRLMObservation","FRLMObservation.header.status.directSubject[x]","FRLMObservation.header.status.directSubject[x]","","","",0,1,"","","","https://interop.esante.gouv.fr/ig/document-core/StructureDefinition/FRLMPatient {[]} {[]}
https://interop.esante.gouv.fr/ig/document-core/StructureDefinition/FRLMDevice {[]} {[]}https://interop.esante.gouv.fr/ig/document-core/StructureDefinition/FRLMHealthProfessional {[]} {[]}https://interop.esante.gouv.fr/ig/document-core/StructureDefinition/FRLMOrganisation {[]} {[]}https://interop.esante.gouv.fr/ig/document-core/StructureDefinition/FRLMProcedure {[]} {[]}","Sujet direct de l'observation si différent du patient, par exemple dans le cas d’une observation portant sur un dispositif implanté. D’autres types de sujets peuvent être autorisés selon les implémentations.","Sujet direct de l'observation si différent du patient, par exemple dans le cas d’une observation portant sur un dispositif implanté. D’autres types de sujets peuvent être autorisés selon les implémentations.","","","","","","","","","",,,,,"",,,,"FRLMObservation.header.status.directSubject[x]",0,1,"",""
"FRLMObservation","FRLMObservation.header.source","FRLMObservation.header.source","","","",0,1,"","","","CodeableConcept {[]} {[]}
","Source","Source","","","","","","","","","",,,,,"",,,,"FRLMEntry.header.source",0,1,"",""
"FRLMObservation","FRLMObservation.header.language","FRLMObservation.header.language","","","",0,1,"","","","CodeableConcept {[]} {[]}
","'fr-FR' pour français métropolitain (la casse des caractères doit être respectée)
La partie en minuscules indique le code de la langue utilisée (ISO-639-1)
La partie en majuscules indique le code pays (ISO-3166)","'fr-FR' pour français métropolitain (la casse des caractères doit être respectée)
La partie en minuscules indique le code de la langue utilisée (ISO-639-1)
La partie en majuscules indique le code pays (ISO-3166)","","","","","","","","","",,,,,"",,,,"FRLMEntry.header.language",0,1,"",""
"FRLMObservation","FRLMObservation.observationDate[x]","FRLMObservation.observationDate[x]","","","",1,1,"","","","dateTime {[]} {[]}
Period {[]} {[]}","Date de l'observation","Date de l'observation","","","","","","","","","",,,,,"",,,,"FRLMObservation.observationDate[x]",1,1,"",""
"FRLMObservation","FRLMObservation.type","FRLMObservation.type","","","",1,1,"","","","CodeableConcept {[]} {[]}
","Type d'observation","Type d'observation","","","","","","","","","",,"required","LOINC (2.16.840.1.113883.6.1) ou autre","","",,,,"FRLMObservation.type",1,1,"",""
"FRLMObservation","FRLMObservation.originalName","FRLMObservation.originalName","","","",0,1,"","","","string {[]} {[]}
","Nom de l'observation","Nom de l'observation","","","","","","","","","",,,,,"",,,,"FRLMObservation.originalName",0,1,"",""
"FRLMObservation","FRLMObservation.method","FRLMObservation.method","","","",0,1,"","","","CodeableConcept {[]} {[]}
","Méthode utilisée pour l'observation","Méthode utilisée pour l'observation","","","","","","","","","",,,,,"",,,,"FRLMObservation.method",0,1,"",""
"FRLMObservation","FRLMObservation.specimen","FRLMObservation.specimen","","","",0,1,"","","","https://interop.esante.gouv.fr/ig/document-core/StructureDefinition/FRLMSpecimen {[]} {[]}
","Prélèvement","Prélèvement","","","","","","","","","",,,,,"",,,,"FRLMObservation.specimen",0,1,"",""
"FRLMObservation","FRLMObservation.order","FRLMObservation.order","","","",0,1,"","","","https://interop.esante.gouv.fr/ig/document-core/StructureDefinition/FRLMServiceRequest {[]} {[]}
","Demande d'examen correspondante","Demande d'examen correspondante","","","","","","","","","",,,,,"",,,,"FRLMObservation.order",0,1,"",""
"FRLMObservation","FRLMObservation.bodySite","FRLMObservation.bodySite","","","",0,1,"","","","https://interop.esante.gouv.fr/ig/document-core/StructureDefinition/FRLMBodyStructure {[]} {[]}
","Localisation anatomique","Localisation anatomique","","","","","","","","","",,,,,"",,,,"FRLMObservation.bodySite",0,1,"",""
"FRLMObservation","FRLMObservation.result","FRLMObservation.result","","","",1,1,"","","","Base {[]} {[]}
","Valeur de l'observation","Valeur de l'observation","","","","","","","","","",,,,,"",,,,"FRLMObservation.result",1,1,"",""
"FRLMObservation","FRLMObservation.result.Value[x]","FRLMObservation.result.Value[x]","","","",0,1,"","","","string {[]} {[]}
Quantity {[]} {[]}Range {[]} {[]}Ratio {[]} {[]}CodeableConcept {[]} {[]}boolean {[]} {[]}","Valeur de l'observation. Le type de donnée doit être adapté au type d'observation.","Valeur de l'observation. Le type de donnée doit être adapté au type d'observation.","","","","","","","","","",,,,,"",,,,"FRLMObservation.result.Value[x]",0,1,"",""
"FRLMObservation","FRLMObservation.referenceRange","FRLMObservation.referenceRange","","","",0,*,"","","","Base {[]} {[]}
","Intervalle de référence. Plusieurs intervalles de référence, de types différents, peuvent être fournis.","Intervalle de référence. Plusieurs intervalles de référence, de types différents, peuvent être fournis.","","","","","","","","","",,,,,"",,,,"FRLMObservation.referenceRange",0,*,"",""
"FRLMObservation","FRLMObservation.referenceRange.low","FRLMObservation.referenceRange.low","","","",0,1,"","","","Quantity {[]} {[]}
","Limite inférieure de l'intervalle","Limite inférieure de l'intervalle","","","","","","","","","",,"preferred","(preferred): UCUM for units","","",,,,"FRLMObservation.referenceRange.low",0,1,"",""
"FRLMObservation","FRLMObservation.referenceRange.high","FRLMObservation.referenceRange.high","","","",0,1,"","","","Quantity {[]} {[]}
","Limite supérieure de l'intervalle","Limite supérieure de l'intervalle","","","","","","","","","",,"preferred","(preferred): UCUM for units","","",,,,"FRLMObservation.referenceRange.high",0,1,"",""
"FRLMObservation","FRLMObservation.referenceRange.normalValue","FRLMObservation.referenceRange.normalValue","","","",0,1,"","","","CodeableConcept {[]} {[]}
","Valeur normale si pertinente pour l'intervalle","Valeur normale si pertinente pour l'intervalle","","","","","","","","","",,"preferred","(preferred): SNOMED CT","","",,,,"FRLMObservation.referenceRange.normalValue",0,1,"",""
"FRLMObservation","FRLMObservation.referenceRange.type","FRLMObservation.referenceRange.type","","","",0,1,"","","","CodeableConcept {[]} {[]}
","Type d'intervalle de référence","Type d'intervalle de référence","","","","","","","","","",,"preferred","(preferred): HL7 Observation Reference Range Meaning Codes","","",,,,"FRLMObservation.referenceRange.type",0,1,"",""
"FRLMObservation","FRLMObservation.referenceRange.appliesTo","FRLMObservation.referenceRange.appliesTo","","","",0,*,"","","","CodeableConcept {[]} {[]}
","Population concernée pour cet intervalle","Population concernée pour cet intervalle","","","","","","","","","",,"preferred","(preferred): SNOMED CT, HL7 v3-Race","","",,,,"FRLMObservation.referenceRange.appliesTo",0,*,"",""
"FRLMObservation","FRLMObservation.referenceRange.age","FRLMObservation.referenceRange.age","","","",0,1,"","","","Range {[]} {[]}
","Tranche d'âge pour cet intervalle","Tranche d'âge pour cet intervalle","","","","","","","","","",,"preferred","(preferred): UCUM for units","","",,,,"FRLMObservation.referenceRange.age",0,1,"",""
"FRLMObservation","FRLMObservation.referenceRange.text","FRLMObservation.referenceRange.text","","","",0,1,"","","","string {[]} {[]}
","Texte libre","Texte libre","","","","","","","","","",,,,,"",,,,"FRLMObservation.referenceRange.text",0,1,"",""
"FRLMObservation","FRLMObservation.interpretation","FRLMObservation.interpretation","","","",0,*,"","","","CodeableConcept {[]} {[]}
","Interprétation","Interprétation","","","","","","","","","",,"required","HL7 Observation Interpretation Codes","https://smt.esante.gouv.fr/fhir/ValueSet/jdv-hl7-v3-ObservationInterpretation-cisis|20260619134042","",,,,"FRLMObservation.interpretation",0,*,"",""
"FRLMObservation","FRLMObservation.note","FRLMObservation.note","","","",0,1,"","","","string {[]} {[]}
","Commentaire","Commentaire","","","","","","","","","",,,,,"",,,,"FRLMObservation.note",0,1,"",""
"FRLMObservation","FRLMObservation.component","FRLMObservation.component","","","",0,*,"","","","Base {[]} {[]}
","Composant dans le cas d'une observation composée de plusieurs sous-observations","Composant dans le cas d'une observation composée de plusieurs sous-observations","","","","","","","","","",,,,,"",,,,"FRLMObservation.component",0,*,"",""
"FRLMObservation","FRLMObservation.derivedFrom[x]","FRLMObservation.derivedFrom[x]","","","",0,*,"","","","https://interop.esante.gouv.fr/ig/document-core/StructureDefinition/FRLMObservation {[]} {[]}
https://interop.esante.gouv.fr/ig/document-core/StructureDefinition/FRLMLaboratoryObservation {[]} {[]}https://interop.esante.gouv.fr/ig/document-core/StructureDefinition/FRLMImagingStudy {[]} {[]}","Référence de la resource à partir de laquelle l'observation a été faite. Par exemple, une image échographique à partir de laquelle une mesure fœtale est réalisée.","Référence de la resource à partir de laquelle l'observation a été faite. Par exemple, une image échographique à partir de laquelle une mesure fœtale est réalisée.","","","","","","","","","",,,,,"",,,,"FRLMObservation.derivedFrom[x]",0,*,"",""
"FRLMObservation","FRLMObservation.hasMember[x]","FRLMObservation.hasMember[x]","","","",0,*,"","","","https://interop.esante.gouv.fr/ig/document-core/StructureDefinition/FRLMLaboratoryObservation {[]} {[]}
https://interop.esante.gouv.fr/ig/document-core/StructureDefinition/FRLMObservation {[]} {[]}","Cette observation est un groupe d'observations (par exemple, une batterie de tests, un ensemble de mesures de signes vitaux).","Cette observation est un groupe d'observations (par exemple, une batterie de tests, un ensemble de mesures de signes vitaux).","","","","","","","","","",,,,,"",,,,"FRLMObservation.hasMember[x]",0,*,"",""
"FRLMObservationAssessment","FRLMObservationAssessment","FRLMObservationAssessment","","","",0,*,"","","","null {[]} {[]}
","Logical model - FR LM Assessment","Evaluation","","","","","","","","","",,,,,"",,,,"Base",0,*,"",""
"FRLMObservationAssessment","FRLMObservationAssessment.header","FRLMObservationAssessment.header","","","",1,1,"","","","Base {[]} {[]}
","Métadonnées de base","Métadonnées de base","","","","","","","","","",,,,,"",,,,"FRLMEntry.header",1,1,"",""
"FRLMObservationAssessment","FRLMObservationAssessment.header.subject","FRLMObservationAssessment.header.subject","","","",1,1,"","","","https://interop.esante.gouv.fr/ig/document-core/StructureDefinition/FRLMPatient {[]} {[]}
","Patient / Usager","Patient / Usager","","","","","","","","","",,,,,"",,,,"FRLMEntry.header.subject",1,1,"",""
"FRLMObservationAssessment","FRLMObservationAssessment.header.identifier","FRLMObservationAssessment.header.identifier","","","",0,*,"","","","Identifier {[]} {[]}
","Identifiant de l’entrée","Identifiant de l’entrée","","","","","","","","","",,,,,"",,,,"FRLMEntry.header.identifier",0,*,"",""
"FRLMObservationAssessment","FRLMObservationAssessment.header.author[x]","FRLMObservationAssessment.header.author[x]","","","",0,*,"","","","Base {[]} {[]}
","author[x] peut correspondre soit à un professionnel, soit à une organisation, soit à un système.","author[x] peut correspondre soit à un professionnel, soit à une organisation, soit à un système.","","","","","","","","","",,,,,"",,,,"FRLMEntry.header.author[x]",0,*,"",""
"FRLMObservationAssessment","FRLMObservationAssessment.header.author[x].authorProfessional","FRLMObservationAssessment.header.author[x].authorProfessional","","","",0,*,"","","","https://interop.esante.gouv.fr/ig/document-core/StructureDefinition/FRLMHealthProfessional {[]} {[]}
","L'auteur est un professionnel de santé","L'auteur est un professionnel de santé","","","","","","","","","",,,,,"",,,,"FRLMEntry.header.author[x].authorProfessional",0,*,"",""
"FRLMObservationAssessment","FRLMObservationAssessment.header.author[x].authorOrganisation","FRLMObservationAssessment.header.author[x].authorOrganisation","","","",0,*,"","","","https://interop.esante.gouv.fr/ig/document-core/StructureDefinition/FRLMOrganisation {[]} {[]}
","L'auteur est une organisation","L'auteur est une organisation","","","","","","","","","",,,,,"",,,,"FRLMEntry.header.author[x].authorOrganisation",0,*,"",""
"FRLMObservationAssessment","FRLMObservationAssessment.header.author[x].authorDevice","FRLMObservationAssessment.header.author[x].authorDevice","","","",0,*,"","","","https://interop.esante.gouv.fr/ig/document-core/StructureDefinition/FRLMDevice {[]} {[]}
","L'auteur est un système","L'auteur est un système","","","","","","","","","",,,,,"",,,,"FRLMEntry.header.author[x].authorDevice",0,*,"",""
"FRLMObservationAssessment","FRLMObservationAssessment.header.performer[x]","FRLMObservationAssessment.header.performer[x]","","","",0,*,"","","","https://interop.esante.gouv.fr/ig/document-core/StructureDefinition/FRLMHealthProfessional {[]} {[]}
https://interop.esante.gouv.fr/ig/document-core/StructureDefinition/FRLMOrganisation {[]} {[]}","Exécutant (performer)","Exécutant (performer)","","","","","","","","","",,,,,"",,,,"FRLMEntry.header.performer[x]",0,*,"",""
"FRLMObservationAssessment","FRLMObservationAssessment.header.participant[x]","FRLMObservationAssessment.header.participant[x]","","","",0,*,"","","","Base {[]} {[]}
","Participant","Participant","","","","","","","","","",,,,,"",,,,"FRLMEntry.header.participant[x]",0,*,"",""
"FRLMObservationAssessment","FRLMObservationAssessment.header.participant[x].participantProfessional","FRLMObservationAssessment.header.participant[x].participantProfessional","","","",0,*,"","","","https://interop.esante.gouv.fr/ig/document-core/StructureDefinition/FRLMHealthProfessional {[]} {[]}
","Le participant est un professionnel de santé","Le participant est un professionnel de santé","","","","","","","","","",,,,,"",,,,"FRLMEntry.header.participant[x].participantProfessional",0,*,"",""
"FRLMObservationAssessment","FRLMObservationAssessment.header.participant[x].participantOrganisation","FRLMObservationAssessment.header.participant[x].participantOrganisation","","","",0,*,"","","","https://interop.esante.gouv.fr/ig/document-core/StructureDefinition/FRLMOrganisation {[]} {[]}
","Le participant est une organisation","Le participant est une organisation","","","","","","","","","",,,,,"",,,,"FRLMEntry.header.participant[x].participantOrganisation",0,*,"",""
"FRLMObservationAssessment","FRLMObservationAssessment.header.participant[x].participantDevice","FRLMObservationAssessment.header.participant[x].participantDevice","","","",0,*,"","","","https://interop.esante.gouv.fr/ig/document-core/StructureDefinition/FRLMDevice {[]} {[]}
","Le participant est un système","Le participant est un système","","","","","","","","","",,,,,"",,,,"FRLMEntry.header.participant[x].participantDevice",0,*,"",""
"FRLMObservationAssessment","FRLMObservationAssessment.header.informant","FRLMObservationAssessment.header.informant","","","",0,*,"","","","https://interop.esante.gouv.fr/ig/document-core/StructureDefinition/FRLMInformant {[]} {[]}
","Informateur","Informateur","","","","","","","","","",,,,,"",,,,"FRLMEntry.header.informant",0,*,"",""
"FRLMObservationAssessment","FRLMObservationAssessment.header.date","FRLMObservationAssessment.header.date","","","",0,1,"","","","dateTime {[]} {[]}
","Date/Heure de création par l'auteur","Date/Heure de création par l'auteur","","","","","","","","","",,,,,"",,,,"FRLMEntry.header.date",0,1,"",""
"FRLMObservationAssessment","FRLMObservationAssessment.header.status","FRLMObservationAssessment.header.status","","","",1,1,"","","","CodeableConcept {[]} {[]}
","Statut de l'évaluation","Statut","","","","","","","","","",,,,,"",,,,"FRLMEntry.header.status",0,1,"",""
"FRLMObservationAssessment","FRLMObservationAssessment.header.source","FRLMObservationAssessment.header.source","","","",0,1,"","","","CodeableConcept {[]} {[]}
","Source","Source","","","","","","","","","",,,,,"",,,,"FRLMEntry.header.source",0,1,"",""
"FRLMObservationAssessment","FRLMObservationAssessment.header.language","FRLMObservationAssessment.header.language","","","",0,1,"","","","CodeableConcept {[]} {[]}
","'fr-FR' pour français métropolitain (la casse des caractères doit être respectée)
La partie en minuscules indique le code de la langue utilisée (ISO-639-1)
La partie en majuscules indique le code pays (ISO-3166)","'fr-FR' pour français métropolitain (la casse des caractères doit être respectée)
La partie en minuscules indique le code de la langue utilisée (ISO-639-1)
La partie en majuscules indique le code pays (ISO-3166)","","","","","","","","","",,,,,"",,,,"FRLMEntry.header.language",0,1,"",""
"FRLMObservationAssessment","FRLMObservationAssessment.observationDate[x]","FRLMObservationAssessment.observationDate[x]","","","",1,1,"","","","dateTime {[]} {[]}
Period {[]} {[]}","date de l'évaluation","date de l'évaluation","","","","","","","","","",,,,,"",,,,"FRLMObservationAssessment.observationDate[x]",1,1,"",""
"FRLMObservationAssessment","FRLMObservationAssessment.type","FRLMObservationAssessment.type","","","",1,1,"","","","CodeableConcept {[]} {[]}
","Type d'observation. 
- LOINC (2.16.840.1.113883.6.1) ou ICF (2.16.840.1.113883.6.254) ou autre
- Si le type d'évaluation n'est pas trouvé dans les terminologies proposées, utiliser le code='54522-8' displayName='Statut fonctionnel' codeSystem='2.16.840.1.113883.6.1' codeSystemName='LOINC'","Type d'observation. 
- LOINC (2.16.840.1.113883.6.1) ou ICF (2.16.840.1.113883.6.254) ou autre
- Si le type d'évaluation n'est pas trouvé dans les terminologies proposées, utiliser le code='54522-8' displayName='Statut fonctionnel' codeSystem='2.16.840.1.113883.6.1' codeSystemName='LOINC'","","","","","","","","","",,,,,"",,,,"FRLMObservationAssessment.type",1,1,"",""
"FRLMObservationAssessment","FRLMObservationAssessment.method","FRLMObservationAssessment.method","","","",0,1,"","","","CodeableConcept {[]} {[]}
","Méthode utilisée pour l'observation","Méthode utilisée pour l'observation","","","","","","","","","",,,,,"",,,,"FRLMObservationAssessment.method",0,1,"",""
"FRLMObservationAssessment","FRLMObservationAssessment.bodySite","FRLMObservationAssessment.bodySite","","","",0,1,"","","","https://interop.esante.gouv.fr/ig/document-core/StructureDefinition/FRLMBodyStructure {[]} {[]}
","Site de l'observation","Site de l'observation","","","","","","","","","",,,,,"",,,,"FRLMObservationAssessment.bodySite",0,1,"",""
"FRLMObservationAssessment","FRLMObservationAssessment.result","FRLMObservationAssessment.result","","","",1,1,"","","","CodeableConcept {[]} {[]}
","Valeur de l’évaluation","Valeur de l’évaluation","","","","","","","","","",,,,,"",,,,"FRLMObservationAssessment.result",1,1,"",""
"FRLMObservationAssessment","FRLMObservationAssessment.interpretation","FRLMObservationAssessment.interpretation","","","",0,*,"","","","CodeableConcept {[]} {[]}
","Interprétation","Interprétation","","","","","","","","","",,,,,"",,,,"FRLMObservationAssessment.interpretation",0,*,"",""
"FRLMObservationAssessment","FRLMObservationAssessment.note","FRLMObservationAssessment.note","","","",0,1,"","","","string {[]} {[]}
","Commentaire","Commentaire","","","","","","","","","",,,,,"",,,,"FRLMObservationAssessment.note",0,1,"",""
"FRLMObservationAssessment","FRLMObservationAssessment.component","FRLMObservationAssessment.component","","","",0,*,"","","","https://interop.esante.gouv.fr/ig/document-core/StructureDefinition/FRLMObservationAssessment {[]} {[]}
","Composant de l'évaluation","Composant de l'évaluation","","","","","","","","","",,,,,"",,,,"FRLMObservationAssessment.component",0,*,"",""
"FRLMObservationMedia","FRLMObservationMedia","FRLMObservationMedia","","","",0,*,"","","","null {[]} {[]}
","Logical model - FR LM ObservationMedia","Image illustrative.","","","","","","","","","",,,,,"",,,,"Base",0,*,"",""
"FRLMObservationMedia","FRLMObservationMedia.header","FRLMObservationMedia.header","","","",1,1,"","","","Base {[]} {[]}
","Métadonnées de base","Métadonnées de base","","","","","","","","","",,,,,"",,,,"FRLMEntry.header",1,1,"",""
"FRLMObservationMedia","FRLMObservationMedia.header.subject","FRLMObservationMedia.header.subject","","","",1,1,"","","","https://interop.esante.gouv.fr/ig/document-core/StructureDefinition/FRLMPatient {[]} {[]}
","Patient / Usager","Patient / Usager","","","","","","","","","",,,,,"",,,,"FRLMEntry.header.subject",1,1,"",""
"FRLMObservationMedia","FRLMObservationMedia.header.identifier","FRLMObservationMedia.header.identifier","","","",0,*,"","","","Identifier {[]} {[]}
","Identifiant de l’entrée","Identifiant de l’entrée","","","","","","","","","",,,,,"",,,,"FRLMEntry.header.identifier",0,*,"",""
"FRLMObservationMedia","FRLMObservationMedia.header.author[x]","FRLMObservationMedia.header.author[x]","","","",0,*,"","","","Base {[]} {[]}
","author[x] peut correspondre soit à un professionnel, soit à une organisation, soit à un système.","author[x] peut correspondre soit à un professionnel, soit à une organisation, soit à un système.","","","","","","","","","",,,,,"",,,,"FRLMEntry.header.author[x]",0,*,"",""
"FRLMObservationMedia","FRLMObservationMedia.header.author[x].authorProfessional","FRLMObservationMedia.header.author[x].authorProfessional","","","",0,*,"","","","https://interop.esante.gouv.fr/ig/document-core/StructureDefinition/FRLMHealthProfessional {[]} {[]}
","L'auteur est un professionnel de santé","L'auteur est un professionnel de santé","","","","","","","","","",,,,,"",,,,"FRLMEntry.header.author[x].authorProfessional",0,*,"",""
"FRLMObservationMedia","FRLMObservationMedia.header.author[x].authorOrganisation","FRLMObservationMedia.header.author[x].authorOrganisation","","","",0,*,"","","","https://interop.esante.gouv.fr/ig/document-core/StructureDefinition/FRLMOrganisation {[]} {[]}
","L'auteur est une organisation","L'auteur est une organisation","","","","","","","","","",,,,,"",,,,"FRLMEntry.header.author[x].authorOrganisation",0,*,"",""
"FRLMObservationMedia","FRLMObservationMedia.header.author[x].authorDevice","FRLMObservationMedia.header.author[x].authorDevice","","","",0,*,"","","","https://interop.esante.gouv.fr/ig/document-core/StructureDefinition/FRLMDevice {[]} {[]}
","L'auteur est un système","L'auteur est un système","","","","","","","","","",,,,,"",,,,"FRLMEntry.header.author[x].authorDevice",0,*,"",""
"FRLMObservationMedia","FRLMObservationMedia.header.performer[x]","FRLMObservationMedia.header.performer[x]","","","",0,*,"","","","https://interop.esante.gouv.fr/ig/document-core/StructureDefinition/FRLMHealthProfessional {[]} {[]}
https://interop.esante.gouv.fr/ig/document-core/StructureDefinition/FRLMOrganisation {[]} {[]}","Exécutant (performer)","Exécutant (performer)","","","","","","","","","",,,,,"",,,,"FRLMEntry.header.performer[x]",0,*,"",""
"FRLMObservationMedia","FRLMObservationMedia.header.participant[x]","FRLMObservationMedia.header.participant[x]","","","",0,*,"","","","Base {[]} {[]}
","Participant","Participant","","","","","","","","","",,,,,"",,,,"FRLMEntry.header.participant[x]",0,*,"",""
"FRLMObservationMedia","FRLMObservationMedia.header.participant[x].participantProfessional","FRLMObservationMedia.header.participant[x].participantProfessional","","","",0,*,"","","","https://interop.esante.gouv.fr/ig/document-core/StructureDefinition/FRLMHealthProfessional {[]} {[]}
","Le participant est un professionnel de santé","Le participant est un professionnel de santé","","","","","","","","","",,,,,"",,,,"FRLMEntry.header.participant[x].participantProfessional",0,*,"",""
"FRLMObservationMedia","FRLMObservationMedia.header.participant[x].participantOrganisation","FRLMObservationMedia.header.participant[x].participantOrganisation","","","",0,*,"","","","https://interop.esante.gouv.fr/ig/document-core/StructureDefinition/FRLMOrganisation {[]} {[]}
","Le participant est une organisation","Le participant est une organisation","","","","","","","","","",,,,,"",,,,"FRLMEntry.header.participant[x].participantOrganisation",0,*,"",""
"FRLMObservationMedia","FRLMObservationMedia.header.participant[x].participantDevice","FRLMObservationMedia.header.participant[x].participantDevice","","","",0,*,"","","","https://interop.esante.gouv.fr/ig/document-core/StructureDefinition/FRLMDevice {[]} {[]}
","Le participant est un système","Le participant est un système","","","","","","","","","",,,,,"",,,,"FRLMEntry.header.participant[x].participantDevice",0,*,"",""
"FRLMObservationMedia","FRLMObservationMedia.header.informant","FRLMObservationMedia.header.informant","","","",0,*,"","","","https://interop.esante.gouv.fr/ig/document-core/StructureDefinition/FRLMInformant {[]} {[]}
","Informateur","Informateur","","","","","","","","","",,,,,"",,,,"FRLMEntry.header.informant",0,*,"",""
"FRLMObservationMedia","FRLMObservationMedia.header.date","FRLMObservationMedia.header.date","","","",0,1,"","","","dateTime {[]} {[]}
","Date/Heure de création par l'auteur","Date/Heure de création par l'auteur","","","","","","","","","",,,,,"",,,,"FRLMEntry.header.date",0,1,"",""
"FRLMObservationMedia","FRLMObservationMedia.header.status","FRLMObservationMedia.header.status","","","",0,1,"","","","CodeableConcept {[]} {[]}
","Statut","Statut","","","","","","","","","",,,,,"",,,,"FRLMEntry.header.status",0,1,"",""
"FRLMObservationMedia","FRLMObservationMedia.header.source","FRLMObservationMedia.header.source","","","",0,1,"","","","CodeableConcept {[]} {[]}
","Source","Source","","","","","","","","","",,,,,"",,,,"FRLMEntry.header.source",0,1,"",""
"FRLMObservationMedia","FRLMObservationMedia.header.language","FRLMObservationMedia.header.language","","","",0,1,"","","","CodeableConcept {[]} {[]}
","'fr-FR' pour français métropolitain (la casse des caractères doit être respectée)
La partie en minuscules indique le code de la langue utilisée (ISO-639-1)
La partie en majuscules indique le code pays (ISO-3166)","'fr-FR' pour français métropolitain (la casse des caractères doit être respectée)
La partie en minuscules indique le code de la langue utilisée (ISO-639-1)
La partie en majuscules indique le code pays (ISO-3166)","","","","","","","","","",,,,,"",,,,"FRLMEntry.header.language",0,1,"",""
"FRLMObservationMedia","FRLMObservationMedia.content","FRLMObservationMedia.content","","","",1,1,"","","","https://interop.esante.gouv.fr/ig/document-core/StructureDefinition/FRLMAttachment {[]} {[]}
","Image encodée en Base64","Image encodée en Base64","","","","","","","","","",,,,,"",,,,"FRLMObservationMedia.content",1,1,"",""
"FRLMObservationMedia","FRLMObservationMedia.content.header","FRLMObservationMedia.content.header","","","",1,1,"","","","Base {[]} {[]}
","Métadonnées de base","Métadonnées de base","","","","","","","","","",,,,,"",,,,"FRLMEntry.header",1,1,"",""
"FRLMObservationMedia","FRLMObservationMedia.content.header.subject","FRLMObservationMedia.content.header.subject","","","",1,1,"","","","https://interop.esante.gouv.fr/ig/document-core/StructureDefinition/FRLMPatient {[]} {[]}
","Patient / Usager","Patient / Usager","","","","","","","","","",,,,,"",,,,"FRLMEntry.header.subject",1,1,"",""
"FRLMObservationMedia","FRLMObservationMedia.content.header.identifier","FRLMObservationMedia.content.header.identifier","","","",0,*,"","","","Identifier {[]} {[]}
","Identifiant de l’entrée","Identifiant de l’entrée","","","","","","","","","",,,,,"",,,,"FRLMEntry.header.identifier",0,*,"",""
"FRLMObservationMedia","FRLMObservationMedia.content.header.author[x]","FRLMObservationMedia.content.header.author[x]","","","",0,*,"","","","Base {[]} {[]}
","author[x] peut correspondre soit à un professionnel, soit à une organisation, soit à un système.","author[x] peut correspondre soit à un professionnel, soit à une organisation, soit à un système.","","","","","","","","","",,,,,"",,,,"FRLMEntry.header.author[x]",0,*,"",""
"FRLMObservationMedia","FRLMObservationMedia.content.header.author[x].authorProfessional","FRLMObservationMedia.content.header.author[x].authorProfessional","","","",0,*,"","","","https://interop.esante.gouv.fr/ig/document-core/StructureDefinition/FRLMHealthProfessional {[]} {[]}
","L'auteur est un professionnel de santé","L'auteur est un professionnel de santé","","","","","","","","","",,,,,"",,,,"FRLMEntry.header.author[x].authorProfessional",0,*,"",""
"FRLMObservationMedia","FRLMObservationMedia.content.header.author[x].authorOrganisation","FRLMObservationMedia.content.header.author[x].authorOrganisation","","","",0,*,"","","","https://interop.esante.gouv.fr/ig/document-core/StructureDefinition/FRLMOrganisation {[]} {[]}
","L'auteur est une organisation","L'auteur est une organisation","","","","","","","","","",,,,,"",,,,"FRLMEntry.header.author[x].authorOrganisation",0,*,"",""
"FRLMObservationMedia","FRLMObservationMedia.content.header.author[x].authorDevice","FRLMObservationMedia.content.header.author[x].authorDevice","","","",0,*,"","","","https://interop.esante.gouv.fr/ig/document-core/StructureDefinition/FRLMDevice {[]} {[]}
","L'auteur est un système","L'auteur est un système","","","","","","","","","",,,,,"",,,,"FRLMEntry.header.author[x].authorDevice",0,*,"",""
"FRLMObservationMedia","FRLMObservationMedia.content.header.performer[x]","FRLMObservationMedia.content.header.performer[x]","","","",0,*,"","","","https://interop.esante.gouv.fr/ig/document-core/StructureDefinition/FRLMHealthProfessional {[]} {[]}
https://interop.esante.gouv.fr/ig/document-core/StructureDefinition/FRLMOrganisation {[]} {[]}","Exécutant (performer)","Exécutant (performer)","","","","","","","","","",,,,,"",,,,"FRLMEntry.header.performer[x]",0,*,"",""
"FRLMObservationMedia","FRLMObservationMedia.content.header.participant[x]","FRLMObservationMedia.content.header.participant[x]","","","",0,*,"","","","Base {[]} {[]}
","Participant","Participant","","","","","","","","","",,,,,"",,,,"FRLMEntry.header.participant[x]",0,*,"",""
"FRLMObservationMedia","FRLMObservationMedia.content.header.participant[x].participantProfessional","FRLMObservationMedia.content.header.participant[x].participantProfessional","","","",0,*,"","","","https://interop.esante.gouv.fr/ig/document-core/StructureDefinition/FRLMHealthProfessional {[]} {[]}
","Le participant est un professionnel de santé","Le participant est un professionnel de santé","","","","","","","","","",,,,,"",,,,"FRLMEntry.header.participant[x].participantProfessional",0,*,"",""
"FRLMObservationMedia","FRLMObservationMedia.content.header.participant[x].participantOrganisation","FRLMObservationMedia.content.header.participant[x].participantOrganisation","","","",0,*,"","","","https://interop.esante.gouv.fr/ig/document-core/StructureDefinition/FRLMOrganisation {[]} {[]}
","Le participant est une organisation","Le participant est une organisation","","","","","","","","","",,,,,"",,,,"FRLMEntry.header.participant[x].participantOrganisation",0,*,"",""
"FRLMObservationMedia","FRLMObservationMedia.content.header.participant[x].participantDevice","FRLMObservationMedia.content.header.participant[x].participantDevice","","","",0,*,"","","","https://interop.esante.gouv.fr/ig/document-core/StructureDefinition/FRLMDevice {[]} {[]}
","Le participant est un système","Le participant est un système","","","","","","","","","",,,,,"",,,,"FRLMEntry.header.participant[x].participantDevice",0,*,"",""
"FRLMObservationMedia","FRLMObservationMedia.content.header.informant","FRLMObservationMedia.content.header.informant","","","",0,*,"","","","https://interop.esante.gouv.fr/ig/document-core/StructureDefinition/FRLMInformant {[]} {[]}
","Informateur","Informateur","","","","","","","","","",,,,,"",,,,"FRLMEntry.header.informant",0,*,"",""
"FRLMObservationMedia","FRLMObservationMedia.content.header.date","FRLMObservationMedia.content.header.date","","","",0,1,"","","","dateTime {[]} {[]}
","Date/Heure de création par l'auteur","Date/Heure de création par l'auteur","","","","","","","","","",,,,,"",,,,"FRLMEntry.header.date",0,1,"",""
"FRLMObservationMedia","FRLMObservationMedia.content.header.status","FRLMObservationMedia.content.header.status","","","",0,1,"","","","CodeableConcept {[]} {[]}
","Statut","Statut","","","","","","","","","",,,,,"",,,,"FRLMEntry.header.status",0,1,"",""
"FRLMObservationMedia","FRLMObservationMedia.content.header.source","FRLMObservationMedia.content.header.source","","","",0,1,"","","","CodeableConcept {[]} {[]}
","Source","Source","","","","","","","","","",,,,,"",,,,"FRLMEntry.header.source",0,1,"",""
"FRLMObservationMedia","FRLMObservationMedia.content.header.language","FRLMObservationMedia.content.header.language","","","",0,1,"","","","CodeableConcept {[]} {[]}
","'fr-FR' pour français métropolitain (la casse des caractères doit être respectée)
La partie en minuscules indique le code de la langue utilisée (ISO-639-1)
La partie en majuscules indique le code pays (ISO-3166)","'fr-FR' pour français métropolitain (la casse des caractères doit être respectée)
La partie en minuscules indique le code de la langue utilisée (ISO-639-1)
La partie en majuscules indique le code pays (ISO-3166)","","","","","","","","","",,,,,"",,,,"FRLMEntry.header.language",0,1,"",""
"FRLMObservationMedia","FRLMObservationMedia.content.contentType","FRLMObservationMedia.content.contentType","","","",1,1,"","","","CodeableConcept {[]} {[]}
","Type MIME de la piece jointe, avec encodage de caracteres, etc.","Type MIME de la piece jointe, avec encodage de caracteres, etc.","","","","","","","","","",,"preferred","(preferred): BCP-13","","",,,,"FRLMAttachment.contentType",0,1,"",""
"FRLMObservationMedia","FRLMObservationMedia.content.language","FRLMObservationMedia.content.language","","","",0,1,"","","","CodeableConcept {[]} {[]}
","Langue du contenu","Langue du contenu","","","","","","","","","",,"preferred","(preferred): BCP 47","","",,,,"FRLMAttachment.language",0,1,"",""
"FRLMObservationMedia","FRLMObservationMedia.content.data","FRLMObservationMedia.content.data","","","",1,1,"","","","base64Binary {[]} {[]}
","Contenu encode en base64","Contenu encode en base64","","","","","","","","","",,,,,"",,,,"FRLMAttachment.data",0,1,"",""
"FRLMObservationMedia","FRLMObservationMedia.content.url","FRLMObservationMedia.content.url","","","",0,1,"","","","uri {[]} {[]}
","URL de la ressource","URL de la ressource","","","","","","","","","",,,,,"",,,,"FRLMAttachment.url",0,1,"",""
"FRLMObservationMedia","FRLMObservationMedia.content.size","FRLMObservationMedia.content.size","","","",0,1,"","","","unsignedInt {[]} {[]}
","Taille de la piece jointe avant encodage en base64","Taille de la piece jointe avant encodage en base64","","","","","","","","","",,,,,"",,,,"FRLMAttachment.size",0,1,"",""
"FRLMObservationMedia","FRLMObservationMedia.content.title","FRLMObservationMedia.content.title","","","",0,1,"","","","string {[]} {[]}
","Titre de la piece jointe","Titre de la piece jointe","","","","","","","","","",,,,,"",,,,"FRLMAttachment.title",0,1,"",""
"FRLMObservationMedia","FRLMObservationMedia.subject[x]","FRLMObservationMedia.subject[x]","","","",1,1,"","","","Reference {[]} {[CanonicalType[https://interop.esante.gouv.fr/ig/document-core/StructureDefinition/FRLMPatient|0.1.0], CanonicalType[https://interop.esante.gouv.fr/ig/document-core/StructureDefinition/FRLMSpecimen|0.1.0]]}
","Patient ou spécimen concerné par l’image","Patient ou spécimen concerné par l’image","","","","","","","","","",,,,,"",,,,"FRLMObservationMedia.subject[x]",1,1,"",""
"FRLMObservationMedia","FRLMObservationMedia.note","FRLMObservationMedia.note","","","",0,*,"","","","string {[]} {[]}
","Précondition","Précondition","","","","","","","","","",,,,,"",,,,"FRLMObservationMedia.note",0,*,"",""
"FRLMObservationResults","FRLMObservationResults","FRLMObservationResults","","","",0,*,"","","","null {[]} {[]}
","Logical model - FR LM ObservationResults","Section Résultats","","","","","","","","","",,,,,"",,,,"Base",0,*,"",""
"FRLMObservationResults","FRLMObservationResults.codeSection","FRLMObservationResults.codeSection","","","",1,1,"","","","CodeableConcept {[]} {[]}
","Code de la section","Code de la section","","","","","","","","","",,,,,"",,,,"FRLMSection.codeSection",1,1,"",""
"FRLMObservationResults","FRLMObservationResults.titleSection","FRLMObservationResults.titleSection","","","",1,1,"","","","string {[]} {[]}
","Titre de la section","Titre de la section","","","","","","","","","",,,,,"",,,,"FRLMSection.titleSection",0,1,"",""
"FRLMObservationResults","FRLMObservationResults.description","FRLMObservationResults.description","","","",1,1,"","","","string {[]} {[]}
","Bloc narratif","Bloc narratif","","","","","","","","","",,,,,"",,,,"FRLMSection.description",1,1,"",""
"FRLMObservationResults","FRLMObservationResults.author[x]","FRLMObservationResults.author[x]","","","",0,*,"","","","Base {[]} {[]}
","author[x] peut correspondre soit à un professionnel, soit à une organisation, soit à un système.","author[x] peut correspondre soit à un professionnel, soit à une organisation, soit à un système.","","","","","","","","","",,,,,"",,,,"FRLMSection.author[x]",0,*,"",""
"FRLMObservationResults","FRLMObservationResults.author[x].authorProfessional","FRLMObservationResults.author[x].authorProfessional","","","",0,*,"","","","https://interop.esante.gouv.fr/ig/document-core/StructureDefinition/FRLMHealthProfessional {[]} {[]}
","L'auteur est un professionnel de santé","L'auteur est un professionnel de santé","","","","","","","","","",,,,,"",,,,"FRLMSection.author[x].authorProfessional",0,*,"",""
"FRLMObservationResults","FRLMObservationResults.author[x].authorOrganisation","FRLMObservationResults.author[x].authorOrganisation","","","",0,*,"","","","https://interop.esante.gouv.fr/ig/document-core/StructureDefinition/FRLMOrganisation {[]} {[]}
","L'auteur est une organisation","L'auteur est une organisation","","","","","","","","","",,,,,"",,,,"FRLMSection.author[x].authorOrganisation",0,*,"",""
"FRLMObservationResults","FRLMObservationResults.author[x].authorDevice","FRLMObservationResults.author[x].authorDevice","","","",0,*,"","","","https://interop.esante.gouv.fr/ig/document-core/StructureDefinition/FRLMDevice {[]} {[]}
","L'auteur est un système","L'auteur est un système","","","","","","","","","",,,,,"",,,,"FRLMSection.author[x].authorDevice",0,*,"",""
"FRLMObservationResults","FRLMObservationResults.informant","FRLMObservationResults.informant","","","",0,*,"","","","https://interop.esante.gouv.fr/ig/document-core/StructureDefinition/FRLMInformant {[]} {[]}
","Informateur","Informateur","","","","","","","","","",,,,,"",,,,"FRLMSection.informant",0,*,"",""
"FRLMObservationResults","FRLMObservationResults.subSection","FRLMObservationResults.subSection","","","",0,0,"","","","Base {[]} {[]}
","Sous-sections","Sous-sections","","","","","","","","","",,,,,"",,,,"FRLMSection.subSection",0,*,"",""
"FRLMObservationResults","FRLMObservationResults.entry","FRLMObservationResults.entry","","","",0,*,"","","","Base {[]} {[]}
","Entrées","Entrées","","","","","","","","","",,,,,"",,,,"FRLMSection.entry",0,*,"",""
"FRLMObservationResults","FRLMObservationResults.entry.observationResult","FRLMObservationResults.entry.observationResult","","","",0,*,"","","","https://interop.esante.gouv.fr/ig/document-core/StructureDefinition/FRLMObservation {[]} {[]}
","Entrée Resultats","Entrée Resultats","","","","","","","","","",,,,,"",,,,"FRLMObservationResults.entry.observationResult",0,*,"",""
"FRLMObservationSocialHistory","FRLMObservationSocialHistory","FRLMObservationSocialHistory","","","",0,*,"","","","null {[]} {[]}
","Logical model- FR LM Observation Social History","Habitus Mode de vie","","","","","","","","","",,,,,"",,,,"Base",0,*,"",""
"FRLMObservationSocialHistory","FRLMObservationSocialHistory.header","FRLMObservationSocialHistory.header","","","",1,1,"","","","Base {[]} {[]}
","Métadonnées de base","Métadonnées de base","","","","","","","","","",,,,,"",,,,"FRLMEntry.header",1,1,"",""
"FRLMObservationSocialHistory","FRLMObservationSocialHistory.header.subject","FRLMObservationSocialHistory.header.subject","","","",1,1,"","","","https://interop.esante.gouv.fr/ig/document-core/StructureDefinition/FRLMPatient {[]} {[]}
","Patient / Usager","Patient / Usager","","","","","","","","","",,,,,"",,,,"FRLMEntry.header.subject",1,1,"",""
"FRLMObservationSocialHistory","FRLMObservationSocialHistory.header.identifier","FRLMObservationSocialHistory.header.identifier","","","",0,*,"","","","Identifier {[]} {[]}
","Identifiant de l’entrée","Identifiant de l’entrée","","","","","","","","","",,,,,"",,,,"FRLMEntry.header.identifier",0,*,"",""
"FRLMObservationSocialHistory","FRLMObservationSocialHistory.header.author[x]","FRLMObservationSocialHistory.header.author[x]","","","",0,*,"","","","Base {[]} {[]}
","author[x] peut correspondre soit à un professionnel, soit à une organisation, soit à un système.","author[x] peut correspondre soit à un professionnel, soit à une organisation, soit à un système.","","","","","","","","","",,,,,"",,,,"FRLMEntry.header.author[x]",0,*,"",""
"FRLMObservationSocialHistory","FRLMObservationSocialHistory.header.author[x].authorProfessional","FRLMObservationSocialHistory.header.author[x].authorProfessional","","","",0,*,"","","","https://interop.esante.gouv.fr/ig/document-core/StructureDefinition/FRLMHealthProfessional {[]} {[]}
","L'auteur est un professionnel de santé","L'auteur est un professionnel de santé","","","","","","","","","",,,,,"",,,,"FRLMEntry.header.author[x].authorProfessional",0,*,"",""
"FRLMObservationSocialHistory","FRLMObservationSocialHistory.header.author[x].authorOrganisation","FRLMObservationSocialHistory.header.author[x].authorOrganisation","","","",0,*,"","","","https://interop.esante.gouv.fr/ig/document-core/StructureDefinition/FRLMOrganisation {[]} {[]}
","L'auteur est une organisation","L'auteur est une organisation","","","","","","","","","",,,,,"",,,,"FRLMEntry.header.author[x].authorOrganisation",0,*,"",""
"FRLMObservationSocialHistory","FRLMObservationSocialHistory.header.author[x].authorDevice","FRLMObservationSocialHistory.header.author[x].authorDevice","","","",0,*,"","","","https://interop.esante.gouv.fr/ig/document-core/StructureDefinition/FRLMDevice {[]} {[]}
","L'auteur est un système","L'auteur est un système","","","","","","","","","",,,,,"",,,,"FRLMEntry.header.author[x].authorDevice",0,*,"",""
"FRLMObservationSocialHistory","FRLMObservationSocialHistory.header.performer[x]","FRLMObservationSocialHistory.header.performer[x]","","","",0,*,"","","","https://interop.esante.gouv.fr/ig/document-core/StructureDefinition/FRLMHealthProfessional {[]} {[]}
https://interop.esante.gouv.fr/ig/document-core/StructureDefinition/FRLMOrganisation {[]} {[]}","Exécutant (performer)","Exécutant (performer)","","","","","","","","","",,,,,"",,,,"FRLMEntry.header.performer[x]",0,*,"",""
"FRLMObservationSocialHistory","FRLMObservationSocialHistory.header.participant[x]","FRLMObservationSocialHistory.header.participant[x]","","","",0,*,"","","","Base {[]} {[]}
","Participant","Participant","","","","","","","","","",,,,,"",,,,"FRLMEntry.header.participant[x]",0,*,"",""
"FRLMObservationSocialHistory","FRLMObservationSocialHistory.header.participant[x].participantProfessional","FRLMObservationSocialHistory.header.participant[x].participantProfessional","","","",0,*,"","","","https://interop.esante.gouv.fr/ig/document-core/StructureDefinition/FRLMHealthProfessional {[]} {[]}
","Le participant est un professionnel de santé","Le participant est un professionnel de santé","","","","","","","","","",,,,,"",,,,"FRLMEntry.header.participant[x].participantProfessional",0,*,"",""
"FRLMObservationSocialHistory","FRLMObservationSocialHistory.header.participant[x].participantOrganisation","FRLMObservationSocialHistory.header.participant[x].participantOrganisation","","","",0,*,"","","","https://interop.esante.gouv.fr/ig/document-core/StructureDefinition/FRLMOrganisation {[]} {[]}
","Le participant est une organisation","Le participant est une organisation","","","","","","","","","",,,,,"",,,,"FRLMEntry.header.participant[x].participantOrganisation",0,*,"",""
"FRLMObservationSocialHistory","FRLMObservationSocialHistory.header.participant[x].participantDevice","FRLMObservationSocialHistory.header.participant[x].participantDevice","","","",0,*,"","","","https://interop.esante.gouv.fr/ig/document-core/StructureDefinition/FRLMDevice {[]} {[]}
","Le participant est un système","Le participant est un système","","","","","","","","","",,,,,"",,,,"FRLMEntry.header.participant[x].participantDevice",0,*,"",""
"FRLMObservationSocialHistory","FRLMObservationSocialHistory.header.informant","FRLMObservationSocialHistory.header.informant","","","",0,*,"","","","https://interop.esante.gouv.fr/ig/document-core/StructureDefinition/FRLMInformant {[]} {[]}
","Informateur","Informateur","","","","","","","","","",,,,,"",,,,"FRLMEntry.header.informant",0,*,"",""
"FRLMObservationSocialHistory","FRLMObservationSocialHistory.header.date","FRLMObservationSocialHistory.header.date","","","",0,1,"","","","dateTime {[]} {[]}
","Date/Heure de création par l'auteur","Date/Heure de création par l'auteur","","","","","","","","","",,,,,"",,,,"FRLMEntry.header.date",0,1,"",""
"FRLMObservationSocialHistory","FRLMObservationSocialHistory.header.status","FRLMObservationSocialHistory.header.status","","","",1,1,"","","","CodeableConcept {[]} {[]}
","Statut","Statut","","","","","","","","","",,,,,"",,,,"FRLMEntry.header.status",0,1,"",""
"FRLMObservationSocialHistory","FRLMObservationSocialHistory.header.source","FRLMObservationSocialHistory.header.source","","","",0,1,"","","","CodeableConcept {[]} {[]}
","Source","Source","","","","","","","","","",,,,,"",,,,"FRLMEntry.header.source",0,1,"",""
"FRLMObservationSocialHistory","FRLMObservationSocialHistory.header.language","FRLMObservationSocialHistory.header.language","","","",0,1,"","","","CodeableConcept {[]} {[]}
","'fr-FR' pour français métropolitain (la casse des caractères doit être respectée)
La partie en minuscules indique le code de la langue utilisée (ISO-639-1)
La partie en majuscules indique le code pays (ISO-3166)","'fr-FR' pour français métropolitain (la casse des caractères doit être respectée)
La partie en minuscules indique le code de la langue utilisée (ISO-639-1)
La partie en majuscules indique le code pays (ISO-3166)","","","","","","","","","",,,,,"",,,,"FRLMEntry.header.language",0,1,"",""
"FRLMObservationSocialHistory","FRLMObservationSocialHistory.observationDate[x]","FRLMObservationSocialHistory.observationDate[x]","","","",1,1,"","","","dateTime {[]} {[]}
Period {[]} {[]}","date de l'observation","date de l'observation","","","","","","","","","",,,,,"",,,,"FRLMObservationSocialHistory.observationDate[x]",1,1,"",""
"FRLMObservationSocialHistory","FRLMObservationSocialHistory.type","FRLMObservationSocialHistory.type","","","",1,1,"","","","CodeableConcept {[]} {[]}
","Type d'observation","Type d'observation","","","","","","","","","",,"required","jdv-social-history-code-cisis (1.2.250.1.213.1.1.4.2.283.4)","https://smt.esante.gouv.fr/fhir/ValueSet/jdv-social-history-code-cisis|20260619134042","",,,,"FRLMObservationSocialHistory.type",1,1,"",""
"FRLMObservationSocialHistory","FRLMObservationSocialHistory.result","FRLMObservationSocialHistory.result","","","",1,1,"","","","CodeableConcept {[]} {[]}
","Résultat de l’observation effectuée : 
- Statut tabagique : jdv-statut-tabagique-cisis (1.2.250.1.213.1.1.5.667)
- Consommation tabagique : {pack}/d ou {pack}/wk ou {pack}/a ou {cigarette}/d ou {cigarette}/wk ou {cigarette}/a
- Consommation d’alcool : {drink}/d or {drink}/wk
- Consommation de drogue non médicale : SNOMED CT concepts de la sous-hiérarchie 418149003 | substance psychoactive (substance)
- Exercice physique : {times}/wk
- Régime : LOINC Answer List LL3984-
- Statut d'emploi : jdv-hl7-v2-0066-cisis (2.16.840.1.113883.21.29)","Résultat de l’observation effectuée : 
- Statut tabagique : jdv-statut-tabagique-cisis (1.2.250.1.213.1.1.5.667)
- Consommation tabagique : {pack}/d ou {pack}/wk ou {pack}/a ou {cigarette}/d ou {cigarette}/wk ou {cigarette}/a
- Consommation d’alcool : {drink}/d or {drink}/wk
- Consommation de drogue non médicale : SNOMED CT concepts de la sous-hiérarchie 418149003 | substance psychoactive (substance)
- Exercice physique : {times}/wk
- Régime : LOINC Answer List LL3984-
- Statut d'emploi : jdv-hl7-v2-0066-cisis (2.16.840.1.113883.21.29)","","","","","","","","","",,,,,"",,,,"FRLMObservationSocialHistory.result",1,1,"",""
"FRLMObservationSocialHistory","FRLMObservationSocialHistory.note","FRLMObservationSocialHistory.note","","","",0,1,"","","","string {[]} {[]}
","Commentaire","Commentaire","","","","","","","","","",,,,,"",,,,"FRLMObservationSocialHistory.note",0,1,"",""
"FRLMObservationVitalSign","FRLMObservationVitalSign","FRLMObservationVitalSign","","","",0,*,"","","","null {[]} {[]}
","Logical model - FR LM Observation Vital Sign","Signe vital observé","","","","","","","","","",,,,,"",,,,"Base",0,*,"",""
"FRLMObservationVitalSign","FRLMObservationVitalSign.header","FRLMObservationVitalSign.header","","","",1,1,"","","","Base {[]} {[]}
","Métadonnées de base","Métadonnées de base","","","","","","","","","",,,,,"",,,,"FRLMEntry.header",1,1,"",""
"FRLMObservationVitalSign","FRLMObservationVitalSign.header.subject","FRLMObservationVitalSign.header.subject","","","",1,1,"","","","https://interop.esante.gouv.fr/ig/document-core/StructureDefinition/FRLMPatient {[]} {[]}
","Patient / Usager","Patient / Usager","","","","","","","","","",,,,,"",,,,"FRLMEntry.header.subject",1,1,"",""
"FRLMObservationVitalSign","FRLMObservationVitalSign.header.identifier","FRLMObservationVitalSign.header.identifier","","","",0,*,"","","","Identifier {[]} {[]}
","Identifiant de l’entrée","Identifiant de l’entrée","","","","","","","","","",,,,,"",,,,"FRLMEntry.header.identifier",0,*,"",""
"FRLMObservationVitalSign","FRLMObservationVitalSign.header.author[x]","FRLMObservationVitalSign.header.author[x]","","","",0,*,"","","","Base {[]} {[]}
","author[x] peut correspondre soit à un professionnel, soit à une organisation, soit à un système.","author[x] peut correspondre soit à un professionnel, soit à une organisation, soit à un système.","","","","","","","","","",,,,,"",,,,"FRLMEntry.header.author[x]",0,*,"",""
"FRLMObservationVitalSign","FRLMObservationVitalSign.header.author[x].authorProfessional","FRLMObservationVitalSign.header.author[x].authorProfessional","","","",0,*,"","","","https://interop.esante.gouv.fr/ig/document-core/StructureDefinition/FRLMHealthProfessional {[]} {[]}
","L'auteur est un professionnel de santé","L'auteur est un professionnel de santé","","","","","","","","","",,,,,"",,,,"FRLMEntry.header.author[x].authorProfessional",0,*,"",""
"FRLMObservationVitalSign","FRLMObservationVitalSign.header.author[x].authorOrganisation","FRLMObservationVitalSign.header.author[x].authorOrganisation","","","",0,*,"","","","https://interop.esante.gouv.fr/ig/document-core/StructureDefinition/FRLMOrganisation {[]} {[]}
","L'auteur est une organisation","L'auteur est une organisation","","","","","","","","","",,,,,"",,,,"FRLMEntry.header.author[x].authorOrganisation",0,*,"",""
"FRLMObservationVitalSign","FRLMObservationVitalSign.header.author[x].authorDevice","FRLMObservationVitalSign.header.author[x].authorDevice","","","",0,*,"","","","https://interop.esante.gouv.fr/ig/document-core/StructureDefinition/FRLMDevice {[]} {[]}
","L'auteur est un système","L'auteur est un système","","","","","","","","","",,,,,"",,,,"FRLMEntry.header.author[x].authorDevice",0,*,"",""
"FRLMObservationVitalSign","FRLMObservationVitalSign.header.performer[x]","FRLMObservationVitalSign.header.performer[x]","","","",0,*,"","","","https://interop.esante.gouv.fr/ig/document-core/StructureDefinition/FRLMHealthProfessional {[]} {[]}
https://interop.esante.gouv.fr/ig/document-core/StructureDefinition/FRLMOrganisation {[]} {[]}","Exécutant (performer)","Exécutant (performer)","","","","","","","","","",,,,,"",,,,"FRLMEntry.header.performer[x]",0,*,"",""
"FRLMObservationVitalSign","FRLMObservationVitalSign.header.participant[x]","FRLMObservationVitalSign.header.participant[x]","","","",0,*,"","","","Base {[]} {[]}
","Participant","Participant","","","","","","","","","",,,,,"",,,,"FRLMEntry.header.participant[x]",0,*,"",""
"FRLMObservationVitalSign","FRLMObservationVitalSign.header.participant[x].participantProfessional","FRLMObservationVitalSign.header.participant[x].participantProfessional","","","",0,*,"","","","https://interop.esante.gouv.fr/ig/document-core/StructureDefinition/FRLMHealthProfessional {[]} {[]}
","Le participant est un professionnel de santé","Le participant est un professionnel de santé","","","","","","","","","",,,,,"",,,,"FRLMEntry.header.participant[x].participantProfessional",0,*,"",""
"FRLMObservationVitalSign","FRLMObservationVitalSign.header.participant[x].participantOrganisation","FRLMObservationVitalSign.header.participant[x].participantOrganisation","","","",0,*,"","","","https://interop.esante.gouv.fr/ig/document-core/StructureDefinition/FRLMOrganisation {[]} {[]}
","Le participant est une organisation","Le participant est une organisation","","","","","","","","","",,,,,"",,,,"FRLMEntry.header.participant[x].participantOrganisation",0,*,"",""
"FRLMObservationVitalSign","FRLMObservationVitalSign.header.participant[x].participantDevice","FRLMObservationVitalSign.header.participant[x].participantDevice","","","",0,*,"","","","https://interop.esante.gouv.fr/ig/document-core/StructureDefinition/FRLMDevice {[]} {[]}
","Le participant est un système","Le participant est un système","","","","","","","","","",,,,,"",,,,"FRLMEntry.header.participant[x].participantDevice",0,*,"",""
"FRLMObservationVitalSign","FRLMObservationVitalSign.header.informant","FRLMObservationVitalSign.header.informant","","","",0,*,"","","","https://interop.esante.gouv.fr/ig/document-core/StructureDefinition/FRLMInformant {[]} {[]}
","Informateur","Informateur","","","","","","","","","",,,,,"",,,,"FRLMEntry.header.informant",0,*,"",""
"FRLMObservationVitalSign","FRLMObservationVitalSign.header.date","FRLMObservationVitalSign.header.date","","","",0,1,"","","","dateTime {[]} {[]}
","Date/Heure de création par l'auteur","Date/Heure de création par l'auteur","","","","","","","","","",,,,,"",,,,"FRLMEntry.header.date",0,1,"",""
"FRLMObservationVitalSign","FRLMObservationVitalSign.header.status","FRLMObservationVitalSign.header.status","","","",1,1,"","","","CodeableConcept {[]} {[]}
","Statut","Statut","","","","","","","","","",,,,,"",,,,"FRLMEntry.header.status",0,1,"",""
"FRLMObservationVitalSign","FRLMObservationVitalSign.header.source","FRLMObservationVitalSign.header.source","","","",0,1,"","","","CodeableConcept {[]} {[]}
","Source","Source","","","","","","","","","",,,,,"",,,,"FRLMEntry.header.source",0,1,"",""
"FRLMObservationVitalSign","FRLMObservationVitalSign.header.language","FRLMObservationVitalSign.header.language","","","",0,1,"","","","CodeableConcept {[]} {[]}
","'fr-FR' pour français métropolitain (la casse des caractères doit être respectée)
La partie en minuscules indique le code de la langue utilisée (ISO-639-1)
La partie en majuscules indique le code pays (ISO-3166)","'fr-FR' pour français métropolitain (la casse des caractères doit être respectée)
La partie en minuscules indique le code de la langue utilisée (ISO-639-1)
La partie en majuscules indique le code pays (ISO-3166)","","","","","","","","","",,,,,"",,,,"FRLMEntry.header.language",0,1,"",""
"FRLMObservationVitalSign","FRLMObservationVitalSign.observationDate[x]","FRLMObservationVitalSign.observationDate[x]","","","",1,1,"","","","dateTime {[]} {[]}
Period {[]} {[]}","date de l'observation","date de l'observation","","","","","","","","","",,,,,"",,,,"FRLMObservationVitalSign.observationDate[x]",1,1,"",""
"FRLMObservationVitalSign","FRLMObservationVitalSign.type","FRLMObservationVitalSign.type","","","",1,1,"","","","CodeableConcept {[]} {[]}
","Type d'observation","Type d'observation","","","","","","","","","",,"required","Valeur issue du jdv-signe-vital-cisis (1.2.250.1.213.1.1.5.171)","https://smt.esante.gouv.fr/fhir/ValueSet/jdv-signe-vital-cisis|20260619134043","",,,,"FRLMObservationVitalSign.type",1,1,"",""
"FRLMObservationVitalSign","FRLMObservationVitalSign.method","FRLMObservationVitalSign.method","","","",0,1,"","","","CodeableConcept {[]} {[]}
","Méthode utilisée pour l'observation","Méthode utilisée pour l'observation","","","","","","","","","",,,,,"",,,,"FRLMObservationVitalSign.method",0,1,"",""
"FRLMObservationVitalSign","FRLMObservationVitalSign.bodySite","FRLMObservationVitalSign.bodySite","","","",0,1,"","","","https://interop.esante.gouv.fr/ig/document-core/StructureDefinition/FRLMBodyStructure {[]} {[]}
","Site de l'observation","Site de l'observation","","","","","","","","","",,,,,"",,,,"FRLMObservationVitalSign.bodySite",0,1,"",""
"FRLMObservationVitalSign","FRLMObservationVitalSign.result","FRLMObservationVitalSign.result","","","",1,1,"","","","CodeableConcept {[]} {[]}
","Résultat de l'observation effectuée: unité de la mesure codée à partir de UCUM (2.16.840.1.113883.6.8)","Résultat de l'observation effectuée: unité de la mesure codée à partir de UCUM (2.16.840.1.113883.6.8)","","","","","","","","","",,,,,"",,,,"FRLMObservationVitalSign.result",1,1,"",""
"FRLMObservationVitalSign","FRLMObservationVitalSign.interpretation","FRLMObservationVitalSign.interpretation","","","",0,*,"","","","CodeableConcept {[]} {[]}
","Interprétation","Interprétation","","","","","","","","","",,"required","Valeur issue du jdv-hl7-v3-ObservationInterpretation-cisis (2.16.840.1.113883.1.113883.5.1170)","https://smt.esante.gouv.fr/fhir/ValueSet/jdv-hl7-v3-ObservationInterpretation-cisis|20260619134042","",,,,"FRLMObservationVitalSign.interpretation",0,*,"",""
"FRLMObservationVitalSign","FRLMObservationVitalSign.note","FRLMObservationVitalSign.note","","","",0,1,"","","","string {[]} {[]}
","Commentaire","Commentaire","","","","","","","","","",,,,,"",,,,"FRLMObservationVitalSign.note",0,1,"",""
"FRLMOrder","FRLMOrder","FRLMOrder","","","",0,*,"","","","null {[]} {[]}
","Logical model - FR LM Order","Association to an order that is the origin of the act resulting in the document.","","","","","","","","","",,,,,"",,,,"Base",0,*,"",""
"FRLMOrder","FRLMOrder.orderId","FRLMOrder.orderId","","","",1,1,"","","","Identifier {[]} {[]}
","Identifiant de la demande.","Identifiant de la demande.","","","","","","","","","",,,,,"",,,,"FRLMOrder.orderId",1,1,"",""
"FRLMOrder","FRLMOrder.accessionNumber","FRLMOrder.accessionNumber","","","",0,1,"","","","Identifier {[]} {[]}
","Accession Number (Spécifique à l’imagerie).","Accession Number (Spécifique à l’imagerie).","","","","","","","","","",,,,,"",,,,"FRLMOrder.accessionNumber",0,1,"",""
"FRLMOrder","FRLMOrder.orderDateAndTime","FRLMOrder.orderDateAndTime","","","",0,1,"","","","dateTime {[]} {[]}
","Date et heure de la demande.","Date et heure de la demande.","","","","","","","","","",,,,,"",,,,"FRLMOrder.orderDateAndTime",0,1,"",""
"FRLMOrder","FRLMOrder.orderPlacer[x]","FRLMOrder.orderPlacer[x]","","","",0,1,"","","","https://interop.esante.gouv.fr/ig/document-core/StructureDefinition/FRLMHealthProfessional {[]} {[]}
https://interop.esante.gouv.fr/ig/document-core/StructureDefinition/FRLMOrganisation {[]} {[]}https://interop.esante.gouv.fr/ig/document-core/StructureDefinition/FRLMPatient {[]} {[]}","La personne/l'organisation à l'origine de la demande.","La personne/l'organisation à l'origine de la demande.","","","","","","","","","",,,,,"",,,,"FRLMOrder.orderPlacer[x]",0,1,"",""
"FRLMOrder","FRLMOrder.orderReason[x]","FRLMOrder.orderReason[x]","","","",0,*,"","","","CodeableConcept {[]} {[]}
https://interop.esante.gouv.fr/ig/document-core/StructureDefinition/FRLMCondition {[]} {[]}https://interop.esante.gouv.fr/ig/document-core/StructureDefinition/FRLMObservation {[]} {[]}","Motif de la demande.","Motif de la demande.","","","","","","","","","",,,,,"",,,,"FRLMOrder.orderReason[x]",0,*,"",""
"FRLMOrderInformation","FRLMOrderInformation","FRLMOrderInformation","","","",0,*,"","","","null {[]} {[]}
","Logical model - FR LM Order Information","Section Demande d'examen d'imagerie","","","","","","","","","",,,,,"",,,,"Base",0,*,"",""
"FRLMOrderInformation","FRLMOrderInformation.codeSection","FRLMOrderInformation.codeSection","","","",1,1,"","","","CodeableConcept {[]} {[]}
","Code de la section","Code de la section","","","","","","","","","",,,,,"",,,,"FRLMSection.codeSection",1,1,"",""
"FRLMOrderInformation","FRLMOrderInformation.titleSection","FRLMOrderInformation.titleSection","","","",1,1,"","","","string {[]} {[]}
","Titre de la section","Titre de la section","","","","","","","","","",,,,,"",,,,"FRLMSection.titleSection",0,1,"",""
"FRLMOrderInformation","FRLMOrderInformation.description","FRLMOrderInformation.description","","","",1,1,"","","","string {[]} {[]}
","Bloc narratif","Bloc narratif","","","","","","","","","",,,,,"",,,,"FRLMSection.description",1,1,"",""
"FRLMOrderInformation","FRLMOrderInformation.author[x]","FRLMOrderInformation.author[x]","","","",0,*,"","","","Base {[]} {[]}
","author[x] peut correspondre soit à un professionnel, soit à une organisation, soit à un système.","author[x] peut correspondre soit à un professionnel, soit à une organisation, soit à un système.","","","","","","","","","",,,,,"",,,,"FRLMSection.author[x]",0,*,"",""
"FRLMOrderInformation","FRLMOrderInformation.author[x].authorProfessional","FRLMOrderInformation.author[x].authorProfessional","","","",0,*,"","","","https://interop.esante.gouv.fr/ig/document-core/StructureDefinition/FRLMHealthProfessional {[]} {[]}
","L'auteur est un professionnel de santé","L'auteur est un professionnel de santé","","","","","","","","","",,,,,"",,,,"FRLMSection.author[x].authorProfessional",0,*,"",""
"FRLMOrderInformation","FRLMOrderInformation.author[x].authorOrganisation","FRLMOrderInformation.author[x].authorOrganisation","","","",0,*,"","","","https://interop.esante.gouv.fr/ig/document-core/StructureDefinition/FRLMOrganisation {[]} {[]}
","L'auteur est une organisation","L'auteur est une organisation","","","","","","","","","",,,,,"",,,,"FRLMSection.author[x].authorOrganisation",0,*,"",""
"FRLMOrderInformation","FRLMOrderInformation.author[x].authorDevice","FRLMOrderInformation.author[x].authorDevice","","","",0,*,"","","","https://interop.esante.gouv.fr/ig/document-core/StructureDefinition/FRLMDevice {[]} {[]}
","L'auteur est un système","L'auteur est un système","","","","","","","","","",,,,,"",,,,"FRLMSection.author[x].authorDevice",0,*,"",""
"FRLMOrderInformation","FRLMOrderInformation.informant","FRLMOrderInformation.informant","","","",0,*,"","","","https://interop.esante.gouv.fr/ig/document-core/StructureDefinition/FRLMInformant {[]} {[]}
","Informateur","Informateur","","","","","","","","","",,,,,"",,,,"FRLMSection.informant",0,*,"",""
"FRLMOrderInformation","FRLMOrderInformation.subSection","FRLMOrderInformation.subSection","","","",0,0,"","","","Base {[]} {[]}
","Sous-sections","Sous-sections","","","","","","","","","",,,,,"",,,,"FRLMSection.subSection",0,*,"",""
"FRLMOrderInformation","FRLMOrderInformation.entry","FRLMOrderInformation.entry","","","",0,*,"","","","Base {[]} {[]}
","Entrées","Entrées","","","","","","","","","",,,,,"",,,,"FRLMSection.entry",0,*,"",""
"FRLMOrderInformation","FRLMOrderInformation.entry.orderInformation","FRLMOrderInformation.entry.orderInformation","","","",0,1,"","","","https://interop.esante.gouv.fr/ig/document-core/StructureDefinition/FRLMServiceRequest {[]} {[]}
","Entrée Demande d'examen d'imagerie","Entrée Demande d'examen d'imagerie","","","","","","","","","",,,,,"",,,,"FRLMOrderInformation.entry.orderInformation",0,1,"",""
"FRLMOrganisation","FRLMOrganisation","FRLMOrganisation","","","",1,1,"","","","null {[]} {[]}
","Logical model - FR LM Organisation","Une structure (organisation) pour les professionnels de santé.","","","","","","","","","",,,,,"",,,,"Base",0,*,"",""
"FRLMOrganisation","FRLMOrganisation.identifier","FRLMOrganisation.identifier","","","",0,*,"","","","Identifier {[]} {[]}
","Identifiant de la structure","Identifiant de la structure","","","","","","","","","",,,,,"",,,,"FRLMOrganisation.identifier",0,*,"",""
"FRLMOrganisation","FRLMOrganisation.type","FRLMOrganisation.type","","","",0,*,"","","","CodeableConcept {[]} {[]}
","Type de structure","Type de structure","","","","","","","","","",,"required","Catégorie d'établissement provenant du jdv FHIR https://smt.esante.gouv.fr/fhir/ValueSet/jdv-j368-categorie-etablissement-cisis","https://smt.esante.gouv.fr/fhir/ValueSet/jdv-j368-categorie-etablissement-cisis|20260505120000","",,,,"FRLMOrganisation.type",0,*,"",""
"FRLMOrganisation","FRLMOrganisation.name","FRLMOrganisation.name","","","",0,1,"","","","string {[]} {[]}
","Nom de la structure","Nom de la structure","","","","","","","","","",,,,,"",,,,"FRLMOrganisation.name",0,1,"",""
"FRLMOrganisation","FRLMOrganisation.address","FRLMOrganisation.address","","","",0,1,"","","","Address {[]} {[]}
","Adresse de la structure","Adresse de la structure","","","","","","","","","",,,,,"",,,,"FRLMOrganisation.address",0,1,"",""
"FRLMOrganisation","FRLMOrganisation.telecom","FRLMOrganisation.telecom","","","",0,*,"","","","ContactPoint {[]} {[]}
","Coordonnées télécom","Coordonnées télécom","","","","","","","","","",,,,,"",,,,"FRLMOrganisation.telecom",0,*,"",""
"FRLMOrganisation","FRLMOrganisation.partOf","FRLMOrganisation.partOf","","","",0,1,"","","","https://interop.esante.gouv.fr/ig/document-core/StructureDefinition/FRLMOrganisation {[]} {[]}
","Lieu dont celui-ci fait physiquement partie","Lieu dont celui-ci fait physiquement partie","","","","","","","","","",,,,,"",,,,"FRLMOrganisation.partOf",0,1,"",""
"FRLMOrganisation","FRLMOrganisation.industrySector","FRLMOrganisation.industrySector","","","",0,1,"","","","CodeableConcept {[]} {[]}
","JDV_J02_XdsHealthcareFacilityTypeCode_CISIS","JDV_J02_XdsHealthcareFacilityTypeCode_CISIS","","","","","","","","","",,"required","JDV_J02_XdsHealthcareFacilityTypeCode_CISIS (Code de type d'établissement de santé provenant du JDV FHIR)","https://mos.esante.gouv.fr/NOS/JDV_J02-XdsHealthcareFacilityTypeCode-CISIS/FHIR/JDV-J02-XdsHealthcareFacilityTypeCode-CISIS|20260223120000","",,,,"FRLMOrganisation.industrySector",0,1,"",""
"FRLMParticipant","FRLMParticipant","FRLMParticipant","","","",0,*,"","","","null {[]} {[]}
","Logical model - FR LM Participant","Personne/Structure impliquée dans les évènements décrits par le document qui n'a pas été mentionné ailleurs.","","","","","","","","","",,,,,"",,,,"Base",0,*,"",""
"FRLMParticipant","FRLMParticipant.identifier","FRLMParticipant.identifier","","","",0,*,"","","","Identifier {[]} {[]}
","Identifiants de la personne","Identifiants de la personne","","","","","","","","","",,,,,"",,,,"FRLMParticipant.identifier",0,*,"",""
"FRLMParticipant","FRLMParticipant.name","FRLMParticipant.name","","","",0,*,"","","","https://interop.esante.gouv.fr/ig/document-core/StructureDefinition/FRLMHumanName {[]} {[]}
","Nom de la personne","Nom de la personne","","","","","","","","","",,,,,"",,,,"FRLMParticipant.name",0,*,"",""
"FRLMParticipant","FRLMParticipant.type","FRLMParticipant.type","","","",1,1,"","","","CodeableConcept {[]} {[]}
","Type de participation","Type de participation","","","","","","","","","",,"required","jdv-hl7-v3-ParticipationType-cisis (2.16.840.1.113883.1.11.10901)","https://smt.esante.gouv.fr/fhir/ValueSet/jdv-hl7-v3-ParticipationType-cisis|20260420150251","",,,,"FRLMParticipant.type",1,1,"",""
"FRLMParticipant","FRLMParticipant.role","FRLMParticipant.role","","","",0,1,"","","","CodeableConcept {[]} {[]}
","Rôle fonctionnel","Rôle fonctionnel","","","","","","","","","",,"required","JDV_J47_FunctionCode_CISIS (1.2.250.1.213.1.1.5.124)","https://mos.esante.gouv.fr/NOS/JDV_J47-FunctionCode-CISIS/FHIR/JDV-J47-FunctionCode-CISIS|20250523120000","",,,,"FRLMParticipant.role",0,1,"",""
"FRLMParticipant","FRLMParticipant.period","FRLMParticipant.period","","","",0,1,"","","","Period {[]} {[]}
","Période de la participation","Période de la participation","","","","","","","","","",,,,,"",,,,"FRLMParticipant.period",0,1,"",""
"FRLMParticipant","FRLMParticipant.participant","FRLMParticipant.participant","","","",1,1,"","","","Base {[]} {[]}
","Participant","Participant","","","","","","","","","",,,,,"",,,,"FRLMParticipant.participant",1,1,"",""
"FRLMParticipant","FRLMParticipant.participant.participantProfessional","FRLMParticipant.participant.participantProfessional","","","",0,*,"","","","https://interop.esante.gouv.fr/ig/document-core/StructureDefinition/FRLMHealthProfessional {[]} {[]}
","Le participant est un professionnel de santé","Le participant est un professionnel de santé","","","","","","","","","",,,,,"",,,,"FRLMParticipant.participant.participantProfessional",0,*,"",""
"FRLMParticipant","FRLMParticipant.participant.participantOrganisation","FRLMParticipant.participant.participantOrganisation","","","",0,*,"","","","https://interop.esante.gouv.fr/ig/document-core/StructureDefinition/FRLMOrganisation {[]} {[]}
","Le participant est une organisation","Le participant est une organisation","","","","","","","","","",,,,,"",,,,"FRLMParticipant.participant.participantOrganisation",0,*,"",""
"FRLMParticipant","FRLMParticipant.participant.participantDevice","FRLMParticipant.participant.participantDevice","","","",0,*,"","","","https://interop.esante.gouv.fr/ig/document-core/StructureDefinition/FRLMDevice {[]} {[]}
","Le participant est un système","Le participant est un système","","","","","","","","","",,,,,"",,,,"FRLMParticipant.participant.participantDevice",0,*,"",""
"FRLMPatient","FRLMPatient","FRLMPatient","","","",1,1,"","","","null {[]} {[]}
","Logical model - FR LM Patient","Patient/Usager concerné par le document.","","","","","","","","","",,,,,"",,,,"Base",0,*,"",""
"FRLMPatient","FRLMPatient.identifier","FRLMPatient.identifier","","","",1,*,"","","","Identifier {[]} {[]}
","Identifiant du patient / usager.
- Première occurrence obligatoire pour un document mis en partage dans un système d’information de santé partagé : Matricule INS du patient/usager tel que défini dans le cadre juridique.
- Occurrence(s) suivante(s) (optionnelles) : Identifiant connu pour le patient/usager dans le système d’information du producteur du document (IPP, NIP, etc.).","Identifiant du patient / usager.
- Première occurrence obligatoire pour un document mis en partage dans un système d’information de santé partagé : Matricule INS du patient/usager tel que défini dans le cadre juridique.
- Occurrence(s) suivante(s) (optionnelles) : Identifiant connu pour le patient/usager dans le système d’information du producteur du document (IPP, NIP, etc.).","","","","","","","","","",,,,,"",,,,"FRLMPatient.identifier",1,*,"",""
"FRLMPatient","FRLMPatient.address","FRLMPatient.address","","","",0,*,"","","","Address {[]} {[]}
","Adresse géopostale du patient/usager.","Adresse géopostale du patient/usager.","","","","","","","","","",,,,,"",,,,"FRLMPatient.address",0,*,"",""
"FRLMPatient","FRLMPatient.telecom","FRLMPatient.telecom","","","",0,*,"","","","ContactPoint {[]} {[]}
","Coordonnées télécom du patient/usager (numéro de téléphone, adresse e-mail, …).","Coordonnées télécom du patient/usager (numéro de téléphone, adresse e-mail, …).","","","","","","","","","",,,,,"",,,,"FRLMPatient.telecom",0,*,"",""
"FRLMPatient","FRLMPatient.name","FRLMPatient.name","","","",1,1,"","","","https://interop.esante.gouv.fr/ig/document-core/StructureDefinition/FRLMHumanName {[]} {[]}
","Noms et prénoms du patient/usager.","Noms et prénoms du patient/usager.","","","","","","","","","",,,,,"",,,,"FRLMPatient.name",1,1,"",""
"FRLMPatient","FRLMPatient.administrativeGender","FRLMPatient.administrativeGender","","","",1,1,"","","","CodeableConcept {[]} {[]}
","Sexe administratif du patient/usager.","Sexe administratif du patient/usager.","","","","","","","","","",,,,,"",,,,"FRLMPatient.administrativeGender",1,1,"",""
"FRLMPatient","FRLMPatient.dateOfBirth","FRLMPatient.dateOfBirth","","","",1,1,"","","","dateTime {[]} {[]}
","Date et heure de naissance du patient/usager.","Date et heure de naissance du patient/usager.","","","","","","","","","",,,,,"",,,,"FRLMPatient.dateOfBirth",1,1,"",""
"FRLMPatient","FRLMPatient.deceased[x]","FRLMPatient.deceased[x]","","","",0,1,"","","","boolean {[]} {[]}
dateTime {[]} {[]}","Patient/usager décédé / Date et heure du décès.","Patient/usager décédé / Date et heure du décès.","","","","","","","","","",,,,,"",,,,"FRLMPatient.deceased[x]",0,1,"",""
"FRLMPatient","FRLMPatient.multipleBirth[x]","FRLMPatient.multipleBirth[x]","","","",0,1,"","","","boolean {[]} {[]}
integer {[]} {[]}","Patient/usager né d'une grossesse multiple / Nombre d'ordres de naissance.","Patient/usager né d'une grossesse multiple / Nombre d'ordres de naissance.","","","","","","","","","",,,,,"",,,,"FRLMPatient.multipleBirth[x]",0,1,"",""
"FRLMPatient","FRLMPatient.birthPlace","FRLMPatient.birthPlace","","","",0,1,"","","","Address {[]} {[]}
","Lieu de naissance.
  - Obligatoire si le matricule INS est présent pour porter le code officiel géographique (COG) du lieu de naissance.
  - Le lieu de naissance est constitué du nom et/ou de l’adresse du lieu de naissance du patient/usager.","Lieu de naissance.
  - Obligatoire si le matricule INS est présent pour porter le code officiel géographique (COG) du lieu de naissance.
  - Le lieu de naissance est constitué du nom et/ou de l’adresse du lieu de naissance du patient/usager.","","","","","","","","","",,,,,"",,,,"FRLMPatient.birthPlace",0,1,"",""
"FRLMPatient","FRLMPatient.contact","FRLMPatient.contact","","","",0,*,"","","","Base {[]} {[]}
","Représentant du patient/usager.","Représentant du patient/usager.","","","","","","","","","",,,,,"",,,,"FRLMPatient.contact",0,*,"",""
"FRLMPatient","FRLMPatient.contact.address","FRLMPatient.contact.address","","","",0,*,"","","","Address {[]} {[]}
","Adresse géopostale.","Adresse géopostale.","","","","","","","","","",,,,,"",,,,"FRLMPatient.contact.address",0,*,"",""
"FRLMPatient","FRLMPatient.contact.telecom","FRLMPatient.contact.telecom","","","",0,*,"","","","ContactPoint {[]} {[]}
","Coordonnées télécom.","Coordonnées télécom.","","","","","","","","","",,,,,"",,,,"FRLMPatient.contact.telecom",0,*,"",""
"FRLMPatient","FRLMPatient.contact.name","FRLMPatient.contact.name","","","",1,1,"","","","https://interop.esante.gouv.fr/ig/document-core/StructureDefinition/FRLMHumanName {[]} {[]}
","Noms et Prénoms du représentant.","Noms et Prénoms du représentant.","","","","","","","","","",,,,,"",,,,"FRLMPatient.contact.name",1,1,"",""
"FRLMPatient","FRLMPatient.contact.organization","FRLMPatient.contact.organization","","","",0,1,"","","","https://interop.esante.gouv.fr/ig/document-core/StructureDefinition/FRLMOrganisation {[]} {[]}
","Structure représentant le patient/usager.","Structure représentant le patient/usager.","","","","","","","","","",,,,,"",,,,"FRLMPatient.contact.organization",0,1,"",""
"FRLMPatientEducation","FRLMPatientEducation","FRLMPatientEducation","","","",0,*,"","","","null {[]} {[]}
","Logical model - FR LM Patient Education","Section Education du patient","","","","","","","","","",,,,,"",,,,"Base",0,*,"",""
"FRLMPatientEducation","FRLMPatientEducation.codeSection","FRLMPatientEducation.codeSection","","","",1,1,"","","","CodeableConcept {[]} {[]}
","Code de la section","Code de la section","","","","","","","","","",,,,,"",,,,"FRLMSection.codeSection",1,1,"",""
"FRLMPatientEducation","FRLMPatientEducation.titleSection","FRLMPatientEducation.titleSection","","","",0,1,"","","","string {[]} {[]}
","Titre de la section","Titre de la section","","","","","","","","","",,,,,"",,,,"FRLMSection.titleSection",0,1,"",""
"FRLMPatientEducation","FRLMPatientEducation.description","FRLMPatientEducation.description","","","",1,1,"","","","string {[]} {[]}
","Bloc narratif","Bloc narratif","","","","","","","","","",,,,,"",,,,"FRLMSection.description",1,1,"",""
"FRLMPatientEducation","FRLMPatientEducation.author[x]","FRLMPatientEducation.author[x]","","","",0,*,"","","","Base {[]} {[]}
","author[x] peut correspondre soit à un professionnel, soit à une organisation, soit à un système.","author[x] peut correspondre soit à un professionnel, soit à une organisation, soit à un système.","","","","","","","","","",,,,,"",,,,"FRLMSection.author[x]",0,*,"",""
"FRLMPatientEducation","FRLMPatientEducation.author[x].authorProfessional","FRLMPatientEducation.author[x].authorProfessional","","","",0,*,"","","","https://interop.esante.gouv.fr/ig/document-core/StructureDefinition/FRLMHealthProfessional {[]} {[]}
","L'auteur est un professionnel de santé","L'auteur est un professionnel de santé","","","","","","","","","",,,,,"",,,,"FRLMSection.author[x].authorProfessional",0,*,"",""
"FRLMPatientEducation","FRLMPatientEducation.author[x].authorOrganisation","FRLMPatientEducation.author[x].authorOrganisation","","","",0,*,"","","","https://interop.esante.gouv.fr/ig/document-core/StructureDefinition/FRLMOrganisation {[]} {[]}
","L'auteur est une organisation","L'auteur est une organisation","","","","","","","","","",,,,,"",,,,"FRLMSection.author[x].authorOrganisation",0,*,"",""
"FRLMPatientEducation","FRLMPatientEducation.author[x].authorDevice","FRLMPatientEducation.author[x].authorDevice","","","",0,*,"","","","https://interop.esante.gouv.fr/ig/document-core/StructureDefinition/FRLMDevice {[]} {[]}
","L'auteur est un système","L'auteur est un système","","","","","","","","","",,,,,"",,,,"FRLMSection.author[x].authorDevice",0,*,"",""
"FRLMPatientEducation","FRLMPatientEducation.informant","FRLMPatientEducation.informant","","","",0,*,"","","","https://interop.esante.gouv.fr/ig/document-core/StructureDefinition/FRLMInformant {[]} {[]}
","Informateur","Informateur","","","","","","","","","",,,,,"",,,,"FRLMSection.informant",0,*,"",""
"FRLMPatientEducation","FRLMPatientEducation.subSection","FRLMPatientEducation.subSection","","","",0,0,"","","","Base {[]} {[]}
","Sous-sections","Sous-sections","","","","","","","","","",,,,,"",,,,"FRLMSection.subSection",0,*,"",""
"FRLMPatientEducation","FRLMPatientEducation.entry","FRLMPatientEducation.entry","","","",0,*,"","","","Base {[]} {[]}
","Entrées","Entrées","","","","","","","","","",,,,,"",,,,"FRLMSection.entry",0,*,"",""
"FRLMPatientEducation","FRLMPatientEducation.entry.procedure","FRLMPatientEducation.entry.procedure","","","",0,*,"","","","https://interop.esante.gouv.fr/ig/document-core/StructureDefinition/FRLMProcedure {[]} {[]}
","Entrée Acte","Entrée Acte","","","","","","","","","",,,,,"",,,,"FRLMPatientEducation.entry.procedure",0,*,"",""
"FRLMPatientEducation","FRLMPatientEducation.entry.observation","FRLMPatientEducation.entry.observation","","","",0,*,"","","","https://interop.esante.gouv.fr/ig/document-core/StructureDefinition/FRLMObservation {[]} {[]}
","Entrée Simple observation","Entrée Simple observation","","","","","","","","","",,,,,"",,,,"FRLMPatientEducation.entry.observation",0,*,"",""
"FRLMPatientEducation","FRLMPatientEducation.entry.reference","FRLMPatientEducation.entry.reference","","","",0,*,"","","","https://interop.esante.gouv.fr/ig/document-core/StructureDefinition/FRLMAttachment {[]} {[]}
","Entrée Références externes","Entrée Références externes","","","","","","","","","",,,,,"",,,,"FRLMPatientEducation.entry.reference",0,*,"",""
"FRLMPatientHistory","FRLMPatientHistory","FRLMPatientHistory","","","",0,*,"","","","null {[]} {[]}
","Logical model  - FR LM Patient History","Section Historique du patient","","","","","","","","","",,,,,"",,,,"Base",0,*,"",""
"FRLMPatientHistory","FRLMPatientHistory.codeSection","FRLMPatientHistory.codeSection","","","",1,1,"","","","CodeableConcept {[]} {[]}
","Code de la section","Code de la section","","","","","","","","","",,,,,"",,,,"FRLMSection.codeSection",1,1,"",""
"FRLMPatientHistory","FRLMPatientHistory.titleSection","FRLMPatientHistory.titleSection","","","",1,1,"","","","string {[]} {[]}
","Titre de la section","Titre de la section","","","","","","","","","",,,,,"",,,,"FRLMSection.titleSection",0,1,"",""
"FRLMPatientHistory","FRLMPatientHistory.description","FRLMPatientHistory.description","","","",1,1,"","","","string {[]} {[]}
","Bloc narratif","Bloc narratif","","","","","","","","","",,,,,"",,,,"FRLMSection.description",1,1,"",""
"FRLMPatientHistory","FRLMPatientHistory.author[x]","FRLMPatientHistory.author[x]","","","",0,*,"","","","Base {[]} {[]}
","author[x] peut correspondre soit à un professionnel, soit à une organisation, soit à un système.","author[x] peut correspondre soit à un professionnel, soit à une organisation, soit à un système.","","","","","","","","","",,,,,"",,,,"FRLMSection.author[x]",0,*,"",""
"FRLMPatientHistory","FRLMPatientHistory.author[x].authorProfessional","FRLMPatientHistory.author[x].authorProfessional","","","",0,*,"","","","https://interop.esante.gouv.fr/ig/document-core/StructureDefinition/FRLMHealthProfessional {[]} {[]}
","L'auteur est un professionnel de santé","L'auteur est un professionnel de santé","","","","","","","","","",,,,,"",,,,"FRLMSection.author[x].authorProfessional",0,*,"",""
"FRLMPatientHistory","FRLMPatientHistory.author[x].authorOrganisation","FRLMPatientHistory.author[x].authorOrganisation","","","",0,*,"","","","https://interop.esante.gouv.fr/ig/document-core/StructureDefinition/FRLMOrganisation {[]} {[]}
","L'auteur est une organisation","L'auteur est une organisation","","","","","","","","","",,,,,"",,,,"FRLMSection.author[x].authorOrganisation",0,*,"",""
"FRLMPatientHistory","FRLMPatientHistory.author[x].authorDevice","FRLMPatientHistory.author[x].authorDevice","","","",0,*,"","","","https://interop.esante.gouv.fr/ig/document-core/StructureDefinition/FRLMDevice {[]} {[]}
","L'auteur est un système","L'auteur est un système","","","","","","","","","",,,,,"",,,,"FRLMSection.author[x].authorDevice",0,*,"",""
"FRLMPatientHistory","FRLMPatientHistory.informant","FRLMPatientHistory.informant","","","",0,*,"","","","https://interop.esante.gouv.fr/ig/document-core/StructureDefinition/FRLMInformant {[]} {[]}
","Informateur","Informateur","","","","","","","","","",,,,,"",,,,"FRLMSection.informant",0,*,"",""
"FRLMPatientHistory","FRLMPatientHistory.subSection","FRLMPatientHistory.subSection","","","",0,0,"","","","Base {[]} {[]}
","Sous-sections","Sous-sections","","","","","","","","","",,,,,"",,,,"FRLMSection.subSection",0,*,"",""
"FRLMPatientHistory","FRLMPatientHistory.entry","FRLMPatientHistory.entry","","","",0,0,"","","","Base {[]} {[]}
","Entrées","Entrées","","","","","","","","","",,,,,"",,,,"FRLMSection.entry",0,*,"",""
"FRLMPatientHistory","FRLMPatientHistory.note","FRLMPatientHistory.note","","","",0,1,"","","","string {[]} {[]}
","Commentaire","Commentaire","","","","","","","","","",,,,,"",,,,"FRLMPatientHistory.note",0,1,"",""
"FRLMPatientStory","FRLMPatientStory","FRLMPatientStory","","","",0,*,"","","","null {[]} {[]}
","Logical model - FR LM Patient Story","Récit du patient","","","","","","","","","",,,,,"",,,,"Base",0,*,"",""
"FRLMPatientStory","FRLMPatientStory.codeSection","FRLMPatientStory.codeSection","","","",1,1,"","","","CodeableConcept {[]} {[]}
","Code de la section","Code de la section","","","","","","","","","",,,,,"",,,,"FRLMSection.codeSection",1,1,"",""
"FRLMPatientStory","FRLMPatientStory.titleSection","FRLMPatientStory.titleSection","","","",1,1,"","","","string {[]} {[]}
","Titre de la section","Titre de la section","","","","","","","","","",,,,,"",,,,"FRLMSection.titleSection",0,1,"",""
"FRLMPatientStory","FRLMPatientStory.description","FRLMPatientStory.description","","","",1,1,"","","","string {[]} {[]}
","Bloc narratif","Bloc narratif","","","","","","","","","",,,,,"",,,,"FRLMSection.description",1,1,"",""
"FRLMPatientStory","FRLMPatientStory.author[x]","FRLMPatientStory.author[x]","","","",0,*,"","","","Base {[]} {[]}
","author[x] peut correspondre soit à un professionnel, soit à une organisation, soit à un système.","author[x] peut correspondre soit à un professionnel, soit à une organisation, soit à un système.","","","","","","","","","",,,,,"",,,,"FRLMSection.author[x]",0,*,"",""
"FRLMPatientStory","FRLMPatientStory.author[x].authorProfessional","FRLMPatientStory.author[x].authorProfessional","","","",0,*,"","","","https://interop.esante.gouv.fr/ig/document-core/StructureDefinition/FRLMHealthProfessional {[]} {[]}
","L'auteur est un professionnel de santé","L'auteur est un professionnel de santé","","","","","","","","","",,,,,"",,,,"FRLMSection.author[x].authorProfessional",0,*,"",""
"FRLMPatientStory","FRLMPatientStory.author[x].authorOrganisation","FRLMPatientStory.author[x].authorOrganisation","","","",0,*,"","","","https://interop.esante.gouv.fr/ig/document-core/StructureDefinition/FRLMOrganisation {[]} {[]}
","L'auteur est une organisation","L'auteur est une organisation","","","","","","","","","",,,,,"",,,,"FRLMSection.author[x].authorOrganisation",0,*,"",""
"FRLMPatientStory","FRLMPatientStory.author[x].authorDevice","FRLMPatientStory.author[x].authorDevice","","","",0,*,"","","","https://interop.esante.gouv.fr/ig/document-core/StructureDefinition/FRLMDevice {[]} {[]}
","L'auteur est un système","L'auteur est un système","","","","","","","","","",,,,,"",,,,"FRLMSection.author[x].authorDevice",0,*,"",""
"FRLMPatientStory","FRLMPatientStory.informant","FRLMPatientStory.informant","","","",0,*,"","","","https://interop.esante.gouv.fr/ig/document-core/StructureDefinition/FRLMInformant {[]} {[]}
","Informateur","Informateur","","","","","","","","","",,,,,"",,,,"FRLMSection.informant",0,*,"",""
"FRLMPatientStory","FRLMPatientStory.subSection","FRLMPatientStory.subSection","","","",0,0,"","","","Base {[]} {[]}
","Sous-sections","Sous-sections","","","","","","","","","",,,,,"",,,,"FRLMSection.subSection",0,*,"",""
"FRLMPatientStory","FRLMPatientStory.entry","FRLMPatientStory.entry","","","",0,0,"","","","Base {[]} {[]}
","Entrées","Entrées","","","","","","","","","",,,,,"",,,,"FRLMSection.entry",0,*,"",""
"FRLMPatientStory","FRLMPatientStory.note","FRLMPatientStory.note","","","",0,1,"","","","string {[]} {[]}
","Commentaire","Commentaire","","","","","","","","","",,,,,"",,,,"FRLMPatientStory.note",0,1,"",""
"FRLMPatientTransfer","FRLMPatientTransfer","FRLMPatientTransfer","","","",0,*,"","","","null {[]} {[]}
","Logical model - FR LM Patient Transfer.","Transfert du patient","","","","","","","","","",,,,,"",,,,"Base",0,*,"",""
"FRLMPatientTransfer","FRLMPatientTransfer.header","FRLMPatientTransfer.header","","","",1,1,"","","","Base {[]} {[]}
","Métadonnées de base","Métadonnées de base","","","","","","","","","",,,,,"",,,,"FRLMEntry.header",1,1,"",""
"FRLMPatientTransfer","FRLMPatientTransfer.header.subject","FRLMPatientTransfer.header.subject","","","",1,1,"","","","https://interop.esante.gouv.fr/ig/document-core/StructureDefinition/FRLMPatient {[]} {[]}
","Patient / Usager","Patient / Usager","","","","","","","","","",,,,,"",,,,"FRLMEntry.header.subject",1,1,"",""
"FRLMPatientTransfer","FRLMPatientTransfer.header.identifier","FRLMPatientTransfer.header.identifier","","","",0,*,"","","","Identifier {[]} {[]}
","Identifiant de l’entrée","Identifiant de l’entrée","","","","","","","","","",,,,,"",,,,"FRLMEntry.header.identifier",0,*,"",""
"FRLMPatientTransfer","FRLMPatientTransfer.header.author[x]","FRLMPatientTransfer.header.author[x]","","","",0,*,"","","","Base {[]} {[]}
","author[x] peut correspondre soit à un professionnel, soit à une organisation, soit à un système.","author[x] peut correspondre soit à un professionnel, soit à une organisation, soit à un système.","","","","","","","","","",,,,,"",,,,"FRLMEntry.header.author[x]",0,*,"",""
"FRLMPatientTransfer","FRLMPatientTransfer.header.author[x].authorProfessional","FRLMPatientTransfer.header.author[x].authorProfessional","","","",0,*,"","","","https://interop.esante.gouv.fr/ig/document-core/StructureDefinition/FRLMHealthProfessional {[]} {[]}
","L'auteur est un professionnel de santé","L'auteur est un professionnel de santé","","","","","","","","","",,,,,"",,,,"FRLMEntry.header.author[x].authorProfessional",0,*,"",""
"FRLMPatientTransfer","FRLMPatientTransfer.header.author[x].authorOrganisation","FRLMPatientTransfer.header.author[x].authorOrganisation","","","",0,*,"","","","https://interop.esante.gouv.fr/ig/document-core/StructureDefinition/FRLMOrganisation {[]} {[]}
","L'auteur est une organisation","L'auteur est une organisation","","","","","","","","","",,,,,"",,,,"FRLMEntry.header.author[x].authorOrganisation",0,*,"",""
"FRLMPatientTransfer","FRLMPatientTransfer.header.author[x].authorDevice","FRLMPatientTransfer.header.author[x].authorDevice","","","",0,*,"","","","https://interop.esante.gouv.fr/ig/document-core/StructureDefinition/FRLMDevice {[]} {[]}
","L'auteur est un système","L'auteur est un système","","","","","","","","","",,,,,"",,,,"FRLMEntry.header.author[x].authorDevice",0,*,"",""
"FRLMPatientTransfer","FRLMPatientTransfer.header.performer[x]","FRLMPatientTransfer.header.performer[x]","","","",0,*,"","","","https://interop.esante.gouv.fr/ig/document-core/StructureDefinition/FRLMHealthProfessional {[]} {[]}
https://interop.esante.gouv.fr/ig/document-core/StructureDefinition/FRLMOrganisation {[]} {[]}","Exécutant (performer)","Exécutant (performer)","","","","","","","","","",,,,,"",,,,"FRLMEntry.header.performer[x]",0,*,"",""
"FRLMPatientTransfer","FRLMPatientTransfer.header.participant[x]","FRLMPatientTransfer.header.participant[x]","","","",0,*,"","","","Base {[]} {[]}
","Participant","Participant","","","","","","","","","",,,,,"",,,,"FRLMEntry.header.participant[x]",0,*,"",""
"FRLMPatientTransfer","FRLMPatientTransfer.header.participant[x].participantProfessional","FRLMPatientTransfer.header.participant[x].participantProfessional","","","",0,*,"","","","https://interop.esante.gouv.fr/ig/document-core/StructureDefinition/FRLMHealthProfessional {[]} {[]}
","Le participant est un professionnel de santé","Le participant est un professionnel de santé","","","","","","","","","",,,,,"",,,,"FRLMEntry.header.participant[x].participantProfessional",0,*,"",""
"FRLMPatientTransfer","FRLMPatientTransfer.header.participant[x].participantOrganisation","FRLMPatientTransfer.header.participant[x].participantOrganisation","","","",0,*,"","","","https://interop.esante.gouv.fr/ig/document-core/StructureDefinition/FRLMOrganisation {[]} {[]}
","Destination","Le participant est une organisation","","","","","","","","","",,,,,"",,,,"FRLMEntry.header.participant[x].participantOrganisation",0,*,"",""
"FRLMPatientTransfer","FRLMPatientTransfer.header.participant[x].participantDevice","FRLMPatientTransfer.header.participant[x].participantDevice","","","",0,*,"","","","https://interop.esante.gouv.fr/ig/document-core/StructureDefinition/FRLMDevice {[]} {[]}
","Le participant est un système","Le participant est un système","","","","","","","","","",,,,,"",,,,"FRLMEntry.header.participant[x].participantDevice",0,*,"",""
"FRLMPatientTransfer","FRLMPatientTransfer.header.informant","FRLMPatientTransfer.header.informant","","","",0,*,"","","","https://interop.esante.gouv.fr/ig/document-core/StructureDefinition/FRLMInformant {[]} {[]}
","Informateur","Informateur","","","","","","","","","",,,,,"",,,,"FRLMEntry.header.informant",0,*,"",""
"FRLMPatientTransfer","FRLMPatientTransfer.header.date","FRLMPatientTransfer.header.date","","","",0,1,"","","","dateTime {[]} {[]}
","Date du transfert","Date/Heure de création par l'auteur","","","","","","","","","",,,,,"",,,,"FRLMEntry.header.date",0,1,"",""
"FRLMPatientTransfer","FRLMPatientTransfer.header.status","FRLMPatientTransfer.header.status","","","",0,1,"","","","CodeableConcept {[]} {[]}
","Statut","Statut","","","","","","","","","",,,,,"",,,,"FRLMEntry.header.status",0,1,"",""
"FRLMPatientTransfer","FRLMPatientTransfer.header.source","FRLMPatientTransfer.header.source","","","",0,1,"","","","CodeableConcept {[]} {[]}
","Source","Source","","","","","","","","","",,,,,"",,,,"FRLMEntry.header.source",0,1,"",""
"FRLMPatientTransfer","FRLMPatientTransfer.header.language","FRLMPatientTransfer.header.language","","","",0,1,"","","","CodeableConcept {[]} {[]}
","'fr-FR' pour français métropolitain (la casse des caractères doit être respectée)
La partie en minuscules indique le code de la langue utilisée (ISO-639-1)
La partie en majuscules indique le code pays (ISO-3166)","'fr-FR' pour français métropolitain (la casse des caractères doit être respectée)
La partie en minuscules indique le code de la langue utilisée (ISO-639-1)
La partie en majuscules indique le code pays (ISO-3166)","","","","","","","","","",,,,,"",,,,"FRLMEntry.header.language",0,1,"",""
"FRLMPatientTransfer","FRLMPatientTransfer.code","FRLMPatientTransfer.code","","","",1,1,"","","","CodeableConcept {[]} {[]}
","Code du transfert","Code du transfert","","","","","","","","","",,,,,"",,,,"FRLMPatientTransfer.code",1,1,"",""
"FRLMPredictableAdverseDrugReaction","FRLMPredictableAdverseDrugReaction","FRLMPredictableAdverseDrugReaction","","","",0,*,"","","","null {[]} {[]}
","Logical model - FR LM Predictable Adverse Drug Reaction","Section Effets indesirables","","","","","","","","","",,,,,"",,,,"Base",0,*,"",""
"FRLMPredictableAdverseDrugReaction","FRLMPredictableAdverseDrugReaction.codeSection","FRLMPredictableAdverseDrugReaction.codeSection","","","",1,1,"","","","CodeableConcept {[]} {[]}
","Code de la section","Code de la section","","","","","","","","","",,,,,"",,,,"FRLMSection.codeSection",1,1,"",""
"FRLMPredictableAdverseDrugReaction","FRLMPredictableAdverseDrugReaction.titleSection","FRLMPredictableAdverseDrugReaction.titleSection","","","",1,1,"","","","string {[]} {[]}
","Titre de la section","Titre de la section","","","","","","","","","",,,,,"",,,,"FRLMSection.titleSection",0,1,"",""
"FRLMPredictableAdverseDrugReaction","FRLMPredictableAdverseDrugReaction.description","FRLMPredictableAdverseDrugReaction.description","","","",1,1,"","","","string {[]} {[]}
","Bloc narratif","Bloc narratif","","","","","","","","","",,,,,"",,,,"FRLMSection.description",1,1,"",""
"FRLMPredictableAdverseDrugReaction","FRLMPredictableAdverseDrugReaction.author[x]","FRLMPredictableAdverseDrugReaction.author[x]","","","",0,*,"","","","Base {[]} {[]}
","author[x] peut correspondre soit à un professionnel, soit à une organisation, soit à un système.","author[x] peut correspondre soit à un professionnel, soit à une organisation, soit à un système.","","","","","","","","","",,,,,"",,,,"FRLMSection.author[x]",0,*,"",""
"FRLMPredictableAdverseDrugReaction","FRLMPredictableAdverseDrugReaction.author[x].authorProfessional","FRLMPredictableAdverseDrugReaction.author[x].authorProfessional","","","",0,*,"","","","https://interop.esante.gouv.fr/ig/document-core/StructureDefinition/FRLMHealthProfessional {[]} {[]}
","L'auteur est un professionnel de santé","L'auteur est un professionnel de santé","","","","","","","","","",,,,,"",,,,"FRLMSection.author[x].authorProfessional",0,*,"",""
"FRLMPredictableAdverseDrugReaction","FRLMPredictableAdverseDrugReaction.author[x].authorOrganisation","FRLMPredictableAdverseDrugReaction.author[x].authorOrganisation","","","",0,*,"","","","https://interop.esante.gouv.fr/ig/document-core/StructureDefinition/FRLMOrganisation {[]} {[]}
","L'auteur est une organisation","L'auteur est une organisation","","","","","","","","","",,,,,"",,,,"FRLMSection.author[x].authorOrganisation",0,*,"",""
"FRLMPredictableAdverseDrugReaction","FRLMPredictableAdverseDrugReaction.author[x].authorDevice","FRLMPredictableAdverseDrugReaction.author[x].authorDevice","","","",0,*,"","","","https://interop.esante.gouv.fr/ig/document-core/StructureDefinition/FRLMDevice {[]} {[]}
","L'auteur est un système","L'auteur est un système","","","","","","","","","",,,,,"",,,,"FRLMSection.author[x].authorDevice",0,*,"",""
"FRLMPredictableAdverseDrugReaction","FRLMPredictableAdverseDrugReaction.informant","FRLMPredictableAdverseDrugReaction.informant","","","",0,*,"","","","https://interop.esante.gouv.fr/ig/document-core/StructureDefinition/FRLMInformant {[]} {[]}
","Informateur","Informateur","","","","","","","","","",,,,,"",,,,"FRLMSection.informant",0,*,"",""
"FRLMPredictableAdverseDrugReaction","FRLMPredictableAdverseDrugReaction.subSection","FRLMPredictableAdverseDrugReaction.subSection","","","",0,0,"","","","Base {[]} {[]}
","Sous-sections","Sous-sections","","","","","","","","","",,,,,"",,,,"FRLMSection.subSection",0,*,"",""
"FRLMPredictableAdverseDrugReaction","FRLMPredictableAdverseDrugReaction.entry","FRLMPredictableAdverseDrugReaction.entry","","","",1,*,"","","","Base {[]} {[]}
","Entrées","Entrées","","","","","","","","","",,,,,"",,,,"FRLMSection.entry",0,*,"",""
"FRLMPredictableAdverseDrugReaction","FRLMPredictableAdverseDrugReaction.entry.adverseEvent","FRLMPredictableAdverseDrugReaction.entry.adverseEvent","","","",1,*,"","","","https://interop.esante.gouv.fr/ig/document-core/StructureDefinition/FRLMAdverseDrugReaction {[]} {[]}
","Entrée Effet indesirable","Entrée Effet indesirable","","","","","","","","","",,,,,"",,,,"FRLMPredictableAdverseDrugReaction.entry.adverseEvent",1,*,"",""
"FRLMPregnancyHistory","FRLMPregnancyHistory","FRLMPregnancyHistory","","","",0,*,"","","","null {[]} {[]}
","Logical model- FR LM Pregnancy History","Historique de la grossesse","","","","","","","","","",,,,,"",,,,"Base",0,*,"",""
"FRLMPregnancyHistory","FRLMPregnancyHistory.header","FRLMPregnancyHistory.header","","","",1,1,"","","","Base {[]} {[]}
","Métadonnées de base","Métadonnées de base","","","","","","","","","",,,,,"",,,,"FRLMEntry.header",1,1,"",""
"FRLMPregnancyHistory","FRLMPregnancyHistory.header.subject","FRLMPregnancyHistory.header.subject","","","",1,1,"","","","https://interop.esante.gouv.fr/ig/document-core/StructureDefinition/FRLMPatient {[]} {[]}
","Patient / Usager","Patient / Usager","","","","","","","","","",,,,,"",,,,"FRLMEntry.header.subject",1,1,"",""
"FRLMPregnancyHistory","FRLMPregnancyHistory.header.identifier","FRLMPregnancyHistory.header.identifier","","","",0,*,"","","","Identifier {[]} {[]}
","Identifiant de l’entrée","Identifiant de l’entrée","","","","","","","","","",,,,,"",,,,"FRLMEntry.header.identifier",0,*,"",""
"FRLMPregnancyHistory","FRLMPregnancyHistory.header.author[x]","FRLMPregnancyHistory.header.author[x]","","","",0,*,"","","","Base {[]} {[]}
","author[x] peut correspondre soit à un professionnel, soit à une organisation, soit à un système.","author[x] peut correspondre soit à un professionnel, soit à une organisation, soit à un système.","","","","","","","","","",,,,,"",,,,"FRLMEntry.header.author[x]",0,*,"",""
"FRLMPregnancyHistory","FRLMPregnancyHistory.header.author[x].authorProfessional","FRLMPregnancyHistory.header.author[x].authorProfessional","","","",0,*,"","","","https://interop.esante.gouv.fr/ig/document-core/StructureDefinition/FRLMHealthProfessional {[]} {[]}
","L'auteur est un professionnel de santé","L'auteur est un professionnel de santé","","","","","","","","","",,,,,"",,,,"FRLMEntry.header.author[x].authorProfessional",0,*,"",""
"FRLMPregnancyHistory","FRLMPregnancyHistory.header.author[x].authorOrganisation","FRLMPregnancyHistory.header.author[x].authorOrganisation","","","",0,*,"","","","https://interop.esante.gouv.fr/ig/document-core/StructureDefinition/FRLMOrganisation {[]} {[]}
","L'auteur est une organisation","L'auteur est une organisation","","","","","","","","","",,,,,"",,,,"FRLMEntry.header.author[x].authorOrganisation",0,*,"",""
"FRLMPregnancyHistory","FRLMPregnancyHistory.header.author[x].authorDevice","FRLMPregnancyHistory.header.author[x].authorDevice","","","",0,*,"","","","https://interop.esante.gouv.fr/ig/document-core/StructureDefinition/FRLMDevice {[]} {[]}
","L'auteur est un système","L'auteur est un système","","","","","","","","","",,,,,"",,,,"FRLMEntry.header.author[x].authorDevice",0,*,"",""
"FRLMPregnancyHistory","FRLMPregnancyHistory.header.performer[x]","FRLMPregnancyHistory.header.performer[x]","","","",0,*,"","","","https://interop.esante.gouv.fr/ig/document-core/StructureDefinition/FRLMHealthProfessional {[]} {[]}
https://interop.esante.gouv.fr/ig/document-core/StructureDefinition/FRLMOrganisation {[]} {[]}","Exécutant (performer)","Exécutant (performer)","","","","","","","","","",,,,,"",,,,"FRLMEntry.header.performer[x]",0,*,"",""
"FRLMPregnancyHistory","FRLMPregnancyHistory.header.participant[x]","FRLMPregnancyHistory.header.participant[x]","","","",0,*,"","","","Base {[]} {[]}
","Participant","Participant","","","","","","","","","",,,,,"",,,,"FRLMEntry.header.participant[x]",0,*,"",""
"FRLMPregnancyHistory","FRLMPregnancyHistory.header.participant[x].participantProfessional","FRLMPregnancyHistory.header.participant[x].participantProfessional","","","",0,*,"","","","https://interop.esante.gouv.fr/ig/document-core/StructureDefinition/FRLMHealthProfessional {[]} {[]}
","Le participant est un professionnel de santé","Le participant est un professionnel de santé","","","","","","","","","",,,,,"",,,,"FRLMEntry.header.participant[x].participantProfessional",0,*,"",""
"FRLMPregnancyHistory","FRLMPregnancyHistory.header.participant[x].participantOrganisation","FRLMPregnancyHistory.header.participant[x].participantOrganisation","","","",0,*,"","","","https://interop.esante.gouv.fr/ig/document-core/StructureDefinition/FRLMOrganisation {[]} {[]}
","Le participant est une organisation","Le participant est une organisation","","","","","","","","","",,,,,"",,,,"FRLMEntry.header.participant[x].participantOrganisation",0,*,"",""
"FRLMPregnancyHistory","FRLMPregnancyHistory.header.participant[x].participantDevice","FRLMPregnancyHistory.header.participant[x].participantDevice","","","",0,*,"","","","https://interop.esante.gouv.fr/ig/document-core/StructureDefinition/FRLMDevice {[]} {[]}
","Le participant est un système","Le participant est un système","","","","","","","","","",,,,,"",,,,"FRLMEntry.header.participant[x].participantDevice",0,*,"",""
"FRLMPregnancyHistory","FRLMPregnancyHistory.header.informant","FRLMPregnancyHistory.header.informant","","","",0,*,"","","","https://interop.esante.gouv.fr/ig/document-core/StructureDefinition/FRLMInformant {[]} {[]}
","Informateur","Informateur","","","","","","","","","",,,,,"",,,,"FRLMEntry.header.informant",0,*,"",""
"FRLMPregnancyHistory","FRLMPregnancyHistory.header.date","FRLMPregnancyHistory.header.date","","","",0,1,"","","","dateTime {[]} {[]}
","Date/Heure de création par l'auteur","Date/Heure de création par l'auteur","","","","","","","","","",,,,,"",,,,"FRLMEntry.header.date",0,1,"",""
"FRLMPregnancyHistory","FRLMPregnancyHistory.header.status","FRLMPregnancyHistory.header.status","","","",1,1,"","","","CodeableConcept {[]} {[]}
","Statut","Statut","","","","","","","","","",,,,,"",,,,"FRLMEntry.header.status",0,1,"",""
"FRLMPregnancyHistory","FRLMPregnancyHistory.header.source","FRLMPregnancyHistory.header.source","","","",0,1,"","","","CodeableConcept {[]} {[]}
","Source","Source","","","","","","","","","",,,,,"",,,,"FRLMEntry.header.source",0,1,"",""
"FRLMPregnancyHistory","FRLMPregnancyHistory.header.language","FRLMPregnancyHistory.header.language","","","",0,1,"","","","CodeableConcept {[]} {[]}
","'fr-FR' pour français métropolitain (la casse des caractères doit être respectée)
La partie en minuscules indique le code de la langue utilisée (ISO-639-1)
La partie en majuscules indique le code pays (ISO-3166)","'fr-FR' pour français métropolitain (la casse des caractères doit être respectée)
La partie en minuscules indique le code de la langue utilisée (ISO-639-1)
La partie en majuscules indique le code pays (ISO-3166)","","","","","","","","","",,,,,"",,,,"FRLMEntry.header.language",0,1,"",""
"FRLMPregnancyHistory","FRLMPregnancyHistory.directSubject[x]","FRLMPregnancyHistory.directSubject[x]","","","",0,1,"","","","https://interop.esante.gouv.fr/ig/document-core/StructureDefinition/FRLMPatient {[]} {[]}
https://interop.esante.gouv.fr/ig/document-core/StructureDefinition/FRLMDevice {[]} {[]}https://interop.esante.gouv.fr/ig/document-core/StructureDefinition/FRLMHealthProfessional {[]} {[]}https://interop.esante.gouv.fr/ig/document-core/StructureDefinition/FRLMOrganisation {[]} {[]}https://interop.esante.gouv.fr/ig/document-core/StructureDefinition/FRLMProcedure {[]} {[]}","Sujet de l'observation (si différent du patient)","Sujet de l'observation (si différent du patient)","","","","","","","","","",,,,,"",,,,"FRLMPregnancyHistory.directSubject[x]",0,1,"",""
"FRLMPregnancyHistory","FRLMPregnancyHistory.observationDate[x]","FRLMPregnancyHistory.observationDate[x]","","","",1,1,"","","","dateTime {[]} {[]}
Period {[]} {[]}","Période de la grossesse","Période de la grossesse","","","","","","","","","",,,,,"",,,,"FRLMPregnancyHistory.observationDate[x]",1,1,"",""
"FRLMPregnancyHistory","FRLMPregnancyHistory.type","FRLMPregnancyHistory.type","","","",1,1,"","","","CodeableConcept {[]} {[]}
","Type d'observation","Type d'observation","","","","","","","","","",,"required","jdv-historique-grossesses-cisis (1.2.250.1.213.1.1.5.852)","https://smt.esante.gouv.fr/fhir/ValueSet/jdv-historique-grossesses-cisis|20260619134042","",,,,"FRLMPregnancyHistory.type",1,1,"",""
"FRLMPregnancyHistory","FRLMPregnancyHistory.method","FRLMPregnancyHistory.method","","","",0,1,"","","","CodeableConcept {[]} {[]}
","Methode utilisée","Methode utilisée","","","","","","","","","",,,,,"",,,,"FRLMPregnancyHistory.method",0,1,"",""
"FRLMPregnancyHistory","FRLMPregnancyHistory.result","FRLMPregnancyHistory.result","","","",1,1,"","","","Base {[]} {[]}
","Resultat de l'observation sur l'historique de grossesse","Resultat de l'observation sur l'historique de grossesse","","","","","","","","","",,,,,"",,,,"FRLMPregnancyHistory.result",1,1,"",""
"FRLMPregnancyHistory","FRLMPregnancyHistory.result.value[x]","FRLMPregnancyHistory.result.value[x]","","","",0,1,"","","","string {[]} {[]}
Quantity {[]} {[]}Range {[]} {[]}Ratio {[]} {[]}CodeableConcept {[]} {[]}","Valeur du resultat","Valeur du resultat","","","","","","","","","",,,,,"",,,,"FRLMPregnancyHistory.result.value[x]",0,1,"",""
"FRLMPregnancyHistory","FRLMPregnancyHistory.result.uncertainty","FRLMPregnancyHistory.result.uncertainty","","","",0,1,"","","","Base {[]} {[]}
","Incertitude associée au resultat","Incertitude associée au resultat","","","","","","","","","",,,,,"",,,,"FRLMPregnancyHistory.result.uncertainty",0,1,"",""
"FRLMPregnancyHistory","FRLMPregnancyHistory.result.uncertainty.value","FRLMPregnancyHistory.result.uncertainty.value","","","",1,1,"","","","decimal {[]} {[]}
","Niveau d'incertitude du resultat","Niveau d'incertitude du resultat","","","","","","","","","",,,,,"",,,,"FRLMPregnancyHistory.result.uncertainty.value",1,1,"",""
"FRLMPregnancyHistory","FRLMPregnancyHistory.result.uncertainty.type","FRLMPregnancyHistory.result.uncertainty.type","","","",0,1,"","","","Coding {[]} {[]}
","Type d'incertitude","Type d'incertitude","","","","","","","","","",,,,,"",,,,"FRLMPregnancyHistory.result.uncertainty.type",0,1,"",""
"FRLMPregnancyHistory","FRLMPregnancyHistory.result.dataAbsentReason","FRLMPregnancyHistory.result.dataAbsentReason","","","",0,1,"","","","CodeableConcept {[]} {[]}
","Raison de l'absence de resultat","Raison de l'absence de resultat","","","","","","","","","",,,,,"",,,,"FRLMPregnancyHistory.result.dataAbsentReason",0,1,"",""
"FRLMPregnancyHistory","FRLMPregnancyHistory.interpretation","FRLMPregnancyHistory.interpretation","","","",0,*,"","","","CodeableConcept {[]} {[]}
","Interpretation du resultat","Interpretation du resultat","","","","","","","","","",,,,,"",,,,"FRLMPregnancyHistory.interpretation",0,*,"",""
"FRLMPregnancyHistory","FRLMPregnancyHistory.note","FRLMPregnancyHistory.note","","","",0,1,"","","","string {[]} {[]}
","Commentaire","Commentaire","","","","","","","","","",,,,,"",,,,"FRLMPregnancyHistory.note",0,1,"",""
"FRLMPregnancyHistory","FRLMPregnancyHistory.component","FRLMPregnancyHistory.component","","","",0,*,"","","","Base {[]} {[]}
","Composant detaillé de l'observation","Composant detaillé de l'observation","","","","","","","","","",,,,,"",,,,"FRLMPregnancyHistory.component",0,*,"",""
"FRLMPregnancyHistory","FRLMPregnancyHistory.derivedFrom[x]","FRLMPregnancyHistory.derivedFrom[x]","","","",0,*,"","","","https://interop.esante.gouv.fr/ig/document-core/StructureDefinition/FRLMObservation {[]} {[]}
https://interop.esante.gouv.fr/ig/document-core/StructureDefinition/FRLMLaboratoryObservation {[]} {[]}https://interop.esante.gouv.fr/ig/document-core/StructureDefinition/FRLMImagingStudy {[]} {[]}","Observation ou examen source dont derive cette information","Observation ou examen source dont derive cette information","","","","","","","","","",,,,,"",,,,"FRLMPregnancyHistory.derivedFrom[x]",0,*,"",""
"FRLMPregnancyHistory","FRLMPregnancyHistory.hasMember[x]","FRLMPregnancyHistory.hasMember[x]","","","",0,*,"","","","https://interop.esante.gouv.fr/ig/document-core/StructureDefinition/FRLMLaboratoryObservation {[]} {[]}
https://interop.esante.gouv.fr/ig/document-core/StructureDefinition/FRLMObservation {[]} {[]}","Observations associées","Observations associées","","","","","","","","","",,,,,"",,,,"FRLMPregnancyHistory.hasMember[x]",0,*,"",""
"FRLMPregnancyObservation","FRLMPregnancyObservation","FRLMPregnancyObservation","","","",0,*,"","","","null {[]} {[]}
","Logical model- FR LM Pregnancy Observation","Observation sur la grossesse","","","","","","","","","",,,,,"",,,,"Base",0,*,"",""
"FRLMPregnancyObservation","FRLMPregnancyObservation.header","FRLMPregnancyObservation.header","","","",1,1,"","","","Base {[]} {[]}
","Métadonnées de base","Métadonnées de base","","","","","","","","","",,,,,"",,,,"FRLMEntry.header",1,1,"",""
"FRLMPregnancyObservation","FRLMPregnancyObservation.header.subject","FRLMPregnancyObservation.header.subject","","","",1,1,"","","","https://interop.esante.gouv.fr/ig/document-core/StructureDefinition/FRLMPatient {[]} {[]}
","Patient / Usager","Patient / Usager","","","","","","","","","",,,,,"",,,,"FRLMEntry.header.subject",1,1,"",""
"FRLMPregnancyObservation","FRLMPregnancyObservation.header.identifier","FRLMPregnancyObservation.header.identifier","","","",0,*,"","","","Identifier {[]} {[]}
","Identifiant de l’entrée","Identifiant de l’entrée","","","","","","","","","",,,,,"",,,,"FRLMEntry.header.identifier",0,*,"",""
"FRLMPregnancyObservation","FRLMPregnancyObservation.header.author[x]","FRLMPregnancyObservation.header.author[x]","","","",0,*,"","","","Base {[]} {[]}
","author[x] peut correspondre soit à un professionnel, soit à une organisation, soit à un système.","author[x] peut correspondre soit à un professionnel, soit à une organisation, soit à un système.","","","","","","","","","",,,,,"",,,,"FRLMEntry.header.author[x]",0,*,"",""
"FRLMPregnancyObservation","FRLMPregnancyObservation.header.author[x].authorProfessional","FRLMPregnancyObservation.header.author[x].authorProfessional","","","",0,*,"","","","https://interop.esante.gouv.fr/ig/document-core/StructureDefinition/FRLMHealthProfessional {[]} {[]}
","L'auteur est un professionnel de santé","L'auteur est un professionnel de santé","","","","","","","","","",,,,,"",,,,"FRLMEntry.header.author[x].authorProfessional",0,*,"",""
"FRLMPregnancyObservation","FRLMPregnancyObservation.header.author[x].authorOrganisation","FRLMPregnancyObservation.header.author[x].authorOrganisation","","","",0,*,"","","","https://interop.esante.gouv.fr/ig/document-core/StructureDefinition/FRLMOrganisation {[]} {[]}
","L'auteur est une organisation","L'auteur est une organisation","","","","","","","","","",,,,,"",,,,"FRLMEntry.header.author[x].authorOrganisation",0,*,"",""
"FRLMPregnancyObservation","FRLMPregnancyObservation.header.author[x].authorDevice","FRLMPregnancyObservation.header.author[x].authorDevice","","","",0,*,"","","","https://interop.esante.gouv.fr/ig/document-core/StructureDefinition/FRLMDevice {[]} {[]}
","L'auteur est un système","L'auteur est un système","","","","","","","","","",,,,,"",,,,"FRLMEntry.header.author[x].authorDevice",0,*,"",""
"FRLMPregnancyObservation","FRLMPregnancyObservation.header.performer[x]","FRLMPregnancyObservation.header.performer[x]","","","",0,*,"","","","https://interop.esante.gouv.fr/ig/document-core/StructureDefinition/FRLMHealthProfessional {[]} {[]}
https://interop.esante.gouv.fr/ig/document-core/StructureDefinition/FRLMOrganisation {[]} {[]}","Exécutant (performer)","Exécutant (performer)","","","","","","","","","",,,,,"",,,,"FRLMEntry.header.performer[x]",0,*,"",""
"FRLMPregnancyObservation","FRLMPregnancyObservation.header.participant[x]","FRLMPregnancyObservation.header.participant[x]","","","",0,*,"","","","Base {[]} {[]}
","Participant","Participant","","","","","","","","","",,,,,"",,,,"FRLMEntry.header.participant[x]",0,*,"",""
"FRLMPregnancyObservation","FRLMPregnancyObservation.header.participant[x].participantProfessional","FRLMPregnancyObservation.header.participant[x].participantProfessional","","","",0,*,"","","","https://interop.esante.gouv.fr/ig/document-core/StructureDefinition/FRLMHealthProfessional {[]} {[]}
","Le participant est un professionnel de santé","Le participant est un professionnel de santé","","","","","","","","","",,,,,"",,,,"FRLMEntry.header.participant[x].participantProfessional",0,*,"",""
"FRLMPregnancyObservation","FRLMPregnancyObservation.header.participant[x].participantOrganisation","FRLMPregnancyObservation.header.participant[x].participantOrganisation","","","",0,*,"","","","https://interop.esante.gouv.fr/ig/document-core/StructureDefinition/FRLMOrganisation {[]} {[]}
","Le participant est une organisation","Le participant est une organisation","","","","","","","","","",,,,,"",,,,"FRLMEntry.header.participant[x].participantOrganisation",0,*,"",""
"FRLMPregnancyObservation","FRLMPregnancyObservation.header.participant[x].participantDevice","FRLMPregnancyObservation.header.participant[x].participantDevice","","","",0,*,"","","","https://interop.esante.gouv.fr/ig/document-core/StructureDefinition/FRLMDevice {[]} {[]}
","Le participant est un système","Le participant est un système","","","","","","","","","",,,,,"",,,,"FRLMEntry.header.participant[x].participantDevice",0,*,"",""
"FRLMPregnancyObservation","FRLMPregnancyObservation.header.informant","FRLMPregnancyObservation.header.informant","","","",0,*,"","","","https://interop.esante.gouv.fr/ig/document-core/StructureDefinition/FRLMInformant {[]} {[]}
","Informateur","Informateur","","","","","","","","","",,,,,"",,,,"FRLMEntry.header.informant",0,*,"",""
"FRLMPregnancyObservation","FRLMPregnancyObservation.header.date","FRLMPregnancyObservation.header.date","","","",0,1,"","","","dateTime {[]} {[]}
","Date/Heure de création par l'auteur","Date/Heure de création par l'auteur","","","","","","","","","",,,,,"",,,,"FRLMEntry.header.date",0,1,"",""
"FRLMPregnancyObservation","FRLMPregnancyObservation.header.status","FRLMPregnancyObservation.header.status","","","",1,1,"","","","CodeableConcept {[]} {[]}
","Statut de l'observation","Statut","","","","","","","","","",,,,,"",,,,"FRLMEntry.header.status",0,1,"",""
"FRLMPregnancyObservation","FRLMPregnancyObservation.header.source","FRLMPregnancyObservation.header.source","","","",0,1,"","","","CodeableConcept {[]} {[]}
","Source","Source","","","","","","","","","",,,,,"",,,,"FRLMEntry.header.source",0,1,"",""
"FRLMPregnancyObservation","FRLMPregnancyObservation.header.language","FRLMPregnancyObservation.header.language","","","",0,1,"","","","CodeableConcept {[]} {[]}
","'fr-FR' pour français métropolitain (la casse des caractères doit être respectée)
La partie en minuscules indique le code de la langue utilisée (ISO-639-1)
La partie en majuscules indique le code pays (ISO-3166)","'fr-FR' pour français métropolitain (la casse des caractères doit être respectée)
La partie en minuscules indique le code de la langue utilisée (ISO-639-1)
La partie en majuscules indique le code pays (ISO-3166)","","","","","","","","","",,,,,"",,,,"FRLMEntry.header.language",0,1,"",""
"FRLMPregnancyObservation","FRLMPregnancyObservation.directSubject[x]","FRLMPregnancyObservation.directSubject[x]","","","",0,1,"","","","https://interop.esante.gouv.fr/ig/document-core/StructureDefinition/FRLMPatient {[]} {[]}
https://interop.esante.gouv.fr/ig/document-core/StructureDefinition/FRLMDevice {[]} {[]}https://interop.esante.gouv.fr/ig/document-core/StructureDefinition/FRLMHealthProfessional {[]} {[]}https://interop.esante.gouv.fr/ig/document-core/StructureDefinition/FRLMOrganisation {[]} {[]}https://interop.esante.gouv.fr/ig/document-core/StructureDefinition/FRLMProcedure {[]} {[]}","Sujet de l'observation (si different du patient)","Sujet de l'observation (si different du patient)","","","","","","","","","",,,,,"",,,,"FRLMPregnancyObservation.directSubject[x]",0,1,"",""
"FRLMPregnancyObservation","FRLMPregnancyObservation.observationDate[x]","FRLMPregnancyObservation.observationDate[x]","","","",1,1,"","","","dateTime {[]} {[]}
Period {[]} {[]}","Date de l'observation","Date de l'observation","","","","","","","","","",,,,,"",,,,"FRLMPregnancyObservation.observationDate[x]",1,1,"",""
"FRLMPregnancyObservation","FRLMPregnancyObservation.type","FRLMPregnancyObservation.type","","","",1,1,"","","","CodeableConcept {[]} {[]}
","Type d'observation","Type d'observation","","","","","","","","","",,"required","jdv-issue-grossesse-cisis (1.2.250.1.213.1.1.5.731)","https://smt.esante.gouv.fr/fhir/ValueSet/jdv-issue-grossesse-cisis|20260619134042","",,,,"FRLMPregnancyObservation.type",1,1,"",""
"FRLMPregnancyObservation","FRLMPregnancyObservation.method","FRLMPregnancyObservation.method","","","",0,1,"","","","CodeableConcept {[]} {[]}
","Methode utilisee","Methode utilisee","","","","","","","","","",,"required","jdv-mode-accouchement-cisis (1.2.250.1.213.1.1.5.735)","https://smt.esante.gouv.fr/fhir/ValueSet/jdv-mode-accouchement-cisis|20260619134042","",,,,"FRLMPregnancyObservation.method",0,1,"",""
"FRLMPregnancyObservation","FRLMPregnancyObservation.result","FRLMPregnancyObservation.result","","","",1,1,"","","","Base {[]} {[]}
","Valeur de l'observation","Valeur de l'observation","","","","","","","","","",,,,,"",,,,"FRLMPregnancyObservation.result",1,1,"",""
"FRLMPregnancyObservation","FRLMPregnancyObservation.result.value[x]","FRLMPregnancyObservation.result.value[x]","","","",0,1,"","","","string {[]} {[]}
Quantity {[]} {[]}Range {[]} {[]}Ratio {[]} {[]}CodeableConcept {[]} {[]}","Valeur du resultat","Valeur du resultat","","","","","","","","","",,,,,"",,,,"FRLMPregnancyObservation.result.value[x]",0,1,"",""
"FRLMPregnancyObservation","FRLMPregnancyObservation.result.uncertainty","FRLMPregnancyObservation.result.uncertainty","","","",0,1,"","","","Base {[]} {[]}
","Incertitude associee au resultat","Incertitude associee au resultat","","","","","","","","","",,,,,"",,,,"FRLMPregnancyObservation.result.uncertainty",0,1,"",""
"FRLMPregnancyObservation","FRLMPregnancyObservation.result.uncertainty.value","FRLMPregnancyObservation.result.uncertainty.value","","","",1,1,"","","","decimal {[]} {[]}
","Niveau d'incertitude du resultat","Niveau d'incertitude du resultat","","","","","","","","","",,,,,"",,,,"FRLMPregnancyObservation.result.uncertainty.value",1,1,"",""
"FRLMPregnancyObservation","FRLMPregnancyObservation.result.uncertainty.type","FRLMPregnancyObservation.result.uncertainty.type","","","",0,1,"","","","Coding {[]} {[]}
","Type d'incertitude","Type d'incertitude","","","","","","","","","",,,,,"",,,,"FRLMPregnancyObservation.result.uncertainty.type",0,1,"",""
"FRLMPregnancyObservation","FRLMPregnancyObservation.result.dataAbsentReason","FRLMPregnancyObservation.result.dataAbsentReason","","","",0,1,"","","","CodeableConcept {[]} {[]}
","Raison de l'absence de resultat","Raison de l'absence de resultat","","","","","","","","","",,,,,"",,,,"FRLMPregnancyObservation.result.dataAbsentReason",0,1,"",""
"FRLMPregnancyObservation","FRLMPregnancyObservation.result.referenceRange","FRLMPregnancyObservation.result.referenceRange","","","",0,*,"","","","Base {[]} {[]}
","Intervalle de reference","Intervalle de reference","","","","","","","","","",,,,,"",,,,"FRLMPregnancyObservation.result.referenceRange",0,*,"",""
"FRLMPregnancyObservation","FRLMPregnancyObservation.result.referenceRange.low","FRLMPregnancyObservation.result.referenceRange.low","","","",0,1,"","","","Quantity {[]} {[]}
","Limite inférieure de l'intervalle","Limite inférieure de l'intervalle","","","","","","","","","",,,,,"",,,,"FRLMPregnancyObservation.result.referenceRange.low",0,1,"",""
"FRLMPregnancyObservation","FRLMPregnancyObservation.result.referenceRange.high","FRLMPregnancyObservation.result.referenceRange.high","","","",0,1,"","","","Quantity {[]} {[]}
","Limite supérieure de l'intervalle","Limite supérieure de l'intervalle","","","","","","","","","",,,,,"",,,,"FRLMPregnancyObservation.result.referenceRange.high",0,1,"",""
"FRLMPregnancyObservation","FRLMPregnancyObservation.result.referenceRange.normalValue","FRLMPregnancyObservation.result.referenceRange.normalValue","","","",0,1,"","","","CodeableConcept {[]} {[]}
","Valeur normale","Valeur normale","","","","","","","","","",,,,,"",,,,"FRLMPregnancyObservation.result.referenceRange.normalValue",0,1,"",""
"FRLMPregnancyObservation","FRLMPregnancyObservation.result.referenceRange.type","FRLMPregnancyObservation.result.referenceRange.type","","","",0,1,"","","","CodeableConcept {[]} {[]}
","Type d'intervalle de reference","Type d'intervalle de reference","","","","","","","","","",,,,,"",,,,"FRLMPregnancyObservation.result.referenceRange.type",0,1,"",""
"FRLMPregnancyObservation","FRLMPregnancyObservation.result.referenceRange.appliesTo","FRLMPregnancyObservation.result.referenceRange.appliesTo","","","",0,*,"","","","CodeableConcept {[]} {[]}
","Population ou contexte d'application","Population ou contexte d'application","","","","","","","","","",,,,,"",,,,"FRLMPregnancyObservation.result.referenceRange.appliesTo",0,*,"",""
"FRLMPregnancyObservation","FRLMPregnancyObservation.result.referenceRange.age","FRLMPregnancyObservation.result.referenceRange.age","","","",0,1,"","","","Range {[]} {[]}
","Tranche d'age","Tranche d'age","","","","","","","","","",,,,,"",,,,"FRLMPregnancyObservation.result.referenceRange.age",0,1,"",""
"FRLMPregnancyObservation","FRLMPregnancyObservation.result.referenceRange.text","FRLMPregnancyObservation.result.referenceRange.text","","","",0,1,"","","","string {[]} {[]}
","Texte libre de l'intervalle de reference","Texte libre de l'intervalle de reference","","","","","","","","","",,,,,"",,,,"FRLMPregnancyObservation.result.referenceRange.text",0,1,"",""
"FRLMPregnancyObservation","FRLMPregnancyObservation.interpretation","FRLMPregnancyObservation.interpretation","","","",0,*,"","","","CodeableConcept {[]} {[]}
","Interpretation du resultat","Interpretation du resultat","","","","","","","","","",,,,,"",,,,"FRLMPregnancyObservation.interpretation",0,*,"",""
"FRLMPregnancyObservation","FRLMPregnancyObservation.note","FRLMPregnancyObservation.note","","","",0,1,"","","","string {[]} {[]}
","Commentaire","Commentaire","","","","","","","","","",,,,,"",,,,"FRLMPregnancyObservation.note",0,1,"",""
"FRLMPregnancyObservation","FRLMPregnancyObservation.component","FRLMPregnancyObservation.component","","","",0,*,"","","","Base {[]} {[]}
","Composant detaillé de l'observation","Composant detaillé de l'observation","","","","","","","","","",,,,,"",,,,"FRLMPregnancyObservation.component",0,*,"",""
"FRLMPregnancyObservation","FRLMPregnancyObservation.derivedFrom[x]","FRLMPregnancyObservation.derivedFrom[x]","","","",0,*,"","","","https://interop.esante.gouv.fr/ig/document-core/StructureDefinition/FRLMObservation {[]} {[]}
https://interop.esante.gouv.fr/ig/document-core/StructureDefinition/FRLMLaboratoryObservation {[]} {[]}https://interop.esante.gouv.fr/ig/document-core/StructureDefinition/FRLMImagingStudy {[]} {[]}","Observation ou examen source dont derive cette information","Observation ou examen source dont derive cette information","","","","","","","","","",,,,,"",,,,"FRLMPregnancyObservation.derivedFrom[x]",0,*,"",""
"FRLMPregnancyObservation","FRLMPregnancyObservation.hasMember[x]","FRLMPregnancyObservation.hasMember[x]","","","",0,*,"","","","https://interop.esante.gouv.fr/ig/document-core/StructureDefinition/FRLMLaboratoryObservation {[]} {[]}
https://interop.esante.gouv.fr/ig/document-core/StructureDefinition/FRLMObservation {[]} {[]}","Observations associees rattachees a cette entree","Observations associees rattachees a cette entree","","","","","","","","","",,,,,"",,,,"FRLMPregnancyObservation.hasMember[x]",0,*,"",""
"FRLMPregnancyStatus","FRLMPregnancyStatus","FRLMPregnancyStatus","","","",0,*,"","","","null {[]} {[]}
","Logical model- FR LM Pregnancy Status","Statut de grossesse","","","","","","","","","",,,,,"",,,,"Base",0,*,"",""
"FRLMPregnancyStatus","FRLMPregnancyStatus.header","FRLMPregnancyStatus.header","","","",1,1,"","","","Base {[]} {[]}
","Métadonnées de base","Métadonnées de base","","","","","","","","","",,,,,"",,,,"FRLMEntry.header",1,1,"",""
"FRLMPregnancyStatus","FRLMPregnancyStatus.header.subject","FRLMPregnancyStatus.header.subject","","","",1,1,"","","","https://interop.esante.gouv.fr/ig/document-core/StructureDefinition/FRLMPatient {[]} {[]}
","Patient / Usager","Patient / Usager","","","","","","","","","",,,,,"",,,,"FRLMEntry.header.subject",1,1,"",""
"FRLMPregnancyStatus","FRLMPregnancyStatus.header.identifier","FRLMPregnancyStatus.header.identifier","","","",0,*,"","","","Identifier {[]} {[]}
","Identifiant de l’entrée","Identifiant de l’entrée","","","","","","","","","",,,,,"",,,,"FRLMEntry.header.identifier",0,*,"",""
"FRLMPregnancyStatus","FRLMPregnancyStatus.header.author[x]","FRLMPregnancyStatus.header.author[x]","","","",0,*,"","","","Base {[]} {[]}
","author[x] peut correspondre soit à un professionnel, soit à une organisation, soit à un système.","author[x] peut correspondre soit à un professionnel, soit à une organisation, soit à un système.","","","","","","","","","",,,,,"",,,,"FRLMEntry.header.author[x]",0,*,"",""
"FRLMPregnancyStatus","FRLMPregnancyStatus.header.author[x].authorProfessional","FRLMPregnancyStatus.header.author[x].authorProfessional","","","",0,*,"","","","https://interop.esante.gouv.fr/ig/document-core/StructureDefinition/FRLMHealthProfessional {[]} {[]}
","L'auteur est un professionnel de santé","L'auteur est un professionnel de santé","","","","","","","","","",,,,,"",,,,"FRLMEntry.header.author[x].authorProfessional",0,*,"",""
"FRLMPregnancyStatus","FRLMPregnancyStatus.header.author[x].authorOrganisation","FRLMPregnancyStatus.header.author[x].authorOrganisation","","","",0,*,"","","","https://interop.esante.gouv.fr/ig/document-core/StructureDefinition/FRLMOrganisation {[]} {[]}
","L'auteur est une organisation","L'auteur est une organisation","","","","","","","","","",,,,,"",,,,"FRLMEntry.header.author[x].authorOrganisation",0,*,"",""
"FRLMPregnancyStatus","FRLMPregnancyStatus.header.author[x].authorDevice","FRLMPregnancyStatus.header.author[x].authorDevice","","","",0,*,"","","","https://interop.esante.gouv.fr/ig/document-core/StructureDefinition/FRLMDevice {[]} {[]}
","L'auteur est un système","L'auteur est un système","","","","","","","","","",,,,,"",,,,"FRLMEntry.header.author[x].authorDevice",0,*,"",""
"FRLMPregnancyStatus","FRLMPregnancyStatus.header.performer[x]","FRLMPregnancyStatus.header.performer[x]","","","",0,*,"","","","https://interop.esante.gouv.fr/ig/document-core/StructureDefinition/FRLMHealthProfessional {[]} {[]}
https://interop.esante.gouv.fr/ig/document-core/StructureDefinition/FRLMOrganisation {[]} {[]}","Exécutant (performer)","Exécutant (performer)","","","","","","","","","",,,,,"",,,,"FRLMEntry.header.performer[x]",0,*,"",""
"FRLMPregnancyStatus","FRLMPregnancyStatus.header.participant[x]","FRLMPregnancyStatus.header.participant[x]","","","",0,*,"","","","Base {[]} {[]}
","Participant","Participant","","","","","","","","","",,,,,"",,,,"FRLMEntry.header.participant[x]",0,*,"",""
"FRLMPregnancyStatus","FRLMPregnancyStatus.header.participant[x].participantProfessional","FRLMPregnancyStatus.header.participant[x].participantProfessional","","","",0,*,"","","","https://interop.esante.gouv.fr/ig/document-core/StructureDefinition/FRLMHealthProfessional {[]} {[]}
","Le participant est un professionnel de santé","Le participant est un professionnel de santé","","","","","","","","","",,,,,"",,,,"FRLMEntry.header.participant[x].participantProfessional",0,*,"",""
"FRLMPregnancyStatus","FRLMPregnancyStatus.header.participant[x].participantOrganisation","FRLMPregnancyStatus.header.participant[x].participantOrganisation","","","",0,*,"","","","https://interop.esante.gouv.fr/ig/document-core/StructureDefinition/FRLMOrganisation {[]} {[]}
","Le participant est une organisation","Le participant est une organisation","","","","","","","","","",,,,,"",,,,"FRLMEntry.header.participant[x].participantOrganisation",0,*,"",""
"FRLMPregnancyStatus","FRLMPregnancyStatus.header.participant[x].participantDevice","FRLMPregnancyStatus.header.participant[x].participantDevice","","","",0,*,"","","","https://interop.esante.gouv.fr/ig/document-core/StructureDefinition/FRLMDevice {[]} {[]}
","Le participant est un système","Le participant est un système","","","","","","","","","",,,,,"",,,,"FRLMEntry.header.participant[x].participantDevice",0,*,"",""
"FRLMPregnancyStatus","FRLMPregnancyStatus.header.informant","FRLMPregnancyStatus.header.informant","","","",0,*,"","","","https://interop.esante.gouv.fr/ig/document-core/StructureDefinition/FRLMInformant {[]} {[]}
","Informateur","Informateur","","","","","","","","","",,,,,"",,,,"FRLMEntry.header.informant",0,*,"",""
"FRLMPregnancyStatus","FRLMPregnancyStatus.header.date","FRLMPregnancyStatus.header.date","","","",0,1,"","","","dateTime {[]} {[]}
","Date/Heure de création par l'auteur","Date/Heure de création par l'auteur","","","","","","","","","",,,,,"",,,,"FRLMEntry.header.date",0,1,"",""
"FRLMPregnancyStatus","FRLMPregnancyStatus.header.status","FRLMPregnancyStatus.header.status","","","",1,1,"","","","CodeableConcept {[]} {[]}
","Statut","Statut","","","","","","","","","",,,,,"",,,,"FRLMEntry.header.status",0,1,"",""
"FRLMPregnancyStatus","FRLMPregnancyStatus.header.source","FRLMPregnancyStatus.header.source","","","",0,1,"","","","CodeableConcept {[]} {[]}
","Source","Source","","","","","","","","","",,,,,"",,,,"FRLMEntry.header.source",0,1,"",""
"FRLMPregnancyStatus","FRLMPregnancyStatus.header.language","FRLMPregnancyStatus.header.language","","","",0,1,"","","","CodeableConcept {[]} {[]}
","'fr-FR' pour français métropolitain (la casse des caractères doit être respectée)
La partie en minuscules indique le code de la langue utilisée (ISO-639-1)
La partie en majuscules indique le code pays (ISO-3166)","'fr-FR' pour français métropolitain (la casse des caractères doit être respectée)
La partie en minuscules indique le code de la langue utilisée (ISO-639-1)
La partie en majuscules indique le code pays (ISO-3166)","","","","","","","","","",,,,,"",,,,"FRLMEntry.header.language",0,1,"",""
"FRLMPregnancyStatus","FRLMPregnancyStatus.observationDate[x]","FRLMPregnancyStatus.observationDate[x]","","","",1,1,"","","","dateTime {[]} {[]}
Period {[]} {[]}","Date ou periode de l'observation","Date ou periode de l'observation","","","","","","","","","",,,,,"",,,,"FRLMPregnancyStatus.observationDate[x]",1,1,"",""
"FRLMPregnancyStatus","FRLMPregnancyStatus.type","FRLMPregnancyStatus.type","","","",1,1,"","","","CodeableConcept {[]} {[]}
","LOINC 11449-6 'Pregnancy status'","Type d'observation","","","","","","","","","",,,,,"",,,,"FRLMPregnancyStatus.type",1,1,"",""
"FRLMPregnancyStatus","FRLMPregnancyStatus.result","FRLMPregnancyStatus.result","","","",1,1,"","","","Base {[]} {[]}
","Resultat de l'observation","Resultat de l'observation","","","","","","","","","",,,,,"",,,,"FRLMPregnancyStatus.result",1,1,"",""
"FRLMPregnancyStatus","FRLMPregnancyStatus.result.value[x]","FRLMPregnancyStatus.result.value[x]","","","",0,1,"","","","string {[]} {[]}
Quantity {[]} {[]}Range {[]} {[]}Ratio {[]} {[]}CodeableConcept {[]} {[]}","Valeur du resultat","Valeur du resultat","","","","","","","","","",,"required","Statut de grossesse de la patiente (enceinte, pas enceinte, etc.)","https://smt.esante.gouv.fr/fhir/ValueSet/jdv-statut-grossesse-cisis|20260619134042","",,,,"FRLMPregnancyStatus.result.value[x]",0,1,"",""
"FRLMPregnancyStatus","FRLMPregnancyStatus.result.uncertainty","FRLMPregnancyStatus.result.uncertainty","","","",0,1,"","","","Base {[]} {[]}
","Incertitude associée au resultat","Incertitude associée au resultat","","","","","","","","","",,,,,"",,,,"FRLMPregnancyStatus.result.uncertainty",0,1,"",""
"FRLMPregnancyStatus","FRLMPregnancyStatus.result.uncertainty.value","FRLMPregnancyStatus.result.uncertainty.value","","","",1,1,"","","","decimal {[]} {[]}
","Niveau d'incertitude du resultat","Niveau d'incertitude du resultat","","","","","","","","","",,,,,"",,,,"FRLMPregnancyStatus.result.uncertainty.value",1,1,"",""
"FRLMPregnancyStatus","FRLMPregnancyStatus.result.uncertainty.type","FRLMPregnancyStatus.result.uncertainty.type","","","",0,1,"","","","Coding {[]} {[]}
","Type d'incertitude","Type d'incertitude","","","","","","","","","",,,,,"",,,,"FRLMPregnancyStatus.result.uncertainty.type",0,1,"",""
"FRLMPregnancyStatus","FRLMPregnancyStatus.result.dataAbsentReason","FRLMPregnancyStatus.result.dataAbsentReason","","","",0,1,"","","","CodeableConcept {[]} {[]}
","Raison de l'absence de resultat","Raison de l'absence de resultat","","","","","","","","","",,,,,"",,,,"FRLMPregnancyStatus.result.dataAbsentReason",0,1,"",""
"FRLMPregnancyStatus","FRLMPregnancyStatus.note","FRLMPregnancyStatus.note","","","",0,1,"","","","string {[]} {[]}
","Commentaire","Commentaire","","","","","","","","","",,,,,"",,,,"FRLMPregnancyStatus.note",0,1,"",""
"FRLMPregnancyStatus","FRLMPregnancyStatus.hasMember[x]","FRLMPregnancyStatus.hasMember[x]","","","",0,*,"","","","Base {[]} {[]}
","Observations rattachées a cette entrée","Observations rattachées a cette entrée","","","","","","","","","",,,,,"",,,,"FRLMPregnancyStatus.hasMember[x]",0,*,"",""
"FRLMPregnancyStatus","FRLMPregnancyStatus.hasMember[x].hasMemberFRLMLaboratoryObservation","FRLMPregnancyStatus.hasMember[x].hasMemberFRLMLaboratoryObservation","","","",0,*,"","","","https://interop.esante.gouv.fr/ig/document-core/StructureDefinition/FRLMLaboratoryObservation {[]} {[]}
","Observation de laboratoire associée","Observation de laboratoire associée","","","","","","","","","",,,,,"",,,,"FRLMPregnancyStatus.hasMember[x].hasMemberFRLMLaboratoryObservation",0,*,"",""
"FRLMPregnancyStatus","FRLMPregnancyStatus.hasMember[x].hasMemberEstimatedDeliveryDate","FRLMPregnancyStatus.hasMember[x].hasMemberEstimatedDeliveryDate","","","",0,*,"","","","https://interop.esante.gouv.fr/ig/document-core/StructureDefinition/FRLMObservation {[]} {[]}
","Observation associée a la date d'accouchement. Le type de l'observation doit être issu du jeu de valeurs jdv-date-accouchement-cisis (1.2.250.1.213.1.1.5.853) : https://smt.esante.gouv.fr/fhir/ValueSet/jdv-date-accouchement-cisis","Observation associée a la date d'accouchement. Le type de l'observation doit être issu du jeu de valeurs jdv-date-accouchement-cisis (1.2.250.1.213.1.1.5.853) : https://smt.esante.gouv.fr/fhir/ValueSet/jdv-date-accouchement-cisis","","","","","","","","","",,,,,"",,,,"FRLMPregnancyStatus.hasMember[x].hasMemberEstimatedDeliveryDate",0,*,"",""
"FRLMPregnancyStatus","FRLMPregnancyStatus.hasMember[x].hasMemberGestationalAge","FRLMPregnancyStatus.hasMember[x].hasMemberGestationalAge","","","",0,*,"","","","https://interop.esante.gouv.fr/ig/document-core/StructureDefinition/FRLMObservation {[]} {[]}
","Observation associée a l'age gestationnel. Le type de l'observation doit être issu du jeu de valeurs jdv-age-gestationnel-cisis (1.2.250.1.213.1.1.5.854) : https://smt.esante.gouv.fr/fhir/ValueSet/jdv-age-gestationnel-cisis","Observation associée a l'age gestationnel. Le type de l'observation doit être issu du jeu de valeurs jdv-age-gestationnel-cisis (1.2.250.1.213.1.1.5.854) : https://smt.esante.gouv.fr/fhir/ValueSet/jdv-age-gestationnel-cisis","","","","","","","","","",,,,,"",,,,"FRLMPregnancyStatus.hasMember[x].hasMemberGestationalAge",0,*,"",""
"FRLMPrescriptionEntree","FRLMPrescriptionEntree","FRLMPrescriptionEntree","","","",0,*,"","","","null {[]} {[]}
","Logical model - FR LM Prescription","Prescription ","","","","","","","","","",,,,,"",,,,"Base",0,*,"",""
"FRLMPrescriptionEntree","FRLMPrescriptionEntree.header","FRLMPrescriptionEntree.header","","","",1,1,"","","","Base {[]} {[]}
","Métadonnées de base","Métadonnées de base","","","","","","","","","",,,,,"",,,,"FRLMEntry.header",1,1,"",""
"FRLMPrescriptionEntree","FRLMPrescriptionEntree.header.subject","FRLMPrescriptionEntree.header.subject","","","",1,1,"","","","https://interop.esante.gouv.fr/ig/document-core/StructureDefinition/FRLMPatient {[]} {[]}
","Patient / Usager","Patient / Usager","","","","","","","","","",,,,,"",,,,"FRLMEntry.header.subject",1,1,"",""
"FRLMPrescriptionEntree","FRLMPrescriptionEntree.header.identifier","FRLMPrescriptionEntree.header.identifier","","","",0,*,"","","","Identifier {[]} {[]}
","Identifiant de l’entrée","Identifiant de l’entrée","","","","","","","","","",,,,,"",,,,"FRLMEntry.header.identifier",0,*,"",""
"FRLMPrescriptionEntree","FRLMPrescriptionEntree.header.author[x]","FRLMPrescriptionEntree.header.author[x]","","","",0,*,"","","","Base {[]} {[]}
","author[x] peut correspondre soit à un professionnel, soit à une organisation, soit à un système.","author[x] peut correspondre soit à un professionnel, soit à une organisation, soit à un système.","","","","","","","","","",,,,,"",,,,"FRLMEntry.header.author[x]",0,*,"",""
"FRLMPrescriptionEntree","FRLMPrescriptionEntree.header.author[x].authorProfessional","FRLMPrescriptionEntree.header.author[x].authorProfessional","","","",0,*,"","","","https://interop.esante.gouv.fr/ig/document-core/StructureDefinition/FRLMHealthProfessional {[]} {[]}
","L'auteur est un professionnel de santé","L'auteur est un professionnel de santé","","","","","","","","","",,,,,"",,,,"FRLMEntry.header.author[x].authorProfessional",0,*,"",""
"FRLMPrescriptionEntree","FRLMPrescriptionEntree.header.author[x].authorOrganisation","FRLMPrescriptionEntree.header.author[x].authorOrganisation","","","",0,*,"","","","https://interop.esante.gouv.fr/ig/document-core/StructureDefinition/FRLMOrganisation {[]} {[]}
","L'auteur est une organisation","L'auteur est une organisation","","","","","","","","","",,,,,"",,,,"FRLMEntry.header.author[x].authorOrganisation",0,*,"",""
"FRLMPrescriptionEntree","FRLMPrescriptionEntree.header.author[x].authorDevice","FRLMPrescriptionEntree.header.author[x].authorDevice","","","",0,*,"","","","https://interop.esante.gouv.fr/ig/document-core/StructureDefinition/FRLMDevice {[]} {[]}
","L'auteur est un système","L'auteur est un système","","","","","","","","","",,,,,"",,,,"FRLMEntry.header.author[x].authorDevice",0,*,"",""
"FRLMPrescriptionEntree","FRLMPrescriptionEntree.header.performer[x]","FRLMPrescriptionEntree.header.performer[x]","","","",0,*,"","","","https://interop.esante.gouv.fr/ig/document-core/StructureDefinition/FRLMHealthProfessional {[]} {[]}
https://interop.esante.gouv.fr/ig/document-core/StructureDefinition/FRLMOrganisation {[]} {[]}","Exécutant (performer)","Exécutant (performer)","","","","","","","","","",,,,,"",,,,"FRLMEntry.header.performer[x]",0,*,"",""
"FRLMPrescriptionEntree","FRLMPrescriptionEntree.header.participant[x]","FRLMPrescriptionEntree.header.participant[x]","","","",0,*,"","","","Base {[]} {[]}
","Participant","Participant","","","","","","","","","",,,,,"",,,,"FRLMEntry.header.participant[x]",0,*,"",""
"FRLMPrescriptionEntree","FRLMPrescriptionEntree.header.participant[x].participantProfessional","FRLMPrescriptionEntree.header.participant[x].participantProfessional","","","",0,*,"","","","https://interop.esante.gouv.fr/ig/document-core/StructureDefinition/FRLMHealthProfessional {[]} {[]}
","Le participant est un professionnel de santé","Le participant est un professionnel de santé","","","","","","","","","",,,,,"",,,,"FRLMEntry.header.participant[x].participantProfessional",0,*,"",""
"FRLMPrescriptionEntree","FRLMPrescriptionEntree.header.participant[x].participantOrganisation","FRLMPrescriptionEntree.header.participant[x].participantOrganisation","","","",0,*,"","","","https://interop.esante.gouv.fr/ig/document-core/StructureDefinition/FRLMOrganisation {[]} {[]}
","Le participant est une organisation","Le participant est une organisation","","","","","","","","","",,,,,"",,,,"FRLMEntry.header.participant[x].participantOrganisation",0,*,"",""
"FRLMPrescriptionEntree","FRLMPrescriptionEntree.header.participant[x].participantDevice","FRLMPrescriptionEntree.header.participant[x].participantDevice","","","",0,*,"","","","https://interop.esante.gouv.fr/ig/document-core/StructureDefinition/FRLMDevice {[]} {[]}
","Le participant est un système","Le participant est un système","","","","","","","","","",,,,,"",,,,"FRLMEntry.header.participant[x].participantDevice",0,*,"",""
"FRLMPrescriptionEntree","FRLMPrescriptionEntree.header.informant","FRLMPrescriptionEntree.header.informant","","","",0,*,"","","","https://interop.esante.gouv.fr/ig/document-core/StructureDefinition/FRLMInformant {[]} {[]}
","Informateur","Informateur","","","","","","","","","",,,,,"",,,,"FRLMEntry.header.informant",0,*,"",""
"FRLMPrescriptionEntree","FRLMPrescriptionEntree.header.date","FRLMPrescriptionEntree.header.date","","","",0,1,"","","","dateTime {[]} {[]}
","Date/Heure de création par l'auteur","Date/Heure de création par l'auteur","","","","","","","","","",,,,,"",,,,"FRLMEntry.header.date",0,1,"",""
"FRLMPrescriptionEntree","FRLMPrescriptionEntree.header.status","FRLMPrescriptionEntree.header.status","","","",0,1,"","","","CodeableConcept {[]} {[]}
","Statut","Statut","","","","","","","","","",,,,,"",,,,"FRLMEntry.header.status",0,1,"",""
"FRLMPrescriptionEntree","FRLMPrescriptionEntree.header.source","FRLMPrescriptionEntree.header.source","","","",0,1,"","","","CodeableConcept {[]} {[]}
","Source","Source","","","","","","","","","",,,,,"",,,,"FRLMEntry.header.source",0,1,"",""
"FRLMPrescriptionEntree","FRLMPrescriptionEntree.header.language","FRLMPrescriptionEntree.header.language","","","",0,1,"","","","CodeableConcept {[]} {[]}
","'fr-FR' pour français métropolitain (la casse des caractères doit être respectée)
La partie en minuscules indique le code de la langue utilisée (ISO-639-1)
La partie en majuscules indique le code pays (ISO-3166)","'fr-FR' pour français métropolitain (la casse des caractères doit être respectée)
La partie en minuscules indique le code de la langue utilisée (ISO-639-1)
La partie en majuscules indique le code pays (ISO-3166)","","","","","","","","","",,,,,"",,,,"FRLMEntry.header.language",0,1,"",""
"FRLMPrescriptionEntree","FRLMPrescriptionEntree.identifiantPrescription","FRLMPrescriptionEntree.identifiantPrescription","","","",1,1,"","","","Identifier {[]} {[]}
","Identifiant de la prescription","Identifiant de la prescription","","","","","","","","","",,,,,"",,,,"FRLMPrescriptionEntree.identifiantPrescription",1,1,"",""
"FRLMPrescriptionEntree","FRLMPrescriptionEntree.nombreRenouvellements","FRLMPrescriptionEntree.nombreRenouvellements","","","",0,1,"","","","Range {[]} {[]}
","Nombre de renouvellements possibles","Nombre de renouvellements possibles","","","","","","","","","",,,,,"",,,,"FRLMPrescriptionEntree.nombreRenouvellements",0,1,"",""
"FRLMPrescriptionEntree","FRLMPrescriptionEntree.quantitePrescription","FRLMPrescriptionEntree.quantitePrescription","","","",0,1,"","","","Quantity {[]} {[]}
","Quantité","Quantité","","","","","","","","","",,,,,"",,,,"FRLMPrescriptionEntree.quantitePrescription",0,1,"",""
"FRLMPrescriptionEntree","FRLMPrescriptionEntree.instructionsAuDispensateur","FRLMPrescriptionEntree.instructionsAuDispensateur","","","",0,1,"","","","string {[]} {[]}
","Instructions au dispensateur","Instructions au dispensateur","","","","","","","","","",,,,,"",,,,"FRLMPrescriptionEntree.instructionsAuDispensateur",0,1,"",""
"FRLMPrescriptionItem","FRLMPrescriptionItem","FRLMPrescriptionItem","","","",1,*,"","","","null {[]} {[]}
","Logical model - FR LM Medication Prescription","Traitement prescrit","","","","","","","","","",,,,,"",,,,"Base",0,*,"",""
"FRLMPrescriptionItem","FRLMPrescriptionItem.header","FRLMPrescriptionItem.header","","","",1,1,"","","","Base {[]} {[]}
","Métadonnées de base","Métadonnées de base","","","","","","","","","",,,,,"",,,,"FRLMEntry.header",1,1,"",""
"FRLMPrescriptionItem","FRLMPrescriptionItem.header.subject","FRLMPrescriptionItem.header.subject","","","",1,1,"","","","https://interop.esante.gouv.fr/ig/document-core/StructureDefinition/FRLMPatient {[]} {[]}
","Patient / Usager","Patient / Usager","","","","","","","","","",,,,,"",,,,"FRLMEntry.header.subject",1,1,"",""
"FRLMPrescriptionItem","FRLMPrescriptionItem.header.identifier","FRLMPrescriptionItem.header.identifier","","","",1,*,"","","","Identifier {[]} {[]}
","Identifiant de l’entrée","Identifiant de l’entrée","","","","","","","","","",,,,,"",,,,"FRLMEntry.header.identifier",0,*,"",""
"FRLMPrescriptionItem","FRLMPrescriptionItem.header.author[x]","FRLMPrescriptionItem.header.author[x]","","","",0,1,"","","","Base {[]} {[]}
","Auteur de la prescription","author[x] peut correspondre soit à un professionnel, soit à une organisation, soit à un système.","","","","","","","","","",,,,,"",,,,"FRLMEntry.header.author[x]",0,*,"",""
"FRLMPrescriptionItem","FRLMPrescriptionItem.header.author[x].authorProfessional","FRLMPrescriptionItem.header.author[x].authorProfessional","","","",0,*,"","","","https://interop.esante.gouv.fr/ig/document-core/StructureDefinition/FRLMHealthProfessional {[]} {[]}
","L'auteur est un professionnel de santé","L'auteur est un professionnel de santé","","","","","","","","","",,,,,"",,,,"FRLMEntry.header.author[x].authorProfessional",0,*,"",""
"FRLMPrescriptionItem","FRLMPrescriptionItem.header.author[x].authorOrganisation","FRLMPrescriptionItem.header.author[x].authorOrganisation","","","",0,*,"","","","https://interop.esante.gouv.fr/ig/document-core/StructureDefinition/FRLMOrganisation {[]} {[]}
","L'auteur est une organisation","L'auteur est une organisation","","","","","","","","","",,,,,"",,,,"FRLMEntry.header.author[x].authorOrganisation",0,*,"",""
"FRLMPrescriptionItem","FRLMPrescriptionItem.header.author[x].authorDevice","FRLMPrescriptionItem.header.author[x].authorDevice","","","",0,*,"","","","https://interop.esante.gouv.fr/ig/document-core/StructureDefinition/FRLMDevice {[]} {[]}
","L'auteur est un système","L'auteur est un système","","","","","","","","","",,,,,"",,,,"FRLMEntry.header.author[x].authorDevice",0,*,"",""
"FRLMPrescriptionItem","FRLMPrescriptionItem.header.performer[x]","FRLMPrescriptionItem.header.performer[x]","","","",0,*,"","","","https://interop.esante.gouv.fr/ig/document-core/StructureDefinition/FRLMHealthProfessional {[]} {[]}
https://interop.esante.gouv.fr/ig/document-core/StructureDefinition/FRLMOrganisation {[]} {[]}","Exécutant (performer)","Exécutant (performer)","","","","","","","","","",,,,,"",,,,"FRLMEntry.header.performer[x]",0,*,"",""
"FRLMPrescriptionItem","FRLMPrescriptionItem.header.participant[x]","FRLMPrescriptionItem.header.participant[x]","","","",0,*,"","","","Base {[]} {[]}
","Participant","Participant","","","","","","","","","",,,,,"",,,,"FRLMEntry.header.participant[x]",0,*,"",""
"FRLMPrescriptionItem","FRLMPrescriptionItem.header.participant[x].participantProfessional","FRLMPrescriptionItem.header.participant[x].participantProfessional","","","",0,*,"","","","https://interop.esante.gouv.fr/ig/document-core/StructureDefinition/FRLMHealthProfessional {[]} {[]}
","Le participant est un professionnel de santé","Le participant est un professionnel de santé","","","","","","","","","",,,,,"",,,,"FRLMEntry.header.participant[x].participantProfessional",0,*,"",""
"FRLMPrescriptionItem","FRLMPrescriptionItem.header.participant[x].participantOrganisation","FRLMPrescriptionItem.header.participant[x].participantOrganisation","","","",0,*,"","","","https://interop.esante.gouv.fr/ig/document-core/StructureDefinition/FRLMOrganisation {[]} {[]}
","Le participant est une organisation","Le participant est une organisation","","","","","","","","","",,,,,"",,,,"FRLMEntry.header.participant[x].participantOrganisation",0,*,"",""
"FRLMPrescriptionItem","FRLMPrescriptionItem.header.participant[x].participantDevice","FRLMPrescriptionItem.header.participant[x].participantDevice","","","",0,*,"","","","https://interop.esante.gouv.fr/ig/document-core/StructureDefinition/FRLMDevice {[]} {[]}
","Le participant est un système","Le participant est un système","","","","","","","","","",,,,,"",,,,"FRLMEntry.header.participant[x].participantDevice",0,*,"",""
"FRLMPrescriptionItem","FRLMPrescriptionItem.header.informant","FRLMPrescriptionItem.header.informant","","","",0,*,"","","","https://interop.esante.gouv.fr/ig/document-core/StructureDefinition/FRLMInformant {[]} {[]}
","Informateur","Informateur","","","","","","","","","",,,,,"",,,,"FRLMEntry.header.informant",0,*,"",""
"FRLMPrescriptionItem","FRLMPrescriptionItem.header.date","FRLMPrescriptionItem.header.date","","","",0,1,"","","","dateTime {[]} {[]}
","Date/Heure de création par l'auteur","Date/Heure de création par l'auteur","","","","","","","","","",,,,,"",,,,"FRLMEntry.header.date",0,1,"",""
"FRLMPrescriptionItem","FRLMPrescriptionItem.header.status","FRLMPrescriptionItem.header.status","","","",1,1,"","","","CodeableConcept {[]} {[]}
","Statut de la ligne de prescription","Statut","","","","","","","","","",,,,,"",,,,"FRLMEntry.header.status",0,1,"",""
"FRLMPrescriptionItem","FRLMPrescriptionItem.header.source","FRLMPrescriptionItem.header.source","","","",0,1,"","","","CodeableConcept {[]} {[]}
","Source","Source","","","","","","","","","",,,,,"",,,,"FRLMEntry.header.source",0,1,"",""
"FRLMPrescriptionItem","FRLMPrescriptionItem.header.language","FRLMPrescriptionItem.header.language","","","",0,1,"","","","CodeableConcept {[]} {[]}
","'fr-FR' pour français métropolitain (la casse des caractères doit être respectée)
La partie en minuscules indique le code de la langue utilisée (ISO-639-1)
La partie en majuscules indique le code pays (ISO-3166)","'fr-FR' pour français métropolitain (la casse des caractères doit être respectée)
La partie en minuscules indique le code de la langue utilisée (ISO-639-1)
La partie en majuscules indique le code pays (ISO-3166)","","","","","","","","","",,,,,"",,,,"FRLMEntry.header.language",0,1,"",""
"FRLMPrescriptionItem","FRLMPrescriptionItem.statusReason[x]","FRLMPrescriptionItem.statusReason[x]","","","",0,1,"","","","CodeableConcept {[]} {[]}
string {[]} {[]}","Motif du statut de la ligne de prescription.
Par exemple, motif pour lequelle la ligne de prescription a été invalidée ou modifiée par rapport à la version précédente.","Motif du statut de la ligne de prescription.
Par exemple, motif pour lequelle la ligne de prescription a été invalidée ou modifiée par rapport à la version précédente.","","","","","","","","","",,,,,"",,,,"FRLMPrescriptionItem.statusReason[x]",0,1,"",""
"FRLMPrescriptionItem","FRLMPrescriptionItem.medication","FRLMPrescriptionItem.medication","","","",1,1,"","","","https://interop.esante.gouv.fr/ig/document-core/StructureDefinition/FRLMMedication {[]} {[]}
","Produit de santé","Produit de santé","","","","","","","","","",,,,,"",,,,"FRLMPrescriptionItem.medication",1,1,"",""
"FRLMPrescriptionItem","FRLMPrescriptionItem.indication[x]","FRLMPrescriptionItem.indication[x]","","","",0,*,"","","","CodeableConcept {[]} {[]}
string {[]} {[]}","Motif du traitement (problème ou acte).","Motif du traitement (problème ou acte).","","","","","","","","","",,"preferred","ICD-10, SNOMED CT, Orphacode","","",,,,"FRLMPrescriptionItem.indication[x]",0,*,"",""
"FRLMPrescriptionItem","FRLMPrescriptionItem.intendedUseType","FRLMPrescriptionItem.intendedUseType","","","",0,1,"","","","CodeableConcept {[]} {[]}
","Objet de la prescription - prophylaxie, traitement, anesthésie, etc","Objet de la prescription - prophylaxie, traitement, anesthésie, etc","","","","","","","","","",,,,,"",,,,"FRLMPrescriptionItem.intendedUseType",0,1,"",""
"FRLMPrescriptionItem","FRLMPrescriptionItem.periodOfUse","FRLMPrescriptionItem.periodOfUse","","","",0,1,"","","","Period {[]} {[]}
","Durée du traitement","Durée du traitement","","","","","","","","","",,,,,"",,,,"FRLMPrescriptionItem.periodOfUse",0,1,"",""
"FRLMPrescriptionItem","FRLMPrescriptionItem.dosageInstructions","FRLMPrescriptionItem.dosageInstructions","","","",1,1,"","","","https://interop.esante.gouv.fr/ig/document-core/StructureDefinition/FRLMDosageInstructions {[]} {[]}
","Posologie","Posologie","","","","","","","","","",,,,,"",,,,"FRLMPrescriptionItem.dosageInstructions",1,1,"",""
"FRLMPrescriptionItem","FRLMPrescriptionItem.quantityPrescribed","FRLMPrescriptionItem.quantityPrescribed","","","",0,1,"","","","Quantity {[]} {[]}
","Quantite de produit","Quantite de produit","","","","","","","","","",,,,,"",,,,"FRLMPrescriptionItem.quantityPrescribed",0,1,"",""
"FRLMPrescriptionItem","FRLMPrescriptionItem.validityPeriod","FRLMPrescriptionItem.validityPeriod","","","",0,1,"","","","Period {[]} {[]}
","Periode de validité de la ligne de prescription","Periode de validité de la ligne de prescription","","","","","","","","","",,,,,"",,,,"FRLMPrescriptionItem.validityPeriod",0,1,"",""
"FRLMPrescriptionItem","FRLMPrescriptionItem.substitution","FRLMPrescriptionItem.substitution","","","",0,1,"","","","Base {[]} {[]}
","Autorisation de substitution","Autorisation de substitution","","","","","","","","","",,,,,"",,,,"FRLMPrescriptionItem.substitution",0,1,"",""
"FRLMPrescriptionItem","FRLMPrescriptionItem.substitution.allowed[x]","FRLMPrescriptionItem.substitution.allowed[x]","","","",0,1,"","","","CodeableConcept {[]} {[]}
boolean {[]} {[]}","Type de substitution","Type de substitution","","","","","","","","","",,"required","jdv-hl7-v3-ActSubstanceAdminSubstitutionCode-cisis (2.16.840.1.113883.1.11.16621)","https://smt.esante.gouv.fr/fhir/ValueSet/jdv-hl7-v3-ActSubstanceAdminSubstitutionCode-cisis|20260619134042","",,,,"FRLMPrescriptionItem.substitution.allowed[x]",0,1,"",""
"FRLMPrescriptionItem","FRLMPrescriptionItem.substitution.reason[x]","FRLMPrescriptionItem.substitution.reason[x]","","","",0,1,"","","","CodeableConcept {[]} {[]}
string {[]} {[]}","Motif de non substitution (Marge thérapeutique étroite, Enfant forme galénique, Contre-indication formelle).","Motif de non substitution (Marge thérapeutique étroite, Enfant forme galénique, Contre-indication formelle).","","","","","","","","","",,,,,"",,,,"FRLMPrescriptionItem.substitution.reason[x]",0,1,"",""
"FRLMPrescriptionItem","FRLMPrescriptionItem.numberOfRepeats","FRLMPrescriptionItem.numberOfRepeats","","","",0,1,"","","","integer {[]} {[]}
","Nombre de renouvellement(s) possible(s). Non renseigné si pas de limite du nombre de dispensation. '0'=dispensation unique. Le nombre total de dispensation = nombre de renouvellement + 1.","Nombre de renouvellement(s) possible(s). Non renseigné si pas de limite du nombre de dispensation. '0'=dispensation unique. Le nombre total de dispensation = nombre de renouvellement + 1.","","","","","","","","","",,,,,"",,,,"FRLMPrescriptionItem.numberOfRepeats",0,1,"",""
"FRLMPrescriptionItem","FRLMPrescriptionItem.minimumDispenseInterval","FRLMPrescriptionItem.minimumDispenseInterval","","","",0,1,"","","","Quantity {[]} {[]}
","Intervalle minimal de délivrance. Si une ordonnance autorise des délivrances répétées, l'intervalle entre ces délivrances doit être indiqué ici.","Intervalle minimal de délivrance. Si une ordonnance autorise des délivrances répétées, l'intervalle entre ces délivrances doit être indiqué ici.","","","","","","","","","",,,,,"",,,,"FRLMPrescriptionItem.minimumDispenseInterval",0,1,"",""
"FRLMPrescriptionItem","FRLMPrescriptionItem.offLabel","FRLMPrescriptionItem.offLabel","","","",1,1,"","","","Base {[]} {[]}
","Hors AMM. Indique que le prescripteur a sciemment prescrit le médicament pour une indication, un groupe d'âge, une posologie ou une voie d'administration non approuvée par les organismes de réglementation et non mentionnée dans la notice du médicament.","Hors AMM. Indique que le prescripteur a sciemment prescrit le médicament pour une indication, un groupe d'âge, une posologie ou une voie d'administration non approuvée par les organismes de réglementation et non mentionnée dans la notice du médicament.","","","","","","","","","",,,,,"",,,,"FRLMPrescriptionItem.offLabel",1,1,"",""
"FRLMPrescriptionItem","FRLMPrescriptionItem.offLabel.isOffLabelUse","FRLMPrescriptionItem.offLabel.isOffLabelUse","","","",1,1,"","","","boolean {[]} {[]}
","Indique si la prescription est hors AMM. Doit être égal à « true » lorsque la raison est fournie.","Indique si la prescription est hors AMM. Doit être égal à « true » lorsque la raison est fournie.","","","","","","","","","",,,,,"",,,,"FRLMPrescriptionItem.offLabel.isOffLabelUse",1,1,"",""
"FRLMPrescriptionItem","FRLMPrescriptionItem.offLabel.reason[x]","FRLMPrescriptionItem.offLabel.reason[x]","","","",0,*,"","","","CodeableConcept {[]} {[]}
string {[]} {[]}","Raison de la prescription hors AMM","Raison de la prescription hors AMM","","","","","","","","","",,,,,"",,,,"FRLMPrescriptionItem.offLabel.reason[x]",0,*,"",""
"FRLMPrescriptionItem","FRLMPrescriptionItem.note","FRLMPrescriptionItem.note","","","",0,1,"","","","string {[]} {[]}
","Instructions au dispensateur","Instructions au dispensateur","","","","","","","","","",,,,,"",,,,"FRLMPrescriptionItem.note",0,1,"",""
"FRLMPrescriptionItem","FRLMPrescriptionItem.enRapportAvecALD","FRLMPrescriptionItem.enRapportAvecALD","","","",1,1,"","","","boolean {[]} {[]}
","En rapport avec ALD","En rapport avec ALD","","","","","","","","","",,,,,"",,,,"FRLMPrescriptionItem.enRapportAvecALD",1,1,"",""
"FRLMPrescriptionItem","FRLMPrescriptionItem.enRapportAvecAccidentTravail","FRLMPrescriptionItem.enRapportAvecAccidentTravail","","","",1,1,"","","","boolean {[]} {[]}
","En rapport avec accident travail","En rapport avec accident travail","","","","","","","","","",,,,,"",,,,"FRLMPrescriptionItem.enRapportAvecAccidentTravail",1,1,"",""
"FRLMPrescriptionItem","FRLMPrescriptionItem.enRapportAvecPrevention","FRLMPrescriptionItem.enRapportAvecPrevention","","","",1,1,"","","","boolean {[]} {[]}
","En rapport avec la prevention","En rapport avec la prevention","","","","","","","","","",,,,,"",,,,"FRLMPrescriptionItem.enRapportAvecPrevention",1,1,"",""
"FRLMPrescriptionItem","FRLMPrescriptionItem.nonRemboursable","FRLMPrescriptionItem.nonRemboursable","","","",1,1,"","","","boolean {[]} {[]}
","Non remboursable","Non remboursable","","","","","","","","","",,,,,"",,,,"FRLMPrescriptionItem.nonRemboursable",1,1,"",""
"FRLMPresentedForm","FRLMPresentedForm","FRLMPresentedForm","","","",0,*,"","","","null {[]} {[]}
","Logical model - FR LM Presented Form","Section Document PDF-copie","","","","","","","","","",,,,,"",,,,"Base",0,*,"",""
"FRLMPresentedForm","FRLMPresentedForm.codeSection","FRLMPresentedForm.codeSection","","","",1,1,"","","","CodeableConcept {[]} {[]}
","Code de la section","Code de la section","","","","","","","","","",,,,,"",,,,"FRLMSection.codeSection",1,1,"",""
"FRLMPresentedForm","FRLMPresentedForm.titleSection","FRLMPresentedForm.titleSection","","","",1,1,"","","","string {[]} {[]}
","Titre de la section","Titre de la section","","","","","","","","","",,,,,"",,,,"FRLMSection.titleSection",0,1,"",""
"FRLMPresentedForm","FRLMPresentedForm.description","FRLMPresentedForm.description","","","",1,1,"","","","string {[]} {[]}
","Bloc narratif","Bloc narratif","","","","","","","","","",,,,,"",,,,"FRLMSection.description",1,1,"",""
"FRLMPresentedForm","FRLMPresentedForm.author[x]","FRLMPresentedForm.author[x]","","","",0,*,"","","","Base {[]} {[]}
","author[x] peut correspondre soit à un professionnel, soit à une organisation, soit à un système.","author[x] peut correspondre soit à un professionnel, soit à une organisation, soit à un système.","","","","","","","","","",,,,,"",,,,"FRLMSection.author[x]",0,*,"",""
"FRLMPresentedForm","FRLMPresentedForm.author[x].authorProfessional","FRLMPresentedForm.author[x].authorProfessional","","","",0,*,"","","","https://interop.esante.gouv.fr/ig/document-core/StructureDefinition/FRLMHealthProfessional {[]} {[]}
","L'auteur est un professionnel de santé","L'auteur est un professionnel de santé","","","","","","","","","",,,,,"",,,,"FRLMSection.author[x].authorProfessional",0,*,"",""
"FRLMPresentedForm","FRLMPresentedForm.author[x].authorOrganisation","FRLMPresentedForm.author[x].authorOrganisation","","","",0,*,"","","","https://interop.esante.gouv.fr/ig/document-core/StructureDefinition/FRLMOrganisation {[]} {[]}
","L'auteur est une organisation","L'auteur est une organisation","","","","","","","","","",,,,,"",,,,"FRLMSection.author[x].authorOrganisation",0,*,"",""
"FRLMPresentedForm","FRLMPresentedForm.author[x].authorDevice","FRLMPresentedForm.author[x].authorDevice","","","",0,*,"","","","https://interop.esante.gouv.fr/ig/document-core/StructureDefinition/FRLMDevice {[]} {[]}
","L'auteur est un système","L'auteur est un système","","","","","","","","","",,,,,"",,,,"FRLMSection.author[x].authorDevice",0,*,"",""
"FRLMPresentedForm","FRLMPresentedForm.informant","FRLMPresentedForm.informant","","","",0,*,"","","","https://interop.esante.gouv.fr/ig/document-core/StructureDefinition/FRLMInformant {[]} {[]}
","Informateur","Informateur","","","","","","","","","",,,,,"",,,,"FRLMSection.informant",0,*,"",""
"FRLMPresentedForm","FRLMPresentedForm.subSection","FRLMPresentedForm.subSection","","","",0,0,"","","","Base {[]} {[]}
","Sous-sections","Sous-sections","","","","","","","","","",,,,,"",,,,"FRLMSection.subSection",0,*,"",""
"FRLMPresentedForm","FRLMPresentedForm.entry","FRLMPresentedForm.entry","","","",1,1,"","","","Base {[]} {[]}
","Entrées","Entrées","","","","","","","","","",,,,,"",,,,"FRLMSection.entry",0,*,"",""
"FRLMPresentedForm","FRLMPresentedForm.entry.attachment","FRLMPresentedForm.entry.attachment","","","",1,1,"","","","https://interop.esante.gouv.fr/ig/document-core/StructureDefinition/FRLMAttachment {[]} {[]}
","Entrée Document attaché","Entrée Document attaché","","","","","","","","","",,,,,"",,,,"FRLMPresentedForm.entry.attachment",1,1,"",""
"FRLMProblems","FRLMProblems","FRLMProblems","","","",0,*,"","","","null {[]} {[]}
","Logical model - FR LM Problems","Section Problems","","","","","","","","","",,,,,"",,,,"Base",0,*,"",""
"FRLMProblems","FRLMProblems.codeSection","FRLMProblems.codeSection","","","",1,1,"","","","CodeableConcept {[]} {[]}
","Code de la section","Code de la section","","","","","","","","","",,,,,"",,,,"FRLMSection.codeSection",1,1,"",""
"FRLMProblems","FRLMProblems.titleSection","FRLMProblems.titleSection","","","",1,1,"","","","string {[]} {[]}
","Titre de la section","Titre de la section","","","","","","","","","",,,,,"",,,,"FRLMSection.titleSection",0,1,"",""
"FRLMProblems","FRLMProblems.description","FRLMProblems.description","","","",1,1,"","","","string {[]} {[]}
","Bloc narratif","Bloc narratif","","","","","","","","","",,,,,"",,,,"FRLMSection.description",1,1,"",""
"FRLMProblems","FRLMProblems.author[x]","FRLMProblems.author[x]","","","",0,*,"","","","Base {[]} {[]}
","author[x] peut correspondre soit à un professionnel, soit à une organisation, soit à un système.","author[x] peut correspondre soit à un professionnel, soit à une organisation, soit à un système.","","","","","","","","","",,,,,"",,,,"FRLMSection.author[x]",0,*,"",""
"FRLMProblems","FRLMProblems.author[x].authorProfessional","FRLMProblems.author[x].authorProfessional","","","",0,*,"","","","https://interop.esante.gouv.fr/ig/document-core/StructureDefinition/FRLMHealthProfessional {[]} {[]}
","L'auteur est un professionnel de santé","L'auteur est un professionnel de santé","","","","","","","","","",,,,,"",,,,"FRLMSection.author[x].authorProfessional",0,*,"",""
"FRLMProblems","FRLMProblems.author[x].authorOrganisation","FRLMProblems.author[x].authorOrganisation","","","",0,*,"","","","https://interop.esante.gouv.fr/ig/document-core/StructureDefinition/FRLMOrganisation {[]} {[]}
","L'auteur est une organisation","L'auteur est une organisation","","","","","","","","","",,,,,"",,,,"FRLMSection.author[x].authorOrganisation",0,*,"",""
"FRLMProblems","FRLMProblems.author[x].authorDevice","FRLMProblems.author[x].authorDevice","","","",0,*,"","","","https://interop.esante.gouv.fr/ig/document-core/StructureDefinition/FRLMDevice {[]} {[]}
","L'auteur est un système","L'auteur est un système","","","","","","","","","",,,,,"",,,,"FRLMSection.author[x].authorDevice",0,*,"",""
"FRLMProblems","FRLMProblems.informant","FRLMProblems.informant","","","",0,*,"","","","https://interop.esante.gouv.fr/ig/document-core/StructureDefinition/FRLMInformant {[]} {[]}
","Informateur","Informateur","","","","","","","","","",,,,,"",,,,"FRLMSection.informant",0,*,"",""
"FRLMProblems","FRLMProblems.subSection","FRLMProblems.subSection","","","",0,0,"","","","Base {[]} {[]}
","Sous-sections","Sous-sections","","","","","","","","","",,,,,"",,,,"FRLMSection.subSection",0,*,"",""
"FRLMProblems","FRLMProblems.entry","FRLMProblems.entry","","","",0,*,"","","","Base {[]} {[]}
","Entrées","Entrées","","","","","","","","","",,,,,"",,,,"FRLMSection.entry",0,*,"",""
"FRLMProblems","FRLMProblems.entry.problem","FRLMProblems.entry.problem","","","",1,*,"","","","https://interop.esante.gouv.fr/ig/document-core/StructureDefinition/FRLMCondition {[]} {[]}
","Entrée Problème","Entrée Problème","","","","","","","","","",,,,,"",,,,"FRLMProblems.entry.problem",1,*,"",""
"FRLMProcedure","FRLMProcedure","FRLMProcedure","","","",0,*,"","","","null {[]} {[]}
","Logical model- FR LM Procedure","Acte","","","","","","","","","",,,,,"",,,,"Base",0,*,"",""
"FRLMProcedure","FRLMProcedure.header","FRLMProcedure.header","","","",1,1,"","","","Base {[]} {[]}
","Métadonnées de base","Métadonnées de base","","","","","","","","","",,,,,"",,,,"FRLMEntry.header",1,1,"",""
"FRLMProcedure","FRLMProcedure.header.subject","FRLMProcedure.header.subject","","","",1,1,"","","","https://interop.esante.gouv.fr/ig/document-core/StructureDefinition/FRLMPatient {[]} {[]}
","Patient / Usager","Patient / Usager","","","","","","","","","",,,,,"",,,,"FRLMEntry.header.subject",1,1,"",""
"FRLMProcedure","FRLMProcedure.header.identifier","FRLMProcedure.header.identifier","","","",0,*,"","","","Identifier {[]} {[]}
","Identifiant de l’entrée","Identifiant de l’entrée","","","","","","","","","",,,,,"",,,,"FRLMEntry.header.identifier",0,*,"",""
"FRLMProcedure","FRLMProcedure.header.author[x]","FRLMProcedure.header.author[x]","","","",0,*,"","","","Base {[]} {[]}
","author[x] peut correspondre soit à un professionnel, soit à une organisation, soit à un système.","author[x] peut correspondre soit à un professionnel, soit à une organisation, soit à un système.","","","","","","","","","",,,,,"",,,,"FRLMEntry.header.author[x]",0,*,"",""
"FRLMProcedure","FRLMProcedure.header.author[x].authorProfessional","FRLMProcedure.header.author[x].authorProfessional","","","",0,*,"","","","https://interop.esante.gouv.fr/ig/document-core/StructureDefinition/FRLMHealthProfessional {[]} {[]}
","L'auteur est un professionnel de santé","L'auteur est un professionnel de santé","","","","","","","","","",,,,,"",,,,"FRLMEntry.header.author[x].authorProfessional",0,*,"",""
"FRLMProcedure","FRLMProcedure.header.author[x].authorOrganisation","FRLMProcedure.header.author[x].authorOrganisation","","","",0,*,"","","","https://interop.esante.gouv.fr/ig/document-core/StructureDefinition/FRLMOrganisation {[]} {[]}
","L'auteur est une organisation","L'auteur est une organisation","","","","","","","","","",,,,,"",,,,"FRLMEntry.header.author[x].authorOrganisation",0,*,"",""
"FRLMProcedure","FRLMProcedure.header.author[x].authorDevice","FRLMProcedure.header.author[x].authorDevice","","","",0,*,"","","","https://interop.esante.gouv.fr/ig/document-core/StructureDefinition/FRLMDevice {[]} {[]}
","L'auteur est un système","L'auteur est un système","","","","","","","","","",,,,,"",,,,"FRLMEntry.header.author[x].authorDevice",0,*,"",""
"FRLMProcedure","FRLMProcedure.header.performer[x]","FRLMProcedure.header.performer[x]","","","",0,*,"","","","https://interop.esante.gouv.fr/ig/document-core/StructureDefinition/FRLMHealthProfessional {[]} {[]}
https://interop.esante.gouv.fr/ig/document-core/StructureDefinition/FRLMOrganisation {[]} {[]}","Exécutant (performer)","Exécutant (performer)","","","","","","","","","",,,,,"",,,,"FRLMEntry.header.performer[x]",0,*,"",""
"FRLMProcedure","FRLMProcedure.header.participant[x]","FRLMProcedure.header.participant[x]","","","",0,*,"","","","Base {[]} {[]}
","Participant","Participant","","","","","","","","","",,,,,"",,,,"FRLMEntry.header.participant[x]",0,*,"",""
"FRLMProcedure","FRLMProcedure.header.participant[x].participantProfessional","FRLMProcedure.header.participant[x].participantProfessional","","","",0,*,"","","","https://interop.esante.gouv.fr/ig/document-core/StructureDefinition/FRLMHealthProfessional {[]} {[]}
","Le participant est un professionnel de santé","Le participant est un professionnel de santé","","","","","","","","","",,,,,"",,,,"FRLMEntry.header.participant[x].participantProfessional",0,*,"",""
"FRLMProcedure","FRLMProcedure.header.participant[x].participantOrganisation","FRLMProcedure.header.participant[x].participantOrganisation","","","",0,*,"","","","https://interop.esante.gouv.fr/ig/document-core/StructureDefinition/FRLMOrganisation {[]} {[]}
","Le participant est une organisation","Le participant est une organisation","","","","","","","","","",,,,,"",,,,"FRLMEntry.header.participant[x].participantOrganisation",0,*,"",""
"FRLMProcedure","FRLMProcedure.header.participant[x].participantDevice","FRLMProcedure.header.participant[x].participantDevice","","","",0,*,"","","","https://interop.esante.gouv.fr/ig/document-core/StructureDefinition/FRLMDevice {[]} {[]}
","Le participant est un système","Le participant est un système","","","","","","","","","",,,,,"",,,,"FRLMEntry.header.participant[x].participantDevice",0,*,"",""
"FRLMProcedure","FRLMProcedure.header.informant","FRLMProcedure.header.informant","","","",0,*,"","","","https://interop.esante.gouv.fr/ig/document-core/StructureDefinition/FRLMInformant {[]} {[]}
","Informateur","Informateur","","","","","","","","","",,,,,"",,,,"FRLMEntry.header.informant",0,*,"",""
"FRLMProcedure","FRLMProcedure.header.date","FRLMProcedure.header.date","","","",0,1,"","","","dateTime {[]} {[]}
","Date/Heure de création par l'auteur","Date/Heure de création par l'auteur","","","","","","","","","",,,,,"",,,,"FRLMEntry.header.date",0,1,"",""
"FRLMProcedure","FRLMProcedure.header.status","FRLMProcedure.header.status","","","",1,1,"","","","CodeableConcept {[]} {[]}
","Statut de l'acte","Statut","","","","","","","","","",,"required","jdv-hl7-v3-ActStatus-cisis (2.16.840.1.113883.1.11.15933)","https://smt.esante.gouv.fr/fhir/ValueSet/jdv-hl7-v3-ActStatus-cisis|20260619134042","",,,,"FRLMEntry.header.status",0,1,"",""
"FRLMProcedure","FRLMProcedure.header.source","FRLMProcedure.header.source","","","",0,1,"","","","CodeableConcept {[]} {[]}
","Source","Source","","","","","","","","","",,,,,"",,,,"FRLMEntry.header.source",0,1,"",""
"FRLMProcedure","FRLMProcedure.header.language","FRLMProcedure.header.language","","","",0,1,"","","","CodeableConcept {[]} {[]}
","'fr-FR' pour français métropolitain (la casse des caractères doit être respectée)
La partie en minuscules indique le code de la langue utilisée (ISO-639-1)
La partie en majuscules indique le code pays (ISO-3166)","'fr-FR' pour français métropolitain (la casse des caractères doit être respectée)
La partie en minuscules indique le code de la langue utilisée (ISO-639-1)
La partie en majuscules indique le code pays (ISO-3166)","","","","","","","","","",,,,,"",,,,"FRLMEntry.header.language",0,1,"",""
"FRLMProcedure","FRLMProcedure.code","FRLMProcedure.code","","","",1,1,"","","","CodeableConcept {[]} {[]}
","Code de l'acte","Code de l'acte","","","","","","","","","",,"required","CCAM (1.2.250.1.215.300.1)","","",,,,"FRLMProcedure.code",1,1,"",""
"FRLMProcedure","FRLMProcedure.procedureDate[x]","FRLMProcedure.procedureDate[x]","","","",1,1,"","","","Extension {[CanonicalType[http://hl7.org/fhir/StructureDefinition/organization-period|5.3.0]]} {[]}
","Période de l'acte","Période de l'acte","","","","","","","","","",,,,,"",,,,"FRLMProcedure.procedureDate[x]",1,1,"","ele-1:All FHIR elements must have a @value or children {hasValue() or (children().count() > id.count())}
ext-1:Must have either extensions or value[x], not both {extension.exists() != value.exists()}"
"FRLMProcedure","FRLMProcedure.procedureDate[x].id","FRLMProcedure.procedureDate[x].id","","","",0,1,"","","","string {[]} {[]}
","Unique id for inter-element referencing","Unique id for the element within a resource (for internal references). This may be any string value that does not contain spaces.","","","","","","","","","",,,,,"",,,,"Element.id",0,1,"",""
"FRLMProcedure","FRLMProcedure.procedureDate[x].extension","FRLMProcedure.procedureDate[x].extension","","extensions
user content","",0,*,"","","","Extension {[]} {[]}
","Additional content defined by implementations","May be used to represent additional information that is not part of the basic definition of the element. To make the use of extensions safe and manageable, there is a strict set of governance  applied to the definition and use of extensions. Though any implementer can define an extension, there is a set of requirements that SHALL be met as part of the definition of the extension.","There can be no stigma associated with the use of extensions by any application, project, or standard - regardless of the institution or jurisdiction that uses or defines the extensions.  The use of extensions is what allows the FHIR specification to retain a core level of simplicity for everyone.","","","","","","","","",,,,,"","value:url}
","Extensions are always sliced by (at least) url",,"open","Element.extension",0,*,"","ele-1:All FHIR elements must have a @value or children {hasValue() or (children().count() > id.count())}
ext-1:Must have either extensions or value[x], not both {extension.exists() != value.exists()}"
"FRLMProcedure","FRLMProcedure.procedureDate[x].url","FRLMProcedure.procedureDate[x].url","","","",1,1,"","","","uri {[]} {[]}
","identifies the meaning of the extension","Source of the definition for the extension code - a logical name or a URL.","The definition may point directly to a computable or human-readable definition of the extensibility codes, or it may be a logical URI as declared in some other specification. The definition SHALL be a URI for the Structure Definition defining the extension.","","","","","","","","",,,,,"",,,,"Extension.url",1,1,"",""
"FRLMProcedure","FRLMProcedure.procedureDate[x].value[x]","FRLMProcedure.procedureDate[x].value[x]","","","",0,1,"","","","base64Binary {[]} {[]}
boolean {[]} {[]}canonical {[]} {[]}code {[]} {[]}date {[]} {[]}dateTime {[]} {[]}decimal {[]} {[]}id {[]} {[]}instant {[]} {[]}integer {[]} {[]}markdown {[]} {[]}oid {[]} {[]}positiveInt {[]} {[]}string {[]} {[]}time {[]} {[]}unsignedInt {[]} {[]}uri {[]} {[]}url {[]} {[]}uuid {[]} {[]}Address {[]} {[]}Age {[]} {[]}Annotation {[]} {[]}Attachment {[]} {[]}CodeableConcept {[]} {[]}Coding {[]} {[]}ContactPoint {[]} {[]}Count {[]} {[]}Distance {[]} {[]}Duration {[]} {[]}HumanName {[]} {[]}Identifier {[]} {[]}Money {[]} {[]}Period {[]} {[]}Quantity {[]} {[]}Range {[]} {[]}Ratio {[]} {[]}Reference {[]} {[]}SampledData {[]} {[]}Signature {[]} {[]}Timing {[]} {[]}ContactDetail {[]} {[]}Contributor {[]} {[]}DataRequirement {[]} {[]}Expression {[]} {[]}ParameterDefinition {[]} {[]}RelatedArtifact {[]} {[]}TriggerDefinition {[]} {[]}UsageContext {[]} {[]}Dosage {[]} {[]}Meta {[]} {[]}","Value of extension","Value of extension - must be one of a constrained set of the data types (see [Extensibility](http://hl7.org/fhir/R4/extensibility.html) for a list).","","","","","","","","","",,,,,"",,,,"Extension.value[x]",0,1,"","ele-1:All FHIR elements must have a @value or children {hasValue() or (children().count() > id.count())}
"
"FRLMProcedure","FRLMProcedure.procedureDate[x].procedureDateDateTime","FRLMProcedure.procedureDate[x].procedureDateDateTime","","","",0,1,"","","","dateTime {[]} {[]}
","Date de début de l'acte","Date de début de l'acte","","","","","","","","","",,,,,"",,,,"FRLMProcedure.procedureDate[x].procedureDateDateTime",0,1,"",""
"FRLMProcedure","FRLMProcedure.procedureDate[x].procedureDatePeriod","FRLMProcedure.procedureDate[x].procedureDatePeriod","","","",0,1,"","","","dateTime {[]} {[]}
","Date de fin de l'acte","Date de fin de l'acte","","","","","","","","","",,,,,"",,,,"FRLMProcedure.procedureDate[x].procedureDatePeriod",0,1,"",""
"FRLMProcedure","FRLMProcedure.priority","FRLMProcedure.priority","","","",0,1,"","","","CodeableConcept {[]} {[]}
","Priorité","Priorité","","","","","","","","","",,"required","jdv-hl7-v3-ActPriority-cisis (2.16.840.1.113883.1.11.16866) ou autre JDV","","",,,,"FRLMProcedure.priority",0,1,"",""
"FRLMProcedure","FRLMProcedure.bodySite","FRLMProcedure.bodySite","","","",0,1,"","","","https://interop.esante.gouv.fr/ig/document-core/StructureDefinition/FRLMBodyStructure {[]} {[]}
","localisation anatomique. Le code de la localisation doit être issu de SNOMED CT (2.16.840.1.113883.6.96)","localisation anatomique. Le code de la localisation doit être issu de SNOMED CT (2.16.840.1.113883.6.96)","","","","","","","","","",,,,,"",,,,"FRLMProcedure.bodySite",0,1,"",""
"FRLMProcedure","FRLMProcedure.approachSiteCode","FRLMProcedure.approachSiteCode","","","",0,1,"","","","CodeableConcept {[]} {[]}
","Voie d’abord","Voie d’abord","","","","","","","","","",,"required","SNOMED CT (2.16.840.1.113883.6.96)","","",,,,"FRLMProcedure.approachSiteCode",0,1,"",""
"FRLMProcedure","FRLMProcedure.difficulty","FRLMProcedure.difficulty","","","",0,1,"","","","CodeableConcept {[]} {[]}
","Difficulté","Difficulté","","","","","","","","","",,,,,"",,,,"FRLMProcedure.difficulty",0,1,"",""
"FRLMProcedure","FRLMProcedure.reason[x]","FRLMProcedure.reason[x]","","","",0,*,"","","","CodeableConcept {[]} {[]}
https://interop.esante.gouv.fr/ig/document-core/StructureDefinition/FRLMCondition {[]} {[]}https://interop.esante.gouv.fr/ig/document-core/StructureDefinition/FRLMObservation {[]} {[]}https://interop.esante.gouv.fr/ig/document-core/StructureDefinition/FRLMProcedure {[]} {[]}https://interop.esante.gouv.fr/ig/document-core/StructureDefinition/FRLMEncounter {[]} {[]}","Motif de l’acte.
- motif codé (spécifique à un  contexte)
- motif : un problème
- motif : une observation
- motif : un acte
- motif : une rencontre (consultation, etc…)","Motif de l’acte.
- motif codé (spécifique à un  contexte)
- motif : un problème
- motif : une observation
- motif : un acte
- motif : une rencontre (consultation, etc…)","","","","","","","","","",,,,,"",,,,"FRLMProcedure.reason[x]",0,*,"",""
"FRLMProcedure","FRLMProcedure.outcome","FRLMProcedure.outcome","","","",0,1,"","","","CodeableConcept {[]} {[]}
","Résultat immédiat de l'acte (succès, échec, ...). Ne concerne pas l'évaluation sur une période plus longue.","Résultat immédiat de l'acte (succès, échec, ...). Ne concerne pas l'évaluation sur une période plus longue.","","","","","","","","","",,,,,"",,,,"FRLMProcedure.outcome",0,1,"",""
"FRLMProcedure","FRLMProcedure.complication","FRLMProcedure.complication","","","",0,*,"","","","CodeableConcept {[]} {[]}
","Complication survenue pendant l'acte ou immédiatement après uniquement.","Complication survenue pendant l'acte ou immédiatement après uniquement.","","","","","","","","","",,"preferred","(preferred): ICD-10, SNOMED CT","","",,,,"FRLMProcedure.complication",0,*,"",""
"FRLMProcedure","FRLMProcedure.deviceUsed","FRLMProcedure.deviceUsed","","","",0,*,"","","","https://interop.esante.gouv.fr/ig/document-core/StructureDefinition/FRLMDevice {[]} {[]}
","Dispositif médical utilisé pendant l'acte","Dispositif médical utilisé pendant l'acte","","","","","","","","","",,,,,"",,,,"FRLMProcedure.deviceUsed",0,*,"",""
"FRLMProcedure","FRLMProcedure.focalDevice","FRLMProcedure.focalDevice","","","",0,*,"","","","https://interop.esante.gouv.fr/ig/document-core/StructureDefinition/FRLMDevice {[]} {[]}
","Dispositif implanté, retiré ou manipulé chez le patient (étalonnage, remplacement de la batterie, pose d'une prothèse, fixation d'un système de drainage des plaies par aspiration, etc.).","Dispositif implanté, retiré ou manipulé chez le patient (étalonnage, remplacement de la batterie, pose d'une prothèse, fixation d'un système de drainage des plaies par aspiration, etc.).","","","","","","","","","",,,,,"",,,,"FRLMProcedure.focalDevice",0,*,"",""
"FRLMProcedure","FRLMProcedure.note","FRLMProcedure.note","","","",0,1,"","","","string {[]} {[]}
","Commentaire","Commentaire","","","","","","","","","",,,,,"",,,,"FRLMProcedure.note",0,1,"",""
"FRLMProcedures","FRLMProcedures","FRLMProcedures","","","",0,*,"","","","null {[]} {[]}
","logical model - FR LM Procedures","Section Historique des actes","","","","","","","","","",,,,,"",,,,"Base",0,*,"",""
"FRLMProcedures","FRLMProcedures.codeSection","FRLMProcedures.codeSection","","","",1,1,"","","","CodeableConcept {[]} {[]}
","Code de la section","Code de la section","","","","","","","","","",,,,,"",,,,"FRLMSection.codeSection",1,1,"",""
"FRLMProcedures","FRLMProcedures.titleSection","FRLMProcedures.titleSection","","","",1,1,"","","","string {[]} {[]}
","Titre de la section","Titre de la section","","","","","","","","","",,,,,"",,,,"FRLMSection.titleSection",0,1,"",""
"FRLMProcedures","FRLMProcedures.description","FRLMProcedures.description","","","",1,1,"","","","string {[]} {[]}
","Bloc narratif","Bloc narratif","","","","","","","","","",,,,,"",,,,"FRLMSection.description",1,1,"",""
"FRLMProcedures","FRLMProcedures.author[x]","FRLMProcedures.author[x]","","","",0,*,"","","","Base {[]} {[]}
","author[x] peut correspondre soit à un professionnel, soit à une organisation, soit à un système.","author[x] peut correspondre soit à un professionnel, soit à une organisation, soit à un système.","","","","","","","","","",,,,,"",,,,"FRLMSection.author[x]",0,*,"",""
"FRLMProcedures","FRLMProcedures.author[x].authorProfessional","FRLMProcedures.author[x].authorProfessional","","","",0,*,"","","","https://interop.esante.gouv.fr/ig/document-core/StructureDefinition/FRLMHealthProfessional {[]} {[]}
","L'auteur est un professionnel de santé","L'auteur est un professionnel de santé","","","","","","","","","",,,,,"",,,,"FRLMSection.author[x].authorProfessional",0,*,"",""
"FRLMProcedures","FRLMProcedures.author[x].authorOrganisation","FRLMProcedures.author[x].authorOrganisation","","","",0,*,"","","","https://interop.esante.gouv.fr/ig/document-core/StructureDefinition/FRLMOrganisation {[]} {[]}
","L'auteur est une organisation","L'auteur est une organisation","","","","","","","","","",,,,,"",,,,"FRLMSection.author[x].authorOrganisation",0,*,"",""
"FRLMProcedures","FRLMProcedures.author[x].authorDevice","FRLMProcedures.author[x].authorDevice","","","",0,*,"","","","https://interop.esante.gouv.fr/ig/document-core/StructureDefinition/FRLMDevice {[]} {[]}
","L'auteur est un système","L'auteur est un système","","","","","","","","","",,,,,"",,,,"FRLMSection.author[x].authorDevice",0,*,"",""
"FRLMProcedures","FRLMProcedures.informant","FRLMProcedures.informant","","","",0,*,"","","","https://interop.esante.gouv.fr/ig/document-core/StructureDefinition/FRLMInformant {[]} {[]}
","Informateur","Informateur","","","","","","","","","",,,,,"",,,,"FRLMSection.informant",0,*,"",""
"FRLMProcedures","FRLMProcedures.subSection","FRLMProcedures.subSection","","","",0,0,"","","","Base {[]} {[]}
","Sous-sections","Sous-sections","","","","","","","","","",,,,,"",,,,"FRLMSection.subSection",0,*,"",""
"FRLMProcedures","FRLMProcedures.entry","FRLMProcedures.entry","","","",0,*,"","","","Base {[]} {[]}
","Entrées","Entrées","","","","","","","","","",,,,,"",,,,"FRLMSection.entry",0,*,"",""
"FRLMProcedures","FRLMProcedures.entry.procedure","FRLMProcedures.entry.procedure","","","",1,*,"","","","https://interop.esante.gouv.fr/ig/document-core/StructureDefinition/FRLMProcedure {[]} {[]}
","Entrée Acte","Entrée Acte","","","","","","","","","",,,,,"",,,,"FRLMProcedures.entry.procedure",1,*,"",""
"FRLMQRCode","FRLMQRCode","FRLMQRCode","","","",0,*,"","","","null {[]} {[]}
","Logical model - FR LM QR Code","Section Codes à barres","","","","","","","","","",,,,,"",,,,"Base",0,*,"",""
"FRLMQRCode","FRLMQRCode.codeSection","FRLMQRCode.codeSection","","","",1,1,"","","","CodeableConcept {[]} {[]}
","Code de la section","Code de la section","","","","","","","","","",,,,,"",,,,"FRLMSection.codeSection",1,1,"",""
"FRLMQRCode","FRLMQRCode.titleSection","FRLMQRCode.titleSection","","","",0,1,"","","","string {[]} {[]}
","Titre de la section","Titre de la section","","","","","","","","","",,,,,"",,,,"FRLMSection.titleSection",0,1,"",""
"FRLMQRCode","FRLMQRCode.description","FRLMQRCode.description","","","",1,1,"","","","string {[]} {[]}
","Bloc narratif","Bloc narratif","","","","","","","","","",,,,,"",,,,"FRLMSection.description",1,1,"",""
"FRLMQRCode","FRLMQRCode.author[x]","FRLMQRCode.author[x]","","","",0,*,"","","","Base {[]} {[]}
","author[x] peut correspondre soit à un professionnel, soit à une organisation, soit à un système.","author[x] peut correspondre soit à un professionnel, soit à une organisation, soit à un système.","","","","","","","","","",,,,,"",,,,"FRLMSection.author[x]",0,*,"",""
"FRLMQRCode","FRLMQRCode.author[x].authorProfessional","FRLMQRCode.author[x].authorProfessional","","","",0,*,"","","","https://interop.esante.gouv.fr/ig/document-core/StructureDefinition/FRLMHealthProfessional {[]} {[]}
","L'auteur est un professionnel de santé","L'auteur est un professionnel de santé","","","","","","","","","",,,,,"",,,,"FRLMSection.author[x].authorProfessional",0,*,"",""
"FRLMQRCode","FRLMQRCode.author[x].authorOrganisation","FRLMQRCode.author[x].authorOrganisation","","","",0,*,"","","","https://interop.esante.gouv.fr/ig/document-core/StructureDefinition/FRLMOrganisation {[]} {[]}
","L'auteur est une organisation","L'auteur est une organisation","","","","","","","","","",,,,,"",,,,"FRLMSection.author[x].authorOrganisation",0,*,"",""
"FRLMQRCode","FRLMQRCode.author[x].authorDevice","FRLMQRCode.author[x].authorDevice","","","",0,*,"","","","https://interop.esante.gouv.fr/ig/document-core/StructureDefinition/FRLMDevice {[]} {[]}
","L'auteur est un système","L'auteur est un système","","","","","","","","","",,,,,"",,,,"FRLMSection.author[x].authorDevice",0,*,"",""
"FRLMQRCode","FRLMQRCode.informant","FRLMQRCode.informant","","","",0,*,"","","","https://interop.esante.gouv.fr/ig/document-core/StructureDefinition/FRLMInformant {[]} {[]}
","Informateur","Informateur","","","","","","","","","",,,,,"",,,,"FRLMSection.informant",0,*,"",""
"FRLMQRCode","FRLMQRCode.subSection","FRLMQRCode.subSection","","","",0,0,"","","","Base {[]} {[]}
","Sous-sections","Sous-sections","","","","","","","","","",,,,,"",,,,"FRLMSection.subSection",0,*,"",""
"FRLMQRCode","FRLMQRCode.entry","FRLMQRCode.entry","","","",0,*,"","","","Base {[]} {[]}
","Entrées","Entrées","","","","","","","","","",,,,,"",,,,"FRLMSection.entry",0,*,"",""
"FRLMQRCode","FRLMQRCode.entry.observationMedia","FRLMQRCode.entry.observationMedia","","","",0,*,"","","","https://interop.esante.gouv.fr/ig/document-core/StructureDefinition/FRLMObservationMedia {[]} {[]}
","Codes à barres : Entrée Image illustrative","Codes à barres : Entrée Image illustrative","","","","","","","","","",,,,,"",,,,"FRLMQRCode.entry.observationMedia",0,*,"",""
"FRLMQuantityExposure","FRLMQuantityExposure","FRLMQuantityExposure","","","",0,*,"","","","null {[]} {[]}
","Logical model - FR LM Quantity Exposure","Quantité exposition","","","","","","","","","",,,,,"",,,,"Base",0,*,"",""
"FRLMQuantityExposure","FRLMQuantityExposure.header","FRLMQuantityExposure.header","","","",1,1,"","","","Base {[]} {[]}
","Métadonnées de base","Métadonnées de base","","","","","","","","","",,,,,"",,,,"FRLMEntry.header",1,1,"",""
"FRLMQuantityExposure","FRLMQuantityExposure.header.subject","FRLMQuantityExposure.header.subject","","","",1,1,"","","","https://interop.esante.gouv.fr/ig/document-core/StructureDefinition/FRLMPatient {[]} {[]}
","Patient / Usager","Patient / Usager","","","","","","","","","",,,,,"",,,,"FRLMEntry.header.subject",1,1,"",""
"FRLMQuantityExposure","FRLMQuantityExposure.header.identifier","FRLMQuantityExposure.header.identifier","","","",0,*,"","","","Identifier {[]} {[]}
","Identifiant de l’entrée","Identifiant de l’entrée","","","","","","","","","",,,,,"",,,,"FRLMEntry.header.identifier",0,*,"",""
"FRLMQuantityExposure","FRLMQuantityExposure.header.author[x]","FRLMQuantityExposure.header.author[x]","","","",0,*,"","","","Base {[]} {[]}
","author[x] peut correspondre soit à un professionnel, soit à une organisation, soit à un système.","author[x] peut correspondre soit à un professionnel, soit à une organisation, soit à un système.","","","","","","","","","",,,,,"",,,,"FRLMEntry.header.author[x]",0,*,"",""
"FRLMQuantityExposure","FRLMQuantityExposure.header.author[x].authorProfessional","FRLMQuantityExposure.header.author[x].authorProfessional","","","",0,*,"","","","https://interop.esante.gouv.fr/ig/document-core/StructureDefinition/FRLMHealthProfessional {[]} {[]}
","L'auteur est un professionnel de santé","L'auteur est un professionnel de santé","","","","","","","","","",,,,,"",,,,"FRLMEntry.header.author[x].authorProfessional",0,*,"",""
"FRLMQuantityExposure","FRLMQuantityExposure.header.author[x].authorOrganisation","FRLMQuantityExposure.header.author[x].authorOrganisation","","","",0,*,"","","","https://interop.esante.gouv.fr/ig/document-core/StructureDefinition/FRLMOrganisation {[]} {[]}
","L'auteur est une organisation","L'auteur est une organisation","","","","","","","","","",,,,,"",,,,"FRLMEntry.header.author[x].authorOrganisation",0,*,"",""
"FRLMQuantityExposure","FRLMQuantityExposure.header.author[x].authorDevice","FRLMQuantityExposure.header.author[x].authorDevice","","","",0,*,"","","","https://interop.esante.gouv.fr/ig/document-core/StructureDefinition/FRLMDevice {[]} {[]}
","L'auteur est un système","L'auteur est un système","","","","","","","","","",,,,,"",,,,"FRLMEntry.header.author[x].authorDevice",0,*,"",""
"FRLMQuantityExposure","FRLMQuantityExposure.header.performer[x]","FRLMQuantityExposure.header.performer[x]","","","",0,*,"","","","https://interop.esante.gouv.fr/ig/document-core/StructureDefinition/FRLMHealthProfessional {[]} {[]}
https://interop.esante.gouv.fr/ig/document-core/StructureDefinition/FRLMOrganisation {[]} {[]}","Exécutant (performer)","Exécutant (performer)","","","","","","","","","",,,,,"",,,,"FRLMEntry.header.performer[x]",0,*,"",""
"FRLMQuantityExposure","FRLMQuantityExposure.header.participant[x]","FRLMQuantityExposure.header.participant[x]","","","",0,*,"","","","Base {[]} {[]}
","Participant","Participant","","","","","","","","","",,,,,"",,,,"FRLMEntry.header.participant[x]",0,*,"",""
"FRLMQuantityExposure","FRLMQuantityExposure.header.participant[x].participantProfessional","FRLMQuantityExposure.header.participant[x].participantProfessional","","","",1,1,"","","","https://interop.esante.gouv.fr/ig/document-core/StructureDefinition/FRLMHealthProfessional {[]} {[]}
","Identité du professionnel de santé ayant donné l'autorisation de l'exposition du patient aux rayonnements","Le participant est un professionnel de santé","","","","","","","","","",,,,,"",,,,"FRLMEntry.header.participant[x].participantProfessional",0,*,"",""
"FRLMQuantityExposure","FRLMQuantityExposure.header.participant[x].participantOrganisation","FRLMQuantityExposure.header.participant[x].participantOrganisation","","","",0,*,"","","","https://interop.esante.gouv.fr/ig/document-core/StructureDefinition/FRLMOrganisation {[]} {[]}
","Le participant est une organisation","Le participant est une organisation","","","","","","","","","",,,,,"",,,,"FRLMEntry.header.participant[x].participantOrganisation",0,*,"",""
"FRLMQuantityExposure","FRLMQuantityExposure.header.participant[x].participantDevice","FRLMQuantityExposure.header.participant[x].participantDevice","","","",0,*,"","","","https://interop.esante.gouv.fr/ig/document-core/StructureDefinition/FRLMDevice {[]} {[]}
","Le participant est un système","Le participant est un système","","","","","","","","","",,,,,"",,,,"FRLMEntry.header.participant[x].participantDevice",0,*,"",""
"FRLMQuantityExposure","FRLMQuantityExposure.header.informant","FRLMQuantityExposure.header.informant","","","",0,*,"","","","https://interop.esante.gouv.fr/ig/document-core/StructureDefinition/FRLMInformant {[]} {[]}
","Informateur","Informateur","","","","","","","","","",,,,,"",,,,"FRLMEntry.header.informant",0,*,"",""
"FRLMQuantityExposure","FRLMQuantityExposure.header.date","FRLMQuantityExposure.header.date","","","",0,1,"","","","dateTime {[]} {[]}
","Date/Heure de création par l'auteur","Date/Heure de création par l'auteur","","","","","","","","","",,,,,"",,,,"FRLMEntry.header.date",0,1,"",""
"FRLMQuantityExposure","FRLMQuantityExposure.header.status","FRLMQuantityExposure.header.status","","","",0,1,"","","","CodeableConcept {[]} {[]}
","Statut","Statut","","","","","","","","","",,,,,"",,,,"FRLMEntry.header.status",0,1,"",""
"FRLMQuantityExposure","FRLMQuantityExposure.header.source","FRLMQuantityExposure.header.source","","","",0,1,"","","","CodeableConcept {[]} {[]}
","Source","Source","","","","","","","","","",,,,,"",,,,"FRLMEntry.header.source",0,1,"",""
"FRLMQuantityExposure","FRLMQuantityExposure.header.language","FRLMQuantityExposure.header.language","","","",0,1,"","","","CodeableConcept {[]} {[]}
","'fr-FR' pour français métropolitain (la casse des caractères doit être respectée)
La partie en minuscules indique le code de la langue utilisée (ISO-639-1)
La partie en majuscules indique le code pays (ISO-3166)","'fr-FR' pour français métropolitain (la casse des caractères doit être respectée)
La partie en minuscules indique le code de la langue utilisée (ISO-639-1)
La partie en majuscules indique le code pays (ISO-3166)","","","","","","","","","",,,,,"",,,,"FRLMEntry.header.language",0,1,"",""
"FRLMQuantityExposure","FRLMQuantityExposure.type","FRLMQuantityExposure.type","","","",1,1,"","","","CodeableConcept {[]} {[]}
","Type de mesure d'exposition","Type de mesure d'exposition","","","","","","","","","",,"required","jdv-quantite-exposition-rayonnements-cisis (1.2.250.1.213.1.1.5.620)","https://smt.esante.gouv.fr/fhir/ValueSet/jdv-quantite-exposition-rayonnements-cisis|20260619134041","",,,,"FRLMQuantityExposure.type",1,1,"",""
"FRLMQuantityExposure","FRLMQuantityExposure.quantity","FRLMQuantityExposure.quantity","","","",1,1,"","","","Quantity {[]} {[]}
","Quantité mesurée","Quantité mesurée","","","","","","","","","",,,,,"",,,,"FRLMQuantityExposure.quantity",1,1,"",""
"FRLMQuantityExposure","FRLMQuantityExposure.bodySite","FRLMQuantityExposure.bodySite","","","",0,1,"","","","https://interop.esante.gouv.fr/ig/document-core/StructureDefinition/FRLMBodyStructure {[]} {[]}
","Localisation anatomique irradiée (précision topographique)","Localisation anatomique irradiée (précision topographique)","","","","","","","","","",,,,,"",,,,"FRLMQuantityExposure.bodySite",0,1,"",""
"FRLMReasonForReferral","FRLMReasonForReferral","FRLMReasonForReferral","","","",0,*,"","","","null {[]} {[]}
","Logical model - FR LM Reason for referral","Section Raison de la recommandation","","","","","","","","","",,,,,"",,,,"Base",0,*,"",""
"FRLMReasonForReferral","FRLMReasonForReferral.codeSection","FRLMReasonForReferral.codeSection","","","",1,1,"","","","CodeableConcept {[]} {[]}
","Code de la section","Code de la section","","","","","","","","","",,,,,"",,,,"FRLMSection.codeSection",1,1,"",""
"FRLMReasonForReferral","FRLMReasonForReferral.titleSection","FRLMReasonForReferral.titleSection","","","",0,1,"","","","string {[]} {[]}
","Titre de la section","Titre de la section","","","","","","","","","",,,,,"",,,,"FRLMSection.titleSection",0,1,"",""
"FRLMReasonForReferral","FRLMReasonForReferral.description","FRLMReasonForReferral.description","","","",1,1,"","","","string {[]} {[]}
","Bloc narratif","Bloc narratif","","","","","","","","","",,,,,"",,,,"FRLMSection.description",1,1,"",""
"FRLMReasonForReferral","FRLMReasonForReferral.author[x]","FRLMReasonForReferral.author[x]","","","",0,*,"","","","Base {[]} {[]}
","author[x] peut correspondre soit à un professionnel, soit à une organisation, soit à un système.","author[x] peut correspondre soit à un professionnel, soit à une organisation, soit à un système.","","","","","","","","","",,,,,"",,,,"FRLMSection.author[x]",0,*,"",""
"FRLMReasonForReferral","FRLMReasonForReferral.author[x].authorProfessional","FRLMReasonForReferral.author[x].authorProfessional","","","",0,*,"","","","https://interop.esante.gouv.fr/ig/document-core/StructureDefinition/FRLMHealthProfessional {[]} {[]}
","L'auteur est un professionnel de santé","L'auteur est un professionnel de santé","","","","","","","","","",,,,,"",,,,"FRLMSection.author[x].authorProfessional",0,*,"",""
"FRLMReasonForReferral","FRLMReasonForReferral.author[x].authorOrganisation","FRLMReasonForReferral.author[x].authorOrganisation","","","",0,*,"","","","https://interop.esante.gouv.fr/ig/document-core/StructureDefinition/FRLMOrganisation {[]} {[]}
","L'auteur est une organisation","L'auteur est une organisation","","","","","","","","","",,,,,"",,,,"FRLMSection.author[x].authorOrganisation",0,*,"",""
"FRLMReasonForReferral","FRLMReasonForReferral.author[x].authorDevice","FRLMReasonForReferral.author[x].authorDevice","","","",0,*,"","","","https://interop.esante.gouv.fr/ig/document-core/StructureDefinition/FRLMDevice {[]} {[]}
","L'auteur est un système","L'auteur est un système","","","","","","","","","",,,,,"",,,,"FRLMSection.author[x].authorDevice",0,*,"",""
"FRLMReasonForReferral","FRLMReasonForReferral.informant","FRLMReasonForReferral.informant","","","",0,*,"","","","https://interop.esante.gouv.fr/ig/document-core/StructureDefinition/FRLMInformant {[]} {[]}
","Informateur","Informateur","","","","","","","","","",,,,,"",,,,"FRLMSection.informant",0,*,"",""
"FRLMReasonForReferral","FRLMReasonForReferral.subSection","FRLMReasonForReferral.subSection","","","",0,0,"","","","Base {[]} {[]}
","Sous-sections","Sous-sections","","","","","","","","","",,,,,"",,,,"FRLMSection.subSection",0,*,"",""
"FRLMReasonForReferral","FRLMReasonForReferral.entry","FRLMReasonForReferral.entry","","","",1,*,"","","","Base {[]} {[]}
","Entrées","Entrées","","","","","","","","","",,,,,"",,,,"FRLMSection.entry",0,*,"",""
"FRLMReasonForReferral","FRLMReasonForReferral.entry.observation","FRLMReasonForReferral.entry.observation","","","",1,1,"","","","https://interop.esante.gouv.fr/ig/document-core/StructureDefinition/FRLMObservation {[]} {[]}
","Entrée Simple observation","Entrée Simple observation","","","","","","","","","",,,,,"",,,,"FRLMReasonForReferral.entry.observation",1,1,"",""
"FRLMReasonForReferral","FRLMReasonForReferral.entry.problemes","FRLMReasonForReferral.entry.problemes","","","",1,*,"","","","https://interop.esante.gouv.fr/ig/document-core/StructureDefinition/FRLMCondition {[]} {[]}
","Entrée Problème","Entrée Problème","","","","","","","","","",,,,,"",,,,"FRLMReasonForReferral.entry.problemes",1,*,"",""
"FRLMRecommendation","FRLMRecommendation","FRLMRecommendation","","","",0,*,"","","","null {[]} {[]}
","Logical model - FR LM Recommendation","Section Recommandation","","","","","","","","","",,,,,"",,,,"Base",0,*,"",""
"FRLMRecommendation","FRLMRecommendation.codeSection","FRLMRecommendation.codeSection","","","",1,1,"","","","CodeableConcept {[]} {[]}
","Code de la section","Code de la section","","","","","","","","","",,,,,"",,,,"FRLMSection.codeSection",1,1,"",""
"FRLMRecommendation","FRLMRecommendation.titleSection","FRLMRecommendation.titleSection","","","",1,1,"","","","string {[]} {[]}
","Titre de la section","Titre de la section","","","","","","","","","",,,,,"",,,,"FRLMSection.titleSection",0,1,"",""
"FRLMRecommendation","FRLMRecommendation.description","FRLMRecommendation.description","","","",1,1,"","","","string {[]} {[]}
","Bloc narratif","Bloc narratif","","","","","","","","","",,,,,"",,,,"FRLMSection.description",1,1,"",""
"FRLMRecommendation","FRLMRecommendation.author[x]","FRLMRecommendation.author[x]","","","",0,*,"","","","Base {[]} {[]}
","author[x] peut correspondre soit à un professionnel, soit à une organisation, soit à un système.","author[x] peut correspondre soit à un professionnel, soit à une organisation, soit à un système.","","","","","","","","","",,,,,"",,,,"FRLMSection.author[x]",0,*,"",""
"FRLMRecommendation","FRLMRecommendation.author[x].authorProfessional","FRLMRecommendation.author[x].authorProfessional","","","",0,*,"","","","https://interop.esante.gouv.fr/ig/document-core/StructureDefinition/FRLMHealthProfessional {[]} {[]}
","L'auteur est un professionnel de santé","L'auteur est un professionnel de santé","","","","","","","","","",,,,,"",,,,"FRLMSection.author[x].authorProfessional",0,*,"",""
"FRLMRecommendation","FRLMRecommendation.author[x].authorOrganisation","FRLMRecommendation.author[x].authorOrganisation","","","",0,*,"","","","https://interop.esante.gouv.fr/ig/document-core/StructureDefinition/FRLMOrganisation {[]} {[]}
","L'auteur est une organisation","L'auteur est une organisation","","","","","","","","","",,,,,"",,,,"FRLMSection.author[x].authorOrganisation",0,*,"",""
"FRLMRecommendation","FRLMRecommendation.author[x].authorDevice","FRLMRecommendation.author[x].authorDevice","","","",0,*,"","","","https://interop.esante.gouv.fr/ig/document-core/StructureDefinition/FRLMDevice {[]} {[]}
","L'auteur est un système","L'auteur est un système","","","","","","","","","",,,,,"",,,,"FRLMSection.author[x].authorDevice",0,*,"",""
"FRLMRecommendation","FRLMRecommendation.informant","FRLMRecommendation.informant","","","",0,*,"","","","https://interop.esante.gouv.fr/ig/document-core/StructureDefinition/FRLMInformant {[]} {[]}
","Informateur","Informateur","","","","","","","","","",,,,,"",,,,"FRLMSection.informant",0,*,"",""
"FRLMRecommendation","FRLMRecommendation.subSection","FRLMRecommendation.subSection","","","",0,0,"","","","Base {[]} {[]}
","Sous-sections","Sous-sections","","","","","","","","","",,,,,"",,,,"FRLMSection.subSection",0,*,"",""
"FRLMRecommendation","FRLMRecommendation.entry","FRLMRecommendation.entry","","","",0,*,"","","","Base {[]} {[]}
","Entrées","Entrées","","","","","","","","","",,,,,"",,,,"FRLMSection.entry",0,*,"",""
"FRLMRecommendation","FRLMRecommendation.entry.carePlan","FRLMRecommendation.entry.carePlan","","","",0,*,"","","","https://interop.esante.gouv.fr/ig/document-core/StructureDefinition/FRLMCarePlan {[]} {[]}
","Recommandation sous forme de plan de soins","Recommandation sous forme de plan de soins","","","","","","","","","",,,,,"",,,,"FRLMRecommendation.entry.carePlan",0,*,"",""
"FRLMRelatedPerson","FRLMRelatedPerson","FRLMRelatedPerson","","","",0,*,"","","","null {[]} {[]}
","Logical model - FR LM Related Person","Related Person","","","","","","","","","",,,,,"",,,,"Base",0,*,"",""
"FRLMRelatedPerson","FRLMRelatedPerson.identifier","FRLMRelatedPerson.identifier","","","",0,*,"","","","Identifier {[]} {[]}
","Identifiants de la personne","Identifiants de la personne","","","","","","","","","",,,,,"",,,,"FRLMRelatedPerson.identifier",0,*,"",""
"FRLMRelatedPerson","FRLMRelatedPerson.name","FRLMRelatedPerson.name","","","",0,*,"","","","https://interop.esante.gouv.fr/ig/document-core/StructureDefinition/FRLMHumanName {[]} {[]}
","Nom de la personne","Nom de la personne","","","","","","","","","",,,,,"",,,,"FRLMRelatedPerson.name",0,*,"",""
"FRLMRelatedPerson","FRLMRelatedPerson.subject","FRLMRelatedPerson.subject","","","",1,1,"","","","https://interop.esante.gouv.fr/ig/document-core/StructureDefinition/FRLMPatient {[]} {[]}
","Patient / Usager avec la personne","Patient / Usager avec la personne","","","","","","","","","",,,,,"",,,,"FRLMRelatedPerson.subject",1,1,"",""
"FRLMRelatedPerson","FRLMRelatedPerson.relationship","FRLMRelatedPerson.relationship","","","",1,1,"","","","CodeableConcept {[]} {[]}
","Lien avec le patient","Lien avec le patient","","","","","","","","","",,"required","jdv-hl7-v3-PersonalRelationshipRoleType-cisis","https://smt.esante.gouv.fr/fhir/ValueSet/jdv-hl7-v3-PersonalRelationshipRoleType-cisis|20260619134041","",,,,"FRLMRelatedPerson.relationship",1,1,"",""
"FRLMRelatedPerson","FRLMRelatedPerson.address","FRLMRelatedPerson.address","","","",0,*,"","","","Address {[]} {[]}
","Adresse","Adresse","","","","","","","","","",,,,,"",,,,"FRLMRelatedPerson.address",0,*,"",""
"FRLMRelatedPerson","FRLMRelatedPerson.telecom","FRLMRelatedPerson.telecom","","","",0,*,"","","","ContactPoint {[]} {[]}
","Telecom","Telecom","","","","","","","","","",,,,,"",,,,"FRLMRelatedPerson.telecom",0,*,"",""
"FRLMRelatedPerson","FRLMRelatedPerson.gender","FRLMRelatedPerson.gender","","","",0,1,"","","","CodeableConcept {[]} {[]}
","Sexe de la personne","Sexe de la personne","","","","","","","","","",,"required","jdv-hl7-v3-AdministrativeGender-cisis","https://smt.esante.gouv.fr/fhir/ValueSet/jdv-hl7-v3-AdministrativeGender-cisis|20260619134042","",,,,"FRLMRelatedPerson.gender",0,1,"",""
"FRLMRelatedPerson","FRLMRelatedPerson.birthDate","FRLMRelatedPerson.birthDate","","","",0,1,"","","","dateTime {[]} {[]}
","Date de naissance de la personne","Date de naissance de la personne","","","","","","","","","",,,,,"",,,,"FRLMRelatedPerson.birthDate",0,1,"",""
"FRLMRelatedPerson","FRLMRelatedPerson.deceased","FRLMRelatedPerson.deceased","","","",0,1,"","","","BackboneElement {[]} {[]}
","Personne decedee","Personne decedee","","","","","","","","","",,,,,"",,,,"FRLMRelatedPerson.deceased",0,1,"","ele-1:All FHIR elements must have a @value or children {hasValue() or (children().count() > id.count())}
"
"FRLMRelatedPerson","FRLMRelatedPerson.deceased.id","FRLMRelatedPerson.deceased.id","","","",0,1,"","","","string {[]} {[]}
","Unique id for inter-element referencing","Unique id for the element within a resource (for internal references). This may be any string value that does not contain spaces.","","","","","","","","","",,,,,"",,,,"Element.id",0,1,"",""
"FRLMRelatedPerson","FRLMRelatedPerson.deceased.extension","FRLMRelatedPerson.deceased.extension","","extensions
user content","",0,*,"","","","Extension {[]} {[]}
","Additional content defined by implementations","May be used to represent additional information that is not part of the basic definition of the element. To make the use of extensions safe and manageable, there is a strict set of governance  applied to the definition and use of extensions. Though any implementer can define an extension, there is a set of requirements that SHALL be met as part of the definition of the extension.","There can be no stigma associated with the use of extensions by any application, project, or standard - regardless of the institution or jurisdiction that uses or defines the extensions.  The use of extensions is what allows the FHIR specification to retain a core level of simplicity for everyone.","","","","","","","","",,,,,"","value:url}
","Extensions are always sliced by (at least) url",,"open","Element.extension",0,*,"","ele-1:All FHIR elements must have a @value or children {hasValue() or (children().count() > id.count())}
ext-1:Must have either extensions or value[x], not both {extension.exists() != value.exists()}"
"FRLMRelatedPerson","FRLMRelatedPerson.deceased.modifierExtension","FRLMRelatedPerson.deceased.modifierExtension","","extensions
user contentmodifiers","",0,*,"","Y","Y","Extension {[]} {[]}
","Extensions that cannot be ignored even if unrecognized","May be used to represent additional information that is not part of the basic definition of the element and that modifies the understanding of the element in which it is contained and/or the understanding of the containing element's descendants. Usually modifier elements provide negation or qualification. To make the use of extensions safe and manageable, there is a strict set of governance applied to the definition and use of extensions. Though any implementer can define an extension, there is a set of requirements that SHALL be met as part of the definition of the extension. Applications processing a resource are required to check for modifier extensions.

Modifier extensions SHALL NOT change the meaning of any elements on Resource or DomainResource (including cannot change the meaning of modifierExtension itself).","There can be no stigma associated with the use of extensions by any application, project, or standard - regardless of the institution or jurisdiction that uses or defines the extensions.  The use of extensions is what allows the FHIR specification to retain a core level of simplicity for everyone.","Modifier extensions allow for extensions that *cannot* be safely ignored to be clearly distinguished from the vast majority of extensions which can be safely ignored.  This promotes interoperability by eliminating the need for implementers to prohibit the presence of extensions. For further information, see the [definition of modifier extensions](http://hl7.org/fhir/R4/extensibility.html#modifierExtension).","","","","","","","",,,,,"",,,,"BackboneElement.modifierExtension",0,*,"","ele-1:All FHIR elements must have a @value or children {hasValue() or (children().count() > id.count())}
ext-1:Must have either extensions or value[x], not both {extension.exists() != value.exists()}"
"FRLMRelatedPerson","FRLMRelatedPerson.deceased.deceasedBoolean","FRLMRelatedPerson.deceased.deceasedBoolean","","","",0,1,"","","","boolean {[]} {[]}
","Personne decedee (booleen)","Personne decedee (booleen)","","","","","","","","","",,,,,"",,,,"FRLMRelatedPerson.deceased.deceasedBoolean",0,1,"",""
"FRLMRelatedPerson","FRLMRelatedPerson.deceased.deceasedDateTime","FRLMRelatedPerson.deceased.deceasedDateTime","","","",0,1,"","","","dateTime {[]} {[]}
","Date et heure du deces","Date et heure du deces","","","","","","","","","",,,,,"",,,,"FRLMRelatedPerson.deceased.deceasedDateTime",0,1,"",""
"FRLMRelatedPerson","FRLMRelatedPerson.multipleBirth","FRLMRelatedPerson.multipleBirth","","","",0,1,"","","","BackboneElement {[]} {[]}
","Naissance multiple","Naissance multiple","","","","","","","","","",,,,,"",,,,"FRLMRelatedPerson.multipleBirth",0,1,"","ele-1:All FHIR elements must have a @value or children {hasValue() or (children().count() > id.count())}
"
"FRLMRelatedPerson","FRLMRelatedPerson.multipleBirth.id","FRLMRelatedPerson.multipleBirth.id","","","",0,1,"","","","string {[]} {[]}
","Unique id for inter-element referencing","Unique id for the element within a resource (for internal references). This may be any string value that does not contain spaces.","","","","","","","","","",,,,,"",,,,"Element.id",0,1,"",""
"FRLMRelatedPerson","FRLMRelatedPerson.multipleBirth.extension","FRLMRelatedPerson.multipleBirth.extension","","extensions
user content","",0,*,"","","","Extension {[]} {[]}
","Additional content defined by implementations","May be used to represent additional information that is not part of the basic definition of the element. To make the use of extensions safe and manageable, there is a strict set of governance  applied to the definition and use of extensions. Though any implementer can define an extension, there is a set of requirements that SHALL be met as part of the definition of the extension.","There can be no stigma associated with the use of extensions by any application, project, or standard - regardless of the institution or jurisdiction that uses or defines the extensions.  The use of extensions is what allows the FHIR specification to retain a core level of simplicity for everyone.","","","","","","","","",,,,,"","value:url}
","Extensions are always sliced by (at least) url",,"open","Element.extension",0,*,"","ele-1:All FHIR elements must have a @value or children {hasValue() or (children().count() > id.count())}
ext-1:Must have either extensions or value[x], not both {extension.exists() != value.exists()}"
"FRLMRelatedPerson","FRLMRelatedPerson.multipleBirth.modifierExtension","FRLMRelatedPerson.multipleBirth.modifierExtension","","extensions
user contentmodifiers","",0,*,"","Y","Y","Extension {[]} {[]}
","Extensions that cannot be ignored even if unrecognized","May be used to represent additional information that is not part of the basic definition of the element and that modifies the understanding of the element in which it is contained and/or the understanding of the containing element's descendants. Usually modifier elements provide negation or qualification. To make the use of extensions safe and manageable, there is a strict set of governance applied to the definition and use of extensions. Though any implementer can define an extension, there is a set of requirements that SHALL be met as part of the definition of the extension. Applications processing a resource are required to check for modifier extensions.

Modifier extensions SHALL NOT change the meaning of any elements on Resource or DomainResource (including cannot change the meaning of modifierExtension itself).","There can be no stigma associated with the use of extensions by any application, project, or standard - regardless of the institution or jurisdiction that uses or defines the extensions.  The use of extensions is what allows the FHIR specification to retain a core level of simplicity for everyone.","Modifier extensions allow for extensions that *cannot* be safely ignored to be clearly distinguished from the vast majority of extensions which can be safely ignored.  This promotes interoperability by eliminating the need for implementers to prohibit the presence of extensions. For further information, see the [definition of modifier extensions](http://hl7.org/fhir/R4/extensibility.html#modifierExtension).","","","","","","","",,,,,"",,,,"BackboneElement.modifierExtension",0,*,"","ele-1:All FHIR elements must have a @value or children {hasValue() or (children().count() > id.count())}
ext-1:Must have either extensions or value[x], not both {extension.exists() != value.exists()}"
"FRLMRelatedPerson","FRLMRelatedPerson.multipleBirth.multipleBirthBoolean","FRLMRelatedPerson.multipleBirth.multipleBirthBoolean","","","",0,1,"","","","boolean {[]} {[]}
","Personne nee d'une naissance multiple","Personne nee d'une naissance multiple","","","","","","","","","",,,,,"",,,,"FRLMRelatedPerson.multipleBirth.multipleBirthBoolean",0,1,"",""
"FRLMRelatedPerson","FRLMRelatedPerson.multipleBirth.multipleBirthInteger","FRLMRelatedPerson.multipleBirth.multipleBirthInteger","","","",0,1,"","","","integer {[]} {[]}
","Rang de naissance (en cas de naissances multiples)","Rang de naissance (en cas de naissances multiples)","","","","","","","","","",,,,,"",,,,"FRLMRelatedPerson.multipleBirth.multipleBirthInteger",0,1,"",""
"FRLMRelatedPerson","FRLMRelatedPerson.photo","FRLMRelatedPerson.photo","","","",0,*,"","","","Attachment {[]} {[]}
","Photo de la personne","Photo de la personne","","","","","","","","","",,,,,"",,,,"FRLMRelatedPerson.photo",0,*,"",""
"FRLMRelatedPerson","FRLMRelatedPerson.period","FRLMRelatedPerson.period","","","",0,1,"","","","Period {[]} {[]}
","Periode pendant laquelle cette relation est consideree comme valide","Periode pendant laquelle cette relation est consideree comme valide","","","","","","","","","",,,,,"",,,,"FRLMRelatedPerson.period",0,1,"",""
"FRLMRelatedPerson","FRLMRelatedPerson.communication","FRLMRelatedPerson.communication","","","",0,*,"","","","BackboneElement {[]} {[]}
","Langue qui peut etre utilisee pour communiquer avec la personne","Langue qui peut etre utilisee pour communiquer avec la personne","","","","","","","","","",,,,,"",,,,"FRLMRelatedPerson.communication",0,*,"","ele-1:All FHIR elements must have a @value or children {hasValue() or (children().count() > id.count())}
"
"FRLMRelatedPerson","FRLMRelatedPerson.communication.id","FRLMRelatedPerson.communication.id","","","",0,1,"","","","string {[]} {[]}
","Unique id for inter-element referencing","Unique id for the element within a resource (for internal references). This may be any string value that does not contain spaces.","","","","","","","","","",,,,,"",,,,"Element.id",0,1,"",""
"FRLMRelatedPerson","FRLMRelatedPerson.communication.extension","FRLMRelatedPerson.communication.extension","","extensions
user content","",0,*,"","","","Extension {[]} {[]}
","Additional content defined by implementations","May be used to represent additional information that is not part of the basic definition of the element. To make the use of extensions safe and manageable, there is a strict set of governance  applied to the definition and use of extensions. Though any implementer can define an extension, there is a set of requirements that SHALL be met as part of the definition of the extension.","There can be no stigma associated with the use of extensions by any application, project, or standard - regardless of the institution or jurisdiction that uses or defines the extensions.  The use of extensions is what allows the FHIR specification to retain a core level of simplicity for everyone.","","","","","","","","",,,,,"","value:url}
","Extensions are always sliced by (at least) url",,"open","Element.extension",0,*,"","ele-1:All FHIR elements must have a @value or children {hasValue() or (children().count() > id.count())}
ext-1:Must have either extensions or value[x], not both {extension.exists() != value.exists()}"
"FRLMRelatedPerson","FRLMRelatedPerson.communication.modifierExtension","FRLMRelatedPerson.communication.modifierExtension","","extensions
user contentmodifiers","",0,*,"","Y","Y","Extension {[]} {[]}
","Extensions that cannot be ignored even if unrecognized","May be used to represent additional information that is not part of the basic definition of the element and that modifies the understanding of the element in which it is contained and/or the understanding of the containing element's descendants. Usually modifier elements provide negation or qualification. To make the use of extensions safe and manageable, there is a strict set of governance applied to the definition and use of extensions. Though any implementer can define an extension, there is a set of requirements that SHALL be met as part of the definition of the extension. Applications processing a resource are required to check for modifier extensions.

Modifier extensions SHALL NOT change the meaning of any elements on Resource or DomainResource (including cannot change the meaning of modifierExtension itself).","There can be no stigma associated with the use of extensions by any application, project, or standard - regardless of the institution or jurisdiction that uses or defines the extensions.  The use of extensions is what allows the FHIR specification to retain a core level of simplicity for everyone.","Modifier extensions allow for extensions that *cannot* be safely ignored to be clearly distinguished from the vast majority of extensions which can be safely ignored.  This promotes interoperability by eliminating the need for implementers to prohibit the presence of extensions. For further information, see the [definition of modifier extensions](http://hl7.org/fhir/R4/extensibility.html#modifierExtension).","","","","","","","",,,,,"",,,,"BackboneElement.modifierExtension",0,*,"","ele-1:All FHIR elements must have a @value or children {hasValue() or (children().count() > id.count())}
ext-1:Must have either extensions or value[x], not both {extension.exists() != value.exists()}"
"FRLMRelatedPerson","FRLMRelatedPerson.communication.language","FRLMRelatedPerson.communication.language","","","",1,1,"","","","CodeableConcept {[]} {[]}
","Langue qui peut etre utilisee pour communiquer avec la personne","Langue qui peut etre utilisee pour communiquer avec la personne","","","","","","","","","",,,,,"",,,,"FRLMRelatedPerson.communication.language",1,1,"",""
"FRLMRelatedPerson","FRLMRelatedPerson.communication.preferred","FRLMRelatedPerson.communication.preferred","","","",0,1,"","","","boolean {[]} {[]}
","Indicateur Langue preferee","Indicateur Langue preferee","","","","","","","","","",,,,,"",,,,"FRLMRelatedPerson.communication.preferred",0,1,"",""
"FRLMResultData","FRLMResultData","FRLMResultData","","","",0,*,"","","","null {[]} {[]}
","Logical model - FR LM Compte rendu de biologie de 1er niveau","Section Compte rendu de biologie de 1er niveau","","","","","","","","","",,,,,"",,,,"Base",0,*,"",""
"FRLMResultData","FRLMResultData.codeSection","FRLMResultData.codeSection","","","",1,1,"","","","CodeableConcept {[]} {[]}
","Code de la section","Code de la section","","","","","","","","","",,,,,"",,,,"FRLMSection.codeSection",1,1,"",""
"FRLMResultData","FRLMResultData.titleSection","FRLMResultData.titleSection","","","",0,1,"","","","string {[]} {[]}
","Titre de la section","Titre de la section","","","","","","","","","",,,,,"",,,,"FRLMSection.titleSection",0,1,"",""
"FRLMResultData","FRLMResultData.description","FRLMResultData.description","","","",1,1,"","","","string {[]} {[]}
","Bloc narratif","Bloc narratif","","","","","","","","","",,,,,"",,,,"FRLMSection.description",1,1,"",""
"FRLMResultData","FRLMResultData.author[x]","FRLMResultData.author[x]","","","",0,*,"","","","Base {[]} {[]}
","author[x] peut correspondre soit à un professionnel, soit à une organisation, soit à un système.","author[x] peut correspondre soit à un professionnel, soit à une organisation, soit à un système.","","","","","","","","","",,,,,"",,,,"FRLMSection.author[x]",0,*,"",""
"FRLMResultData","FRLMResultData.author[x].authorProfessional","FRLMResultData.author[x].authorProfessional","","","",0,*,"","","","https://interop.esante.gouv.fr/ig/document-core/StructureDefinition/FRLMHealthProfessional {[]} {[]}
","L'auteur est un professionnel de santé","L'auteur est un professionnel de santé","","","","","","","","","",,,,,"",,,,"FRLMSection.author[x].authorProfessional",0,*,"",""
"FRLMResultData","FRLMResultData.author[x].authorOrganisation","FRLMResultData.author[x].authorOrganisation","","","",0,*,"","","","https://interop.esante.gouv.fr/ig/document-core/StructureDefinition/FRLMOrganisation {[]} {[]}
","L'auteur est une organisation","L'auteur est une organisation","","","","","","","","","",,,,,"",,,,"FRLMSection.author[x].authorOrganisation",0,*,"",""
"FRLMResultData","FRLMResultData.author[x].authorDevice","FRLMResultData.author[x].authorDevice","","","",0,*,"","","","https://interop.esante.gouv.fr/ig/document-core/StructureDefinition/FRLMDevice {[]} {[]}
","L'auteur est un système","L'auteur est un système","","","","","","","","","",,,,,"",,,,"FRLMSection.author[x].authorDevice",0,*,"",""
"FRLMResultData","FRLMResultData.informant","FRLMResultData.informant","","","",0,*,"","","","https://interop.esante.gouv.fr/ig/document-core/StructureDefinition/FRLMInformant {[]} {[]}
","Informateur","Informateur","","","","","","","","","",,,,,"",,,,"FRLMSection.informant",0,*,"",""
"FRLMResultData","FRLMResultData.subSection","FRLMResultData.subSection","","","",0,0,"","","","Base {[]} {[]}
","Sous-sections","Sous-sections","","","","","","","","","",,,,,"",,,,"FRLMSection.subSection",0,*,"",""
"FRLMResultData","FRLMResultData.entry","FRLMResultData.entry","","","",0,*,"","","","Base {[]} {[]}
","Entrées","Entrées","","","","","","","","","",,,,,"",,,,"FRLMSection.entry",0,*,"",""
"FRLMResultData","FRLMResultData.entry.resultatsExamensBiologieMedicale","FRLMResultData.entry.resultatsExamensBiologieMedicale","","","",1,1,"","","","https://interop.esante.gouv.fr/ig/document-core/StructureDefinition/FRLMResultatsExamensBiologieMedicale {[]} {[]}
","Entrée Résultats d'examens de biologie médicale","Entrée Résultats d'examens de biologie médicale","","","","","","","","","",,,,,"",,,,"FRLMResultData.entry.resultatsExamensBiologieMedicale",1,1,"",""
"FRLMResultatExamensBiologieElementCliniquePertinent","FRLMResultatExamensBiologieElementCliniquePertinent","FRLMResultatExamensBiologieElementCliniquePertinent","","","",0,*,"","","","null {[]} {[]}
","Modèle logique métier - FR LM Résultat d'examens de biologie / élement clinique pertinent","Résultat d'examens de biologie / élement clinique pertinent","","","","","","","","","",,,,,"",,,,"Base",0,*,"",""
"FRLMResultatExamensBiologieElementCliniquePertinent","FRLMResultatExamensBiologieElementCliniquePertinent.header","FRLMResultatExamensBiologieElementCliniquePertinent.header","","","",1,1,"","","","Base {[]} {[]}
","Métadonnées de base","Métadonnées de base","","","","","","","","","",,,,,"",,,,"FRLMEntry.header",1,1,"",""
"FRLMResultatExamensBiologieElementCliniquePertinent","FRLMResultatExamensBiologieElementCliniquePertinent.header.subject","FRLMResultatExamensBiologieElementCliniquePertinent.header.subject","","","",1,1,"","","","https://interop.esante.gouv.fr/ig/document-core/StructureDefinition/FRLMPatient {[]} {[]}
","Patient / Usager","Patient / Usager","","","","","","","","","",,,,,"",,,,"FRLMEntry.header.subject",1,1,"",""
"FRLMResultatExamensBiologieElementCliniquePertinent","FRLMResultatExamensBiologieElementCliniquePertinent.header.identifier","FRLMResultatExamensBiologieElementCliniquePertinent.header.identifier","","","",0,*,"","","","Identifier {[]} {[]}
","Identifiant de l’entrée","Identifiant de l’entrée","","","","","","","","","",,,,,"",,,,"FRLMEntry.header.identifier",0,*,"",""
"FRLMResultatExamensBiologieElementCliniquePertinent","FRLMResultatExamensBiologieElementCliniquePertinent.header.author[x]","FRLMResultatExamensBiologieElementCliniquePertinent.header.author[x]","","","",0,*,"","","","Base {[]} {[]}
","author[x] peut correspondre soit à un professionnel, soit à une organisation, soit à un système.","author[x] peut correspondre soit à un professionnel, soit à une organisation, soit à un système.","","","","","","","","","",,,,,"",,,,"FRLMEntry.header.author[x]",0,*,"",""
"FRLMResultatExamensBiologieElementCliniquePertinent","FRLMResultatExamensBiologieElementCliniquePertinent.header.author[x].authorProfessional","FRLMResultatExamensBiologieElementCliniquePertinent.header.author[x].authorProfessional","","","",0,*,"","","","https://interop.esante.gouv.fr/ig/document-core/StructureDefinition/FRLMHealthProfessional {[]} {[]}
","L'auteur est un professionnel de santé","L'auteur est un professionnel de santé","","","","","","","","","",,,,,"",,,,"FRLMEntry.header.author[x].authorProfessional",0,*,"",""
"FRLMResultatExamensBiologieElementCliniquePertinent","FRLMResultatExamensBiologieElementCliniquePertinent.header.author[x].authorOrganisation","FRLMResultatExamensBiologieElementCliniquePertinent.header.author[x].authorOrganisation","","","",0,*,"","","","https://interop.esante.gouv.fr/ig/document-core/StructureDefinition/FRLMOrganisation {[]} {[]}
","L'auteur est une organisation","L'auteur est une organisation","","","","","","","","","",,,,,"",,,,"FRLMEntry.header.author[x].authorOrganisation",0,*,"",""
"FRLMResultatExamensBiologieElementCliniquePertinent","FRLMResultatExamensBiologieElementCliniquePertinent.header.author[x].authorDevice","FRLMResultatExamensBiologieElementCliniquePertinent.header.author[x].authorDevice","","","",0,*,"","","","https://interop.esante.gouv.fr/ig/document-core/StructureDefinition/FRLMDevice {[]} {[]}
","L'auteur est un système","L'auteur est un système","","","","","","","","","",,,,,"",,,,"FRLMEntry.header.author[x].authorDevice",0,*,"",""
"FRLMResultatExamensBiologieElementCliniquePertinent","FRLMResultatExamensBiologieElementCliniquePertinent.header.performer[x]","FRLMResultatExamensBiologieElementCliniquePertinent.header.performer[x]","","","",0,*,"","","","https://interop.esante.gouv.fr/ig/document-core/StructureDefinition/FRLMHealthProfessional {[]} {[]}
https://interop.esante.gouv.fr/ig/document-core/StructureDefinition/FRLMOrganisation {[]} {[]}","Exécutant (performer)","Exécutant (performer)","","","","","","","","","",,,,,"",,,,"FRLMEntry.header.performer[x]",0,*,"",""
"FRLMResultatExamensBiologieElementCliniquePertinent","FRLMResultatExamensBiologieElementCliniquePertinent.header.participant[x]","FRLMResultatExamensBiologieElementCliniquePertinent.header.participant[x]","","","",0,*,"","","","Base {[]} {[]}
","Participant","Participant","","","","","","","","","",,,,,"",,,,"FRLMEntry.header.participant[x]",0,*,"",""
"FRLMResultatExamensBiologieElementCliniquePertinent","FRLMResultatExamensBiologieElementCliniquePertinent.header.participant[x].participantProfessional","FRLMResultatExamensBiologieElementCliniquePertinent.header.participant[x].participantProfessional","","","",0,*,"","","","https://interop.esante.gouv.fr/ig/document-core/StructureDefinition/FRLMHealthProfessional {[]} {[]}
","Le participant est un professionnel de santé","Le participant est un professionnel de santé","","","","","","","","","",,,,,"",,,,"FRLMEntry.header.participant[x].participantProfessional",0,*,"",""
"FRLMResultatExamensBiologieElementCliniquePertinent","FRLMResultatExamensBiologieElementCliniquePertinent.header.participant[x].participantOrganisation","FRLMResultatExamensBiologieElementCliniquePertinent.header.participant[x].participantOrganisation","","","",0,*,"","","","https://interop.esante.gouv.fr/ig/document-core/StructureDefinition/FRLMOrganisation {[]} {[]}
","Le participant est une organisation","Le participant est une organisation","","","","","","","","","",,,,,"",,,,"FRLMEntry.header.participant[x].participantOrganisation",0,*,"",""
"FRLMResultatExamensBiologieElementCliniquePertinent","FRLMResultatExamensBiologieElementCliniquePertinent.header.participant[x].participantDevice","FRLMResultatExamensBiologieElementCliniquePertinent.header.participant[x].participantDevice","","","",0,*,"","","","https://interop.esante.gouv.fr/ig/document-core/StructureDefinition/FRLMDevice {[]} {[]}
","Le participant est un système","Le participant est un système","","","","","","","","","",,,,,"",,,,"FRLMEntry.header.participant[x].participantDevice",0,*,"",""
"FRLMResultatExamensBiologieElementCliniquePertinent","FRLMResultatExamensBiologieElementCliniquePertinent.header.informant","FRLMResultatExamensBiologieElementCliniquePertinent.header.informant","","","",0,*,"","","","https://interop.esante.gouv.fr/ig/document-core/StructureDefinition/FRLMInformant {[]} {[]}
","Informateur","Informateur","","","","","","","","","",,,,,"",,,,"FRLMEntry.header.informant",0,*,"",""
"FRLMResultatExamensBiologieElementCliniquePertinent","FRLMResultatExamensBiologieElementCliniquePertinent.header.date","FRLMResultatExamensBiologieElementCliniquePertinent.header.date","","","",0,1,"","","","dateTime {[]} {[]}
","Date/Heure de création par l'auteur","Date/Heure de création par l'auteur","","","","","","","","","",,,,,"",,,,"FRLMEntry.header.date",0,1,"",""
"FRLMResultatExamensBiologieElementCliniquePertinent","FRLMResultatExamensBiologieElementCliniquePertinent.header.status","FRLMResultatExamensBiologieElementCliniquePertinent.header.status","","","",0,1,"","","","CodeableConcept {[]} {[]}
","Niveau de complétude","Statut","","","","","","","","","",,,,,"",,,,"FRLMEntry.header.status",0,1,"",""
"FRLMResultatExamensBiologieElementCliniquePertinent","FRLMResultatExamensBiologieElementCliniquePertinent.header.source","FRLMResultatExamensBiologieElementCliniquePertinent.header.source","","","",0,1,"","","","CodeableConcept {[]} {[]}
","Source","Source","","","","","","","","","",,,,,"",,,,"FRLMEntry.header.source",0,1,"",""
"FRLMResultatExamensBiologieElementCliniquePertinent","FRLMResultatExamensBiologieElementCliniquePertinent.header.language","FRLMResultatExamensBiologieElementCliniquePertinent.header.language","","","",0,1,"","","","CodeableConcept {[]} {[]}
","'fr-FR' pour français métropolitain (la casse des caractères doit être respectée)
La partie en minuscules indique le code de la langue utilisée (ISO-639-1)
La partie en majuscules indique le code pays (ISO-3166)","'fr-FR' pour français métropolitain (la casse des caractères doit être respectée)
La partie en minuscules indique le code de la langue utilisée (ISO-639-1)
La partie en majuscules indique le code pays (ISO-3166)","","","","","","","","","",,,,,"",,,,"FRLMEntry.header.language",0,1,"",""
"FRLMResultatExamensBiologieElementCliniquePertinent","FRLMResultatExamensBiologieElementCliniquePertinent.codeIdentification","FRLMResultatExamensBiologieElementCliniquePertinent.codeIdentification","","","",0,1,"","","","CodeableConcept {[]} {[]}
","Code d'identification de l'analyse ou de l'observation","Code d'identification de l'analyse ou de l'observation","","","","","","","","","",,,,,"",,,,"FRLMResultatExamensBiologieElementCliniquePertinent.codeIdentification",0,1,"",""
"FRLMResultatExamensBiologieElementCliniquePertinent","FRLMResultatExamensBiologieElementCliniquePertinent.valeurResultat[x]","FRLMResultatExamensBiologieElementCliniquePertinent.valeurResultat[x]","","","",0,1,"","","","CodeableConcept {[]} {[]}
string {[]} {[]}Quantity {[]} {[]}Ratio {[]} {[]}Range {[]} {[]}","Valeur du résultat","Valeur du résultat","","","","","","","","","",,,,,"",,,,"FRLMResultatExamensBiologieElementCliniquePertinent.valeurResultat[x]",0,1,"",""
"FRLMResultatExamensBiologieElementCliniquePertinent","FRLMResultatExamensBiologieElementCliniquePertinent.interpretation","FRLMResultatExamensBiologieElementCliniquePertinent.interpretation","","","",0,1,"","","","CodeableConcept {[]} {[]}
","Code d'interprétation","Code d'interprétation","","","","","","","","","",,,,,"",,,,"FRLMResultatExamensBiologieElementCliniquePertinent.interpretation",0,1,"",""
"FRLMResultatExamensBiologieElementCliniquePertinent","FRLMResultatExamensBiologieElementCliniquePertinent.methode","FRLMResultatExamensBiologieElementCliniquePertinent.methode","","","",0,1,"","","","CodeableConcept {[]} {[]}
","Méthode ou technique employée","Méthode ou technique employée","","","","","","","","","",,,,,"",,,,"FRLMResultatExamensBiologieElementCliniquePertinent.methode",0,1,"",""
"FRLMResultatExamensBiologieElementCliniquePertinent","FRLMResultatExamensBiologieElementCliniquePertinent.laboratoireExecutant","FRLMResultatExamensBiologieElementCliniquePertinent.laboratoireExecutant","","","",0,*,"","","","https://interop.esante.gouv.fr/ig/document-core/StructureDefinition/FRLMLaboratoireExecutant {[]} {[]}
","Laboratoire sous-traitant. Apparaît à ce niveau si et et seulement si ce résultat a été produit par un laboratoire exécutant distinct du laboratoire exécutant déclaré aux niveaux supérieurs.","Laboratoire sous-traitant. Apparaît à ce niveau si et et seulement si ce résultat a été produit par un laboratoire exécutant distinct du laboratoire exécutant déclaré aux niveaux supérieurs.","","","","","","","","","",,,,,"",,,,"FRLMResultatExamensBiologieElementCliniquePertinent.laboratoireExecutant",0,*,"",""
"FRLMResultatExamensBiologieElementCliniquePertinent","FRLMResultatExamensBiologieElementCliniquePertinent.commentaire","FRLMResultatExamensBiologieElementCliniquePertinent.commentaire","","","",0,*,"","","","string {[]} {[]}
","Commentaire d'interprétation des résultats","Commentaire d'interprétation des résultats","","","","","","","","","",,,,,"",,,,"FRLMResultatExamensBiologieElementCliniquePertinent.commentaire",0,*,"",""
"FRLMResultatExamensBiologieElementCliniquePertinent","FRLMResultatExamensBiologieElementCliniquePertinent.prelevement","FRLMResultatExamensBiologieElementCliniquePertinent.prelevement","","","",0,*,"","","","https://interop.esante.gouv.fr/ig/document-core/StructureDefinition/FRLMSpecimen {[]} {[]}
","Prélèvement","Prélèvement","","","","","","","","","",,,,,"",,,,"FRLMResultatExamensBiologieElementCliniquePertinent.prelevement",0,*,"",""
"FRLMResultatExamensBiologieElementCliniquePertinent","FRLMResultatExamensBiologieElementCliniquePertinent.resultatsAnterieurs","FRLMResultatExamensBiologieElementCliniquePertinent.resultatsAnterieurs","","","",0,*,"","","","Base {[]} {[]}
","Résultats antérieurs. Plusieurs résultats antérieurs peuvent être ajoutés. 
 - Ils doivent être comparables avec le résultat rendu, c'est-à-dire obtenus suivant la même méthode ou une méthode comparable, et exprimés dans la même unité ou dans le même système de codage.","Résultats antérieurs. Plusieurs résultats antérieurs peuvent être ajoutés. 
 - Ils doivent être comparables avec le résultat rendu, c'est-à-dire obtenus suivant la même méthode ou une méthode comparable, et exprimés dans la même unité ou dans le même système de codage.","","","","","","","","","",,,,,"",,,,"FRLMResultatExamensBiologieElementCliniquePertinent.resultatsAnterieurs",0,*,"",""
"FRLMResultatExamensBiologieElementCliniquePertinent","FRLMResultatExamensBiologieElementCliniquePertinent.intervallesReference","FRLMResultatExamensBiologieElementCliniquePertinent.intervallesReference","","","",0,1,"","","","Base {[]} {[]}
","Intervalles de référence","Intervalles de référence","","","","","","","","","",,,,,"",,,,"FRLMResultatExamensBiologieElementCliniquePertinent.intervallesReference",0,1,"",""
"FRLMResultatsExamensBiologieMedicale","FRLMResultatsExamensBiologieMedicale","FRLMResultatsExamensBiologieMedicale","","","",0,*,"","","","null {[]} {[]}
","Logical model - FR LM Resultats d'examens de biologie medicale","Resultats d'examens de biologie medicale","","","","","","","","","",,,,,"",,,,"Base",0,*,"",""
"FRLMResultatsExamensBiologieMedicale","FRLMResultatsExamensBiologieMedicale.header","FRLMResultatsExamensBiologieMedicale.header","","","",1,1,"","","","Base {[]} {[]}
","Métadonnées de base","Métadonnées de base","","","","","","","","","",,,,,"",,,,"FRLMEntry.header",1,1,"",""
"FRLMResultatsExamensBiologieMedicale","FRLMResultatsExamensBiologieMedicale.header.subject","FRLMResultatsExamensBiologieMedicale.header.subject","","","",1,1,"","","","https://interop.esante.gouv.fr/ig/document-core/StructureDefinition/FRLMPatient {[]} {[]}
","Patient / Usager","Patient / Usager","","","","","","","","","",,,,,"",,,,"FRLMEntry.header.subject",1,1,"",""
"FRLMResultatsExamensBiologieMedicale","FRLMResultatsExamensBiologieMedicale.header.identifier","FRLMResultatsExamensBiologieMedicale.header.identifier","","","",0,*,"","","","Identifier {[]} {[]}
","Identifiant de l’entrée","Identifiant de l’entrée","","","","","","","","","",,,,,"",,,,"FRLMEntry.header.identifier",0,*,"",""
"FRLMResultatsExamensBiologieMedicale","FRLMResultatsExamensBiologieMedicale.header.author[x]","FRLMResultatsExamensBiologieMedicale.header.author[x]","","","",0,*,"","","","Base {[]} {[]}
","author[x] peut correspondre soit à un professionnel, soit à une organisation, soit à un système.","author[x] peut correspondre soit à un professionnel, soit à une organisation, soit à un système.","","","","","","","","","",,,,,"",,,,"FRLMEntry.header.author[x]",0,*,"",""
"FRLMResultatsExamensBiologieMedicale","FRLMResultatsExamensBiologieMedicale.header.author[x].authorProfessional","FRLMResultatsExamensBiologieMedicale.header.author[x].authorProfessional","","","",0,*,"","","","https://interop.esante.gouv.fr/ig/document-core/StructureDefinition/FRLMHealthProfessional {[]} {[]}
","L'auteur est un professionnel de santé","L'auteur est un professionnel de santé","","","","","","","","","",,,,,"",,,,"FRLMEntry.header.author[x].authorProfessional",0,*,"",""
"FRLMResultatsExamensBiologieMedicale","FRLMResultatsExamensBiologieMedicale.header.author[x].authorOrganisation","FRLMResultatsExamensBiologieMedicale.header.author[x].authorOrganisation","","","",0,*,"","","","https://interop.esante.gouv.fr/ig/document-core/StructureDefinition/FRLMOrganisation {[]} {[]}
","L'auteur est une organisation","L'auteur est une organisation","","","","","","","","","",,,,,"",,,,"FRLMEntry.header.author[x].authorOrganisation",0,*,"",""
"FRLMResultatsExamensBiologieMedicale","FRLMResultatsExamensBiologieMedicale.header.author[x].authorDevice","FRLMResultatsExamensBiologieMedicale.header.author[x].authorDevice","","","",0,*,"","","","https://interop.esante.gouv.fr/ig/document-core/StructureDefinition/FRLMDevice {[]} {[]}
","L'auteur est un système","L'auteur est un système","","","","","","","","","",,,,,"",,,,"FRLMEntry.header.author[x].authorDevice",0,*,"",""
"FRLMResultatsExamensBiologieMedicale","FRLMResultatsExamensBiologieMedicale.header.performer[x]","FRLMResultatsExamensBiologieMedicale.header.performer[x]","","","",0,*,"","","","https://interop.esante.gouv.fr/ig/document-core/StructureDefinition/FRLMHealthProfessional {[]} {[]}
https://interop.esante.gouv.fr/ig/document-core/StructureDefinition/FRLMOrganisation {[]} {[]}","Exécutant (performer)","Exécutant (performer)","","","","","","","","","",,,,,"",,,,"FRLMEntry.header.performer[x]",0,*,"",""
"FRLMResultatsExamensBiologieMedicale","FRLMResultatsExamensBiologieMedicale.header.participant[x]","FRLMResultatsExamensBiologieMedicale.header.participant[x]","","","",0,*,"","","","Base {[]} {[]}
","Participant","Participant","","","","","","","","","",,,,,"",,,,"FRLMEntry.header.participant[x]",0,*,"",""
"FRLMResultatsExamensBiologieMedicale","FRLMResultatsExamensBiologieMedicale.header.participant[x].participantProfessional","FRLMResultatsExamensBiologieMedicale.header.participant[x].participantProfessional","","","",0,*,"","","","https://interop.esante.gouv.fr/ig/document-core/StructureDefinition/FRLMHealthProfessional {[]} {[]}
","Le participant est un professionnel de santé","Le participant est un professionnel de santé","","","","","","","","","",,,,,"",,,,"FRLMEntry.header.participant[x].participantProfessional",0,*,"",""
"FRLMResultatsExamensBiologieMedicale","FRLMResultatsExamensBiologieMedicale.header.participant[x].participantOrganisation","FRLMResultatsExamensBiologieMedicale.header.participant[x].participantOrganisation","","","",0,*,"","","","https://interop.esante.gouv.fr/ig/document-core/StructureDefinition/FRLMOrganisation {[]} {[]}
","Le participant est une organisation","Le participant est une organisation","","","","","","","","","",,,,,"",,,,"FRLMEntry.header.participant[x].participantOrganisation",0,*,"",""
"FRLMResultatsExamensBiologieMedicale","FRLMResultatsExamensBiologieMedicale.header.participant[x].participantDevice","FRLMResultatsExamensBiologieMedicale.header.participant[x].participantDevice","","","",0,*,"","","","https://interop.esante.gouv.fr/ig/document-core/StructureDefinition/FRLMDevice {[]} {[]}
","Le participant est un système","Le participant est un système","","","","","","","","","",,,,,"",,,,"FRLMEntry.header.participant[x].participantDevice",0,*,"",""
"FRLMResultatsExamensBiologieMedicale","FRLMResultatsExamensBiologieMedicale.header.informant","FRLMResultatsExamensBiologieMedicale.header.informant","","","",0,*,"","","","https://interop.esante.gouv.fr/ig/document-core/StructureDefinition/FRLMInformant {[]} {[]}
","Informateur","Informateur","","","","","","","","","",,,,,"",,,,"FRLMEntry.header.informant",0,*,"",""
"FRLMResultatsExamensBiologieMedicale","FRLMResultatsExamensBiologieMedicale.header.date","FRLMResultatsExamensBiologieMedicale.header.date","","","",0,1,"","","","dateTime {[]} {[]}
","Date/Heure de création par l'auteur","Date/Heure de création par l'auteur","","","","","","","","","",,,,,"",,,,"FRLMEntry.header.date",0,1,"",""
"FRLMResultatsExamensBiologieMedicale","FRLMResultatsExamensBiologieMedicale.header.status","FRLMResultatsExamensBiologieMedicale.header.status","","","",0,1,"","","","CodeableConcept {[]} {[]}
","Niveau de complétude","Statut","","","","","","","","","",,,,,"",,,,"FRLMEntry.header.status",0,1,"",""
"FRLMResultatsExamensBiologieMedicale","FRLMResultatsExamensBiologieMedicale.header.source","FRLMResultatsExamensBiologieMedicale.header.source","","","",0,1,"","","","CodeableConcept {[]} {[]}
","Source","Source","","","","","","","","","",,,,,"",,,,"FRLMEntry.header.source",0,1,"",""
"FRLMResultatsExamensBiologieMedicale","FRLMResultatsExamensBiologieMedicale.header.language","FRLMResultatsExamensBiologieMedicale.header.language","","","",0,1,"","","","CodeableConcept {[]} {[]}
","'fr-FR' pour français métropolitain (la casse des caractères doit être respectée)
La partie en minuscules indique le code de la langue utilisée (ISO-639-1)
La partie en majuscules indique le code pays (ISO-3166)","'fr-FR' pour français métropolitain (la casse des caractères doit être respectée)
La partie en minuscules indique le code de la langue utilisée (ISO-639-1)
La partie en majuscules indique le code pays (ISO-3166)","","","","","","","","","",,,,,"",,,,"FRLMEntry.header.language",0,1,"",""
"FRLMResultatsExamensBiologieMedicale","FRLMResultatsExamensBiologieMedicale.code","FRLMResultatsExamensBiologieMedicale.code","","","",1,1,"","","","CodeableConcept {[]} {[]}
","Code dont dérive le code de section","Code dont dérive le code de section","","","","","","","","","",,,,,"",,,,"FRLMResultatsExamensBiologieMedicale.code",1,1,"",""
"FRLMResultatsExamensBiologieMedicale","FRLMResultatsExamensBiologieMedicale.laboratoireExecutant","FRLMResultatsExamensBiologieMedicale.laboratoireExecutant","","","",0,*,"","","","https://interop.esante.gouv.fr/ig/document-core/StructureDefinition/FRLMLaboratoireExecutant {[]} {[]}
","Laboratoire sous-traitant.","Laboratoire sous-traitant.","","","","","","","","","",,,,,"",,,,"FRLMResultatsExamensBiologieMedicale.laboratoireExecutant",0,*,"",""
"FRLMResultatsExamensBiologieMedicale","FRLMResultatsExamensBiologieMedicale.prelevement","FRLMResultatsExamensBiologieMedicale.prelevement","","","",0,*,"","","","https://interop.esante.gouv.fr/ig/document-core/StructureDefinition/FRLMSpecimen {[]} {[]}
","Prélèvement","Prélèvement","","","","","","","","","",,,,,"",,,,"FRLMResultatsExamensBiologieMedicale.prelevement",0,*,"",""
"FRLMResultatsExamensBiologieMedicale","FRLMResultatsExamensBiologieMedicale.batterieExamensDeBiologieMedicale","FRLMResultatsExamensBiologieMedicale.batterieExamensDeBiologieMedicale","","","",0,*,"","","","https://interop.esante.gouv.fr/ig/document-core/StructureDefinition/FRLMBatterieExamensBiologieMedicale {[]} {[]}
","Batterie d'examens de biologie médicale","Batterie d'examens de biologie médicale","","","","","","","","","",,,,,"",,,,"FRLMResultatsExamensBiologieMedicale.batterieExamensDeBiologieMedicale",0,*,"",""
"FRLMResultatsExamensBiologieMedicale","FRLMResultatsExamensBiologieMedicale.isolatMicrobiologique","FRLMResultatsExamensBiologieMedicale.isolatMicrobiologique","","","",0,*,"","","","https://interop.esante.gouv.fr/ig/document-core/StructureDefinition/FRLMIsolatMicrobiologique {[]} {[]}
","Isolat microbiologique","Isolat microbiologique","","","","","","","","","",,,,,"",,,,"FRLMResultatsExamensBiologieMedicale.isolatMicrobiologique",0,*,"",""
"FRLMResultatsExamensBiologieMedicale","FRLMResultatsExamensBiologieMedicale.resultatElementCliniquePertinent","FRLMResultatsExamensBiologieMedicale.resultatElementCliniquePertinent","","","",0,*,"","","","https://interop.esante.gouv.fr/ig/document-core/StructureDefinition/FRLMResultatExamensBiologieElementCliniquePertinent {[]} {[]}
","Résultat d'examen de biologie / élément clinique pertinent","Résultat d'examen de biologie / élément clinique pertinent","","","","","","","","","",,,,,"",,,,"FRLMResultatsExamensBiologieMedicale.resultatElementCliniquePertinent",0,*,"",""
"FRLMResultatsExamensBiologieMedicale","FRLMResultatsExamensBiologieMedicale.observationMedia","FRLMResultatsExamensBiologieMedicale.observationMedia","","","",0,*,"","","","https://interop.esante.gouv.fr/ig/document-core/StructureDefinition/FRLMObservationMedia {[]} {[]}
","Image ou graphe","Image ou graphe","","","","","","","","","",,,,,"",,,,"FRLMResultatsExamensBiologieMedicale.observationMedia",0,*,"",""
"FRLMResultatsExamensBiologieMedicale","FRLMResultatsExamensBiologieMedicale.commentaire","FRLMResultatsExamensBiologieMedicale.commentaire","","","",0,*,"","","","string {[]} {[]}
","Commentaire","Commentaire","","","","","","","","","",,,,,"",,,,"FRLMResultatsExamensBiologieMedicale.commentaire",0,*,"",""
"FRLMSOPInstance","FRLMSOPInstance","FRLMSOPInstance","","","",0,*,"","","","null {[]} {[]}
","Logical model - FR LM SOP Instance","SOP Instance","","","","","","","","","",,,,,"",,,,"Base",0,*,"",""
"FRLMSOPInstance","FRLMSOPInstance.header","FRLMSOPInstance.header","","","",1,1,"","","","Base {[]} {[]}
","Métadonnées de base","Métadonnées de base","","","","","","","","","",,,,,"",,,,"FRLMEntry.header",1,1,"",""
"FRLMSOPInstance","FRLMSOPInstance.header.subject","FRLMSOPInstance.header.subject","","","",1,1,"","","","https://interop.esante.gouv.fr/ig/document-core/StructureDefinition/FRLMPatient {[]} {[]}
","Patient / Usager","Patient / Usager","","","","","","","","","",,,,,"",,,,"FRLMEntry.header.subject",1,1,"",""
"FRLMSOPInstance","FRLMSOPInstance.header.identifier","FRLMSOPInstance.header.identifier","","","",1,*,"","","","Identifier {[]} {[]}
","UUID SOP instance","Identifiant de l’entrée","","","","","","","","","",,,,,"",,,,"FRLMEntry.header.identifier",0,*,"",""
"FRLMSOPInstance","FRLMSOPInstance.header.author[x]","FRLMSOPInstance.header.author[x]","","","",0,*,"","","","Base {[]} {[]}
","author[x] peut correspondre soit à un professionnel, soit à une organisation, soit à un système.","author[x] peut correspondre soit à un professionnel, soit à une organisation, soit à un système.","","","","","","","","","",,,,,"",,,,"FRLMEntry.header.author[x]",0,*,"",""
"FRLMSOPInstance","FRLMSOPInstance.header.author[x].authorProfessional","FRLMSOPInstance.header.author[x].authorProfessional","","","",0,*,"","","","https://interop.esante.gouv.fr/ig/document-core/StructureDefinition/FRLMHealthProfessional {[]} {[]}
","L'auteur est un professionnel de santé","L'auteur est un professionnel de santé","","","","","","","","","",,,,,"",,,,"FRLMEntry.header.author[x].authorProfessional",0,*,"",""
"FRLMSOPInstance","FRLMSOPInstance.header.author[x].authorOrganisation","FRLMSOPInstance.header.author[x].authorOrganisation","","","",0,*,"","","","https://interop.esante.gouv.fr/ig/document-core/StructureDefinition/FRLMOrganisation {[]} {[]}
","L'auteur est une organisation","L'auteur est une organisation","","","","","","","","","",,,,,"",,,,"FRLMEntry.header.author[x].authorOrganisation",0,*,"",""
"FRLMSOPInstance","FRLMSOPInstance.header.author[x].authorDevice","FRLMSOPInstance.header.author[x].authorDevice","","","",0,*,"","","","https://interop.esante.gouv.fr/ig/document-core/StructureDefinition/FRLMDevice {[]} {[]}
","L'auteur est un système","L'auteur est un système","","","","","","","","","",,,,,"",,,,"FRLMEntry.header.author[x].authorDevice",0,*,"",""
"FRLMSOPInstance","FRLMSOPInstance.header.performer[x]","FRLMSOPInstance.header.performer[x]","","","",0,*,"","","","https://interop.esante.gouv.fr/ig/document-core/StructureDefinition/FRLMHealthProfessional {[]} {[]}
https://interop.esante.gouv.fr/ig/document-core/StructureDefinition/FRLMOrganisation {[]} {[]}","Exécutant (performer)","Exécutant (performer)","","","","","","","","","",,,,,"",,,,"FRLMEntry.header.performer[x]",0,*,"",""
"FRLMSOPInstance","FRLMSOPInstance.header.participant[x]","FRLMSOPInstance.header.participant[x]","","","",0,*,"","","","Base {[]} {[]}
","Participant","Participant","","","","","","","","","",,,,,"",,,,"FRLMEntry.header.participant[x]",0,*,"",""
"FRLMSOPInstance","FRLMSOPInstance.header.participant[x].participantProfessional","FRLMSOPInstance.header.participant[x].participantProfessional","","","",0,*,"","","","https://interop.esante.gouv.fr/ig/document-core/StructureDefinition/FRLMHealthProfessional {[]} {[]}
","Le participant est un professionnel de santé","Le participant est un professionnel de santé","","","","","","","","","",,,,,"",,,,"FRLMEntry.header.participant[x].participantProfessional",0,*,"",""
"FRLMSOPInstance","FRLMSOPInstance.header.participant[x].participantOrganisation","FRLMSOPInstance.header.participant[x].participantOrganisation","","","",0,*,"","","","https://interop.esante.gouv.fr/ig/document-core/StructureDefinition/FRLMOrganisation {[]} {[]}
","Le participant est une organisation","Le participant est une organisation","","","","","","","","","",,,,,"",,,,"FRLMEntry.header.participant[x].participantOrganisation",0,*,"",""
"FRLMSOPInstance","FRLMSOPInstance.header.participant[x].participantDevice","FRLMSOPInstance.header.participant[x].participantDevice","","","",0,*,"","","","https://interop.esante.gouv.fr/ig/document-core/StructureDefinition/FRLMDevice {[]} {[]}
","Le participant est un système","Le participant est un système","","","","","","","","","",,,,,"",,,,"FRLMEntry.header.participant[x].participantDevice",0,*,"",""
"FRLMSOPInstance","FRLMSOPInstance.header.informant","FRLMSOPInstance.header.informant","","","",0,*,"","","","https://interop.esante.gouv.fr/ig/document-core/StructureDefinition/FRLMInformant {[]} {[]}
","Informateur","Informateur","","","","","","","","","",,,,,"",,,,"FRLMEntry.header.informant",0,*,"",""
"FRLMSOPInstance","FRLMSOPInstance.header.date","FRLMSOPInstance.header.date","","","",0,1,"","","","dateTime {[]} {[]}
","Date/Heure de création par l'auteur","Date/Heure de création par l'auteur","","","","","","","","","",,,,,"",,,,"FRLMEntry.header.date",0,1,"",""
"FRLMSOPInstance","FRLMSOPInstance.header.status","FRLMSOPInstance.header.status","","","",0,1,"","","","CodeableConcept {[]} {[]}
","Statut","Statut","","","","","","","","","",,,,,"",,,,"FRLMEntry.header.status",0,1,"",""
"FRLMSOPInstance","FRLMSOPInstance.header.source","FRLMSOPInstance.header.source","","","",0,1,"","","","CodeableConcept {[]} {[]}
","Source","Source","","","","","","","","","",,,,,"",,,,"FRLMEntry.header.source",0,1,"",""
"FRLMSOPInstance","FRLMSOPInstance.header.language","FRLMSOPInstance.header.language","","","",0,1,"","","","CodeableConcept {[]} {[]}
","'fr-FR' pour français métropolitain (la casse des caractères doit être respectée)
La partie en minuscules indique le code de la langue utilisée (ISO-639-1)
La partie en majuscules indique le code pays (ISO-3166)","'fr-FR' pour français métropolitain (la casse des caractères doit être respectée)
La partie en minuscules indique le code de la langue utilisée (ISO-639-1)
La partie en majuscules indique le code pays (ISO-3166)","","","","","","","","","",,,,,"",,,,"FRLMEntry.header.language",0,1,"",""
"FRLMSOPInstance","FRLMSOPInstance.sopClass","FRLMSOPInstance.sopClass","","","",1,1,"","","","CodeableConcept {[]} {[]}
","Classe SOP","Classe SOP","","","","","","","","","",,"required","JDV-SOPClass_CISIS (1.2.250.1.213.1.1.5.689)","https://smt.esante.gouv.fr/fhir/ValueSet/jdv-sop-class-cisis|20260619134042","",,,,"FRLMSOPInstance.sopClass",1,1,"",""
"FRLMSOPInstance","FRLMSOPInstance.instanceNumber","FRLMSOPInstance.instanceNumber","","","",0,1,"","","","integer {[]} {[]}
","Numéro de l'instance dans la série","Numéro de l'instance dans la série","","","","","","","","","",,,,,"",,,,"FRLMSOPInstance.instanceNumber",0,1,"",""
"FRLMSOPInstance","FRLMSOPInstance.numberOfFrames","FRLMSOPInstance.numberOfFrames","","","",0,1,"","","","integer {[]} {[]}
","Nombre de cadres composant l'instance","Nombre de cadres composant l'instance","","","","","","","","","",,,,,"",,,,"FRLMSOPInstance.numberOfFrames",0,1,"",""
"FRLMSection","FRLMSection","FRLMSection","","","",0,*,"","","","null {[]} {[]}
","Logical model - FR LM Section","Section","","","","","","","","","",,,,,"",,,,"Base",0,*,"",""
"FRLMSection","FRLMSection.codeSection","FRLMSection.codeSection","","","",1,1,"","","","CodeableConcept {[]} {[]}
","Code de la section","Code de la section","","","","","","","","","",,,,,"",,,,"FRLMSection.codeSection",1,1,"",""
"FRLMSection","FRLMSection.titleSection","FRLMSection.titleSection","","","",0,1,"","","","string {[]} {[]}
","Titre de la section","Titre de la section","","","","","","","","","",,,,,"",,,,"FRLMSection.titleSection",0,1,"",""
"FRLMSection","FRLMSection.description","FRLMSection.description","","","",1,1,"","","","string {[]} {[]}
","Bloc narratif","Bloc narratif","","","","","","","","","",,,,,"",,,,"FRLMSection.description",1,1,"",""
"FRLMSection","FRLMSection.author[x]","FRLMSection.author[x]","","","",0,*,"","","","Base {[]} {[]}
","author[x] peut correspondre soit à un professionnel, soit à une organisation, soit à un système.","author[x] peut correspondre soit à un professionnel, soit à une organisation, soit à un système.","","","","","","","","","",,,,,"",,,,"FRLMSection.author[x]",0,*,"",""
"FRLMSection","FRLMSection.author[x].authorProfessional","FRLMSection.author[x].authorProfessional","","","",0,*,"","","","https://interop.esante.gouv.fr/ig/document-core/StructureDefinition/FRLMHealthProfessional {[]} {[]}
","L'auteur est un professionnel de santé","L'auteur est un professionnel de santé","","","","","","","","","",,,,,"",,,,"FRLMSection.author[x].authorProfessional",0,*,"",""
"FRLMSection","FRLMSection.author[x].authorOrganisation","FRLMSection.author[x].authorOrganisation","","","",0,*,"","","","https://interop.esante.gouv.fr/ig/document-core/StructureDefinition/FRLMOrganisation {[]} {[]}
","L'auteur est une organisation","L'auteur est une organisation","","","","","","","","","",,,,,"",,,,"FRLMSection.author[x].authorOrganisation",0,*,"",""
"FRLMSection","FRLMSection.author[x].authorDevice","FRLMSection.author[x].authorDevice","","","",0,*,"","","","https://interop.esante.gouv.fr/ig/document-core/StructureDefinition/FRLMDevice {[]} {[]}
","L'auteur est un système","L'auteur est un système","","","","","","","","","",,,,,"",,,,"FRLMSection.author[x].authorDevice",0,*,"",""
"FRLMSection","FRLMSection.informant","FRLMSection.informant","","","",0,*,"","","","https://interop.esante.gouv.fr/ig/document-core/StructureDefinition/FRLMInformant {[]} {[]}
","Informateur","Informateur","","","","","","","","","",,,,,"",,,,"FRLMSection.informant",0,*,"",""
"FRLMSection","FRLMSection.subSection","FRLMSection.subSection","","","",0,*,"","","","Base {[]} {[]}
","Sous-sections","Sous-sections","","","","","","","","","",,,,,"",,,,"FRLMSection.subSection",0,*,"",""
"FRLMSection","FRLMSection.entry","FRLMSection.entry","","","",0,*,"","","","Base {[]} {[]}
","Entrées","Entrées","","","","","","","","","",,,,,"",,,,"FRLMSection.entry",0,*,"",""
"FRLMSectionPregnancyHistory","FRLMSectionPregnancyHistory","FRLMSectionPregnancyHistory","","","",0,*,"","","","null {[]} {[]}
","Logical model  - FR LM Pregnancy History","Section Historique des grossesses","","","","","","","","","",,,,,"",,,,"Base",0,*,"",""
"FRLMSectionPregnancyHistory","FRLMSectionPregnancyHistory.codeSection","FRLMSectionPregnancyHistory.codeSection","","","",1,1,"","","","CodeableConcept {[]} {[]}
","Code de la section","Code de la section","","","","","","","","","",,,,,"",,,,"FRLMSection.codeSection",1,1,"",""
"FRLMSectionPregnancyHistory","FRLMSectionPregnancyHistory.titleSection","FRLMSectionPregnancyHistory.titleSection","","","",1,1,"","","","string {[]} {[]}
","Titre de la section","Titre de la section","","","","","","","","","",,,,,"",,,,"FRLMSection.titleSection",0,1,"",""
"FRLMSectionPregnancyHistory","FRLMSectionPregnancyHistory.description","FRLMSectionPregnancyHistory.description","","","",1,1,"","","","string {[]} {[]}
","Bloc narratif","Bloc narratif","","","","","","","","","",,,,,"",,,,"FRLMSection.description",1,1,"",""
"FRLMSectionPregnancyHistory","FRLMSectionPregnancyHistory.author[x]","FRLMSectionPregnancyHistory.author[x]","","","",0,*,"","","","Base {[]} {[]}
","author[x] peut correspondre soit à un professionnel, soit à une organisation, soit à un système.","author[x] peut correspondre soit à un professionnel, soit à une organisation, soit à un système.","","","","","","","","","",,,,,"",,,,"FRLMSection.author[x]",0,*,"",""
"FRLMSectionPregnancyHistory","FRLMSectionPregnancyHistory.author[x].authorProfessional","FRLMSectionPregnancyHistory.author[x].authorProfessional","","","",0,*,"","","","https://interop.esante.gouv.fr/ig/document-core/StructureDefinition/FRLMHealthProfessional {[]} {[]}
","L'auteur est un professionnel de santé","L'auteur est un professionnel de santé","","","","","","","","","",,,,,"",,,,"FRLMSection.author[x].authorProfessional",0,*,"",""
"FRLMSectionPregnancyHistory","FRLMSectionPregnancyHistory.author[x].authorOrganisation","FRLMSectionPregnancyHistory.author[x].authorOrganisation","","","",0,*,"","","","https://interop.esante.gouv.fr/ig/document-core/StructureDefinition/FRLMOrganisation {[]} {[]}
","L'auteur est une organisation","L'auteur est une organisation","","","","","","","","","",,,,,"",,,,"FRLMSection.author[x].authorOrganisation",0,*,"",""
"FRLMSectionPregnancyHistory","FRLMSectionPregnancyHistory.author[x].authorDevice","FRLMSectionPregnancyHistory.author[x].authorDevice","","","",0,*,"","","","https://interop.esante.gouv.fr/ig/document-core/StructureDefinition/FRLMDevice {[]} {[]}
","L'auteur est un système","L'auteur est un système","","","","","","","","","",,,,,"",,,,"FRLMSection.author[x].authorDevice",0,*,"",""
"FRLMSectionPregnancyHistory","FRLMSectionPregnancyHistory.informant","FRLMSectionPregnancyHistory.informant","","","",0,*,"","","","https://interop.esante.gouv.fr/ig/document-core/StructureDefinition/FRLMInformant {[]} {[]}
","Informateur","Informateur","","","","","","","","","",,,,,"",,,,"FRLMSection.informant",0,*,"",""
"FRLMSectionPregnancyHistory","FRLMSectionPregnancyHistory.subSection","FRLMSectionPregnancyHistory.subSection","","","",0,0,"","","","Base {[]} {[]}
","Sous-sections","Sous-sections","","","","","","","","","",,,,,"",,,,"FRLMSection.subSection",0,*,"",""
"FRLMSectionPregnancyHistory","FRLMSectionPregnancyHistory.entry","FRLMSectionPregnancyHistory.entry","","","",0,*,"","","","Base {[]} {[]}
","Entrées","Entrées","","","","","","","","","",,,,,"",,,,"FRLMSection.entry",0,*,"",""
"FRLMSectionPregnancyHistory","FRLMSectionPregnancyHistory.entry.pregnancyStatus","FRLMSectionPregnancyHistory.entry.pregnancyStatus","","","",0,1,"","","","https://interop.esante.gouv.fr/ig/document-core/StructureDefinition/FRLMPregnancyStatus {[]} {[]}
","Statut de grossesse","Statut de grossesse","","","","","","","","","",,,,,"",,,,"FRLMSectionPregnancyHistory.entry.pregnancyStatus",0,1,"",""
"FRLMSectionPregnancyHistory","FRLMSectionPregnancyHistory.entry.pregnancyHistory","FRLMSectionPregnancyHistory.entry.pregnancyHistory","","","",0,*,"","","","https://interop.esante.gouv.fr/ig/document-core/StructureDefinition/FRLMPregnancyHistory {[]} {[]}
","Historique des grossesses. Exemple : nb d'enfants nés vivants, etc…","Historique des grossesses. Exemple : nb d'enfants nés vivants, etc…","","","","","","","","","",,,,,"",,,,"FRLMSectionPregnancyHistory.entry.pregnancyHistory",0,*,"",""
"FRLMSectionPregnancyHistory","FRLMSectionPregnancyHistory.note","FRLMSectionPregnancyHistory.note","","","",0,1,"","","","string {[]} {[]}
","Commentaire","Commentaire","","","","","","","","","",,,,,"",,,,"FRLMSectionPregnancyHistory.note",0,1,"",""
"FRLMSectionTravelHistory","FRLMSectionTravelHistory","FRLMSectionTravelHistory","","","",0,*,"","","","null {[]} {[]}
","Logical model  - FR LM Travel History","Section Historique des voyages","","","","","","","","","",,,,,"",,,,"Base",0,*,"",""
"FRLMSectionTravelHistory","FRLMSectionTravelHistory.codeSection","FRLMSectionTravelHistory.codeSection","","","",1,1,"","","","CodeableConcept {[]} {[]}
","Code de la section","Code de la section","","","","","","","","","",,,,,"",,,,"FRLMSection.codeSection",1,1,"",""
"FRLMSectionTravelHistory","FRLMSectionTravelHistory.titleSection","FRLMSectionTravelHistory.titleSection","","","",1,1,"","","","string {[]} {[]}
","Titre de la section","Titre de la section","","","","","","","","","",,,,,"",,,,"FRLMSection.titleSection",0,1,"",""
"FRLMSectionTravelHistory","FRLMSectionTravelHistory.description","FRLMSectionTravelHistory.description","","","",1,1,"","","","string {[]} {[]}
","Bloc narratif","Bloc narratif","","","","","","","","","",,,,,"",,,,"FRLMSection.description",1,1,"",""
"FRLMSectionTravelHistory","FRLMSectionTravelHistory.author[x]","FRLMSectionTravelHistory.author[x]","","","",0,*,"","","","Base {[]} {[]}
","author[x] peut correspondre soit à un professionnel, soit à une organisation, soit à un système.","author[x] peut correspondre soit à un professionnel, soit à une organisation, soit à un système.","","","","","","","","","",,,,,"",,,,"FRLMSection.author[x]",0,*,"",""
"FRLMSectionTravelHistory","FRLMSectionTravelHistory.author[x].authorProfessional","FRLMSectionTravelHistory.author[x].authorProfessional","","","",0,*,"","","","https://interop.esante.gouv.fr/ig/document-core/StructureDefinition/FRLMHealthProfessional {[]} {[]}
","L'auteur est un professionnel de santé","L'auteur est un professionnel de santé","","","","","","","","","",,,,,"",,,,"FRLMSection.author[x].authorProfessional",0,*,"",""
"FRLMSectionTravelHistory","FRLMSectionTravelHistory.author[x].authorOrganisation","FRLMSectionTravelHistory.author[x].authorOrganisation","","","",0,*,"","","","https://interop.esante.gouv.fr/ig/document-core/StructureDefinition/FRLMOrganisation {[]} {[]}
","L'auteur est une organisation","L'auteur est une organisation","","","","","","","","","",,,,,"",,,,"FRLMSection.author[x].authorOrganisation",0,*,"",""
"FRLMSectionTravelHistory","FRLMSectionTravelHistory.author[x].authorDevice","FRLMSectionTravelHistory.author[x].authorDevice","","","",0,*,"","","","https://interop.esante.gouv.fr/ig/document-core/StructureDefinition/FRLMDevice {[]} {[]}
","L'auteur est un système","L'auteur est un système","","","","","","","","","",,,,,"",,,,"FRLMSection.author[x].authorDevice",0,*,"",""
"FRLMSectionTravelHistory","FRLMSectionTravelHistory.informant","FRLMSectionTravelHistory.informant","","","",0,*,"","","","https://interop.esante.gouv.fr/ig/document-core/StructureDefinition/FRLMInformant {[]} {[]}
","Informateur","Informateur","","","","","","","","","",,,,,"",,,,"FRLMSection.informant",0,*,"",""
"FRLMSectionTravelHistory","FRLMSectionTravelHistory.subSection","FRLMSectionTravelHistory.subSection","","","",0,0,"","","","Base {[]} {[]}
","Sous-sections","Sous-sections","","","","","","","","","",,,,,"",,,,"FRLMSection.subSection",0,*,"",""
"FRLMSectionTravelHistory","FRLMSectionTravelHistory.entry","FRLMSectionTravelHistory.entry","","","",0,*,"","","","Base {[]} {[]}
","Entrées","Entrées","","","","","","","","","",,,,,"",,,,"FRLMSection.entry",0,*,"",""
"FRLMSectionTravelHistory","FRLMSectionTravelHistory.entry.travelHistory","FRLMSectionTravelHistory.entry.travelHistory","","","",0,*,"","","","https://interop.esante.gouv.fr/ig/document-core/StructureDefinition/FRLMTravelHistory {[]} {[]}
","Historique des voyages","Historique des voyages","","","","","","","","","",,,,,"",,,,"FRLMSectionTravelHistory.entry.travelHistory",0,*,"",""
"FRLMSectionTravelHistory","FRLMSectionTravelHistory.entry.note","FRLMSectionTravelHistory.entry.note","","","",0,1,"","","","string {[]} {[]}
","Commentaire","Commentaire","","","","","","","","","",,,,,"",,,,"FRLMSectionTravelHistory.entry.note",0,1,"",""
"FRLMSeries","FRLMSeries","FRLMSeries","","","",0,*,"","","","null {[]} {[]}
","Logical model - FR LM Series","Séries d'actes d'imagerie","","","","","","","","","",,,,,"",,,,"Base",0,*,"",""
"FRLMSeries","FRLMSeries.header","FRLMSeries.header","","","",1,1,"","","","Base {[]} {[]}
","Métadonnées de base","Métadonnées de base","","","","","","","","","",,,,,"",,,,"FRLMEntry.header",1,1,"",""
"FRLMSeries","FRLMSeries.header.subject","FRLMSeries.header.subject","","","",1,1,"","","","https://interop.esante.gouv.fr/ig/document-core/StructureDefinition/FRLMPatient {[]} {[]}
","Patient / Usager","Patient / Usager","","","","","","","","","",,,,,"",,,,"FRLMEntry.header.subject",1,1,"",""
"FRLMSeries","FRLMSeries.header.identifier","FRLMSeries.header.identifier","","","",0,*,"","","","Identifier {[]} {[]}
","Identifiant de l’entrée","Identifiant de l’entrée","","","","","","","","","",,,,,"",,,,"FRLMEntry.header.identifier",0,*,"",""
"FRLMSeries","FRLMSeries.header.author[x]","FRLMSeries.header.author[x]","","","",0,*,"","","","Base {[]} {[]}
","author[x] peut correspondre soit à un professionnel, soit à une organisation, soit à un système.","author[x] peut correspondre soit à un professionnel, soit à une organisation, soit à un système.","","","","","","","","","",,,,,"",,,,"FRLMEntry.header.author[x]",0,*,"",""
"FRLMSeries","FRLMSeries.header.author[x].authorProfessional","FRLMSeries.header.author[x].authorProfessional","","","",0,*,"","","","https://interop.esante.gouv.fr/ig/document-core/StructureDefinition/FRLMHealthProfessional {[]} {[]}
","L'auteur est un professionnel de santé","L'auteur est un professionnel de santé","","","","","","","","","",,,,,"",,,,"FRLMEntry.header.author[x].authorProfessional",0,*,"",""
"FRLMSeries","FRLMSeries.header.author[x].authorOrganisation","FRLMSeries.header.author[x].authorOrganisation","","","",0,*,"","","","https://interop.esante.gouv.fr/ig/document-core/StructureDefinition/FRLMOrganisation {[]} {[]}
","L'auteur est une organisation","L'auteur est une organisation","","","","","","","","","",,,,,"",,,,"FRLMEntry.header.author[x].authorOrganisation",0,*,"",""
"FRLMSeries","FRLMSeries.header.author[x].authorDevice","FRLMSeries.header.author[x].authorDevice","","","",0,*,"","","","https://interop.esante.gouv.fr/ig/document-core/StructureDefinition/FRLMDevice {[]} {[]}
","L'auteur est un système","L'auteur est un système","","","","","","","","","",,,,,"",,,,"FRLMEntry.header.author[x].authorDevice",0,*,"",""
"FRLMSeries","FRLMSeries.header.performer[x]","FRLMSeries.header.performer[x]","","","",0,*,"","","","https://interop.esante.gouv.fr/ig/document-core/StructureDefinition/FRLMHealthProfessional {[]} {[]}
https://interop.esante.gouv.fr/ig/document-core/StructureDefinition/FRLMOrganisation {[]} {[]}","Exécutant (performer)","Exécutant (performer)","","","","","","","","","",,,,,"",,,,"FRLMEntry.header.performer[x]",0,*,"",""
"FRLMSeries","FRLMSeries.header.participant[x]","FRLMSeries.header.participant[x]","","","",0,*,"","","","Base {[]} {[]}
","Participant","Participant","","","","","","","","","",,,,,"",,,,"FRLMEntry.header.participant[x]",0,*,"",""
"FRLMSeries","FRLMSeries.header.participant[x].participantProfessional","FRLMSeries.header.participant[x].participantProfessional","","","",0,*,"","","","https://interop.esante.gouv.fr/ig/document-core/StructureDefinition/FRLMHealthProfessional {[]} {[]}
","Le participant est un professionnel de santé","Le participant est un professionnel de santé","","","","","","","","","",,,,,"",,,,"FRLMEntry.header.participant[x].participantProfessional",0,*,"",""
"FRLMSeries","FRLMSeries.header.participant[x].participantOrganisation","FRLMSeries.header.participant[x].participantOrganisation","","","",0,*,"","","","https://interop.esante.gouv.fr/ig/document-core/StructureDefinition/FRLMOrganisation {[]} {[]}
","Le participant est une organisation","Le participant est une organisation","","","","","","","","","",,,,,"",,,,"FRLMEntry.header.participant[x].participantOrganisation",0,*,"",""
"FRLMSeries","FRLMSeries.header.participant[x].participantDevice","FRLMSeries.header.participant[x].participantDevice","","","",0,*,"","","","https://interop.esante.gouv.fr/ig/document-core/StructureDefinition/FRLMDevice {[]} {[]}
","Le participant est un système","Le participant est un système","","","","","","","","","",,,,,"",,,,"FRLMEntry.header.participant[x].participantDevice",0,*,"",""
"FRLMSeries","FRLMSeries.header.informant","FRLMSeries.header.informant","","","",0,*,"","","","https://interop.esante.gouv.fr/ig/document-core/StructureDefinition/FRLMInformant {[]} {[]}
","Informateur","Informateur","","","","","","","","","",,,,,"",,,,"FRLMEntry.header.informant",0,*,"",""
"FRLMSeries","FRLMSeries.header.date","FRLMSeries.header.date","","","",0,1,"","","","dateTime {[]} {[]}
","Date/Heure de création par l'auteur","Date/Heure de création par l'auteur","","","","","","","","","",,,,,"",,,,"FRLMEntry.header.date",0,1,"",""
"FRLMSeries","FRLMSeries.header.status","FRLMSeries.header.status","","","",0,1,"","","","CodeableConcept {[]} {[]}
","Statut","Statut","","","","","","","","","",,,,,"",,,,"FRLMEntry.header.status",0,1,"",""
"FRLMSeries","FRLMSeries.header.source","FRLMSeries.header.source","","","",0,1,"","","","CodeableConcept {[]} {[]}
","Source","Source","","","","","","","","","",,,,,"",,,,"FRLMEntry.header.source",0,1,"",""
"FRLMSeries","FRLMSeries.header.language","FRLMSeries.header.language","","","",0,1,"","","","CodeableConcept {[]} {[]}
","'fr-FR' pour français métropolitain (la casse des caractères doit être respectée)
La partie en minuscules indique le code de la langue utilisée (ISO-639-1)
La partie en majuscules indique le code pays (ISO-3166)","'fr-FR' pour français métropolitain (la casse des caractères doit être respectée)
La partie en minuscules indique le code de la langue utilisée (ISO-639-1)
La partie en majuscules indique le code pays (ISO-3166)","","","","","","","","","",,,,,"",,,,"FRLMEntry.header.language",0,1,"",""
"FRLMSeries","FRLMSeries.seriesUid","FRLMSeries.seriesUid","","","",1,*,"","","","Identifier {[]} {[]}
","DICOM UUID instance de la série","DICOM UUID instance de la série","","","","","","","","","",,,,,"",,,,"FRLMSeries.seriesUid",1,*,"",""
"FRLMSeries","FRLMSeries.number","FRLMSeries.number","","","",0,1,"","","","integer {[]} {[]}
","identfiant numérique de la série","identfiant numérique de la série","","","","","","","","","",,,,,"",,,,"FRLMSeries.number",0,1,"",""
"FRLMSeries","FRLMSeries.seriesModality","FRLMSeries.seriesModality","","","",1,1,"","","","CodeableConcept {[]} {[]}
","Modalités d'imagerie utilisées lors de l'examen (DICOM CID029)","Modalités d'imagerie utilisées lors de l'examen (DICOM CID029)","","","","","","","","","",,"required","jdv-modalite-acquisition-cisis : Modalité d'imagerie","https://smt.esante.gouv.fr/fhir/ValueSet/jdv-modalite-acquisition-cisis|20260420150250","",,,,"FRLMSeries.seriesModality",1,1,"",""
"FRLMSeries","FRLMSeries.bodySite","FRLMSeries.bodySite","","","",0,1,"","","","https://interop.esante.gouv.fr/ig/document-core/StructureDefinition/FRLMBodyStructure {[]} {[]}
","Localisations anatomiques","Localisations anatomiques","","","","","","","","","",,,,,"",,,,"FRLMSeries.bodySite",0,1,"",""
"FRLMSeries","FRLMSeries.specimen","FRLMSeries.specimen","","","",0,*,"","","","https://interop.esante.gouv.fr/ig/document-core/StructureDefinition/FRLMSpecimen {[]} {[]}
","Spécimen associé à la série","Spécimen associé à la série","","","","","","","","","",,,,,"",,,,"FRLMSeries.specimen",0,*,"",""
"FRLMSeries","FRLMSeries.numberOfInstances","FRLMSeries.numberOfInstances","","","",0,1,"","","","integer {[]} {[]}
","Nombre d'instances d'imagerie composant l'examen","Nombre d'instances d'imagerie composant l'examen","","","","","","","","","",,,,,"",,,,"FRLMSeries.numberOfInstances",0,1,"",""
"FRLMSeries","FRLMSeries.seriesEndpoint","FRLMSeries.seriesEndpoint","","","",0,*,"","","","https://interop.esante.gouv.fr/ig/document-core/StructureDefinition/FRLMEndpoint {[]} {[]}
","Endpoint de l'examen d'imagerie","Endpoint de l'examen d'imagerie","","","","","","","","","",,,,,"",,,,"FRLMSeries.seriesEndpoint",0,*,"",""
"FRLMSeries","FRLMSeries.started","FRLMSeries.started","","","",0,1,"","","","dateTime {[]} {[]}
","Date de début de la série d'actes","Date de début de la série d'actes","","","","","","","","","",,,,,"",,,,"FRLMSeries.started",0,1,"",""
"FRLMSeries","FRLMSeries.instanceSOP","FRLMSeries.instanceSOP","","","",1,1,"","","","https://interop.esante.gouv.fr/ig/document-core/StructureDefinition/FRLMSOPInstance {[]} {[]}
","SOP instance","SOP instance","","","","","","","","","",,,,,"",,,,"FRLMSeries.instanceSOP",1,1,"",""
"FRLMServiceRequest","FRLMServiceRequest","FRLMServiceRequest","","","",0,*,"","","","null {[]} {[]}
","Logical model - FR LM Service Request","Demande d'examen ou de suivi / Objectif à atteindre","","","","","","","","","",,,,,"",,,,"Base",0,*,"",""
"FRLMServiceRequest","FRLMServiceRequest.header","FRLMServiceRequest.header","","","",1,1,"","","","Base {[]} {[]}
","Métadonnées de base","Métadonnées de base","","","","","","","","","",,,,,"",,,,"FRLMEntry.header",1,1,"",""
"FRLMServiceRequest","FRLMServiceRequest.header.subject","FRLMServiceRequest.header.subject","","","",1,1,"","","","https://interop.esante.gouv.fr/ig/document-core/StructureDefinition/FRLMPatient {[]} {[]}
","Patient / Usager","Patient / Usager","","","","","","","","","",,,,,"",,,,"FRLMEntry.header.subject",1,1,"",""
"FRLMServiceRequest","FRLMServiceRequest.header.identifier","FRLMServiceRequest.header.identifier","","","",0,*,"","","","Identifier {[]} {[]}
","Identifiant de l’entrée","Identifiant de l’entrée","","","","","","","","","",,,,,"",,,,"FRLMEntry.header.identifier",0,*,"",""
"FRLMServiceRequest","FRLMServiceRequest.header.author[x]","FRLMServiceRequest.header.author[x]","","","",0,*,"","","","Base {[]} {[]}
","author[x] peut correspondre soit à un professionnel, soit à une organisation, soit à un système.","author[x] peut correspondre soit à un professionnel, soit à une organisation, soit à un système.","","","","","","","","","",,,,,"",,,,"FRLMEntry.header.author[x]",0,*,"",""
"FRLMServiceRequest","FRLMServiceRequest.header.author[x].authorProfessional","FRLMServiceRequest.header.author[x].authorProfessional","","","",0,*,"","","","https://interop.esante.gouv.fr/ig/document-core/StructureDefinition/FRLMHealthProfessional {[]} {[]}
","L'auteur est un professionnel de santé","L'auteur est un professionnel de santé","","","","","","","","","",,,,,"",,,,"FRLMEntry.header.author[x].authorProfessional",0,*,"",""
"FRLMServiceRequest","FRLMServiceRequest.header.author[x].authorOrganisation","FRLMServiceRequest.header.author[x].authorOrganisation","","","",0,*,"","","","https://interop.esante.gouv.fr/ig/document-core/StructureDefinition/FRLMOrganisation {[]} {[]}
","L'auteur est une organisation","L'auteur est une organisation","","","","","","","","","",,,,,"",,,,"FRLMEntry.header.author[x].authorOrganisation",0,*,"",""
"FRLMServiceRequest","FRLMServiceRequest.header.author[x].authorDevice","FRLMServiceRequest.header.author[x].authorDevice","","","",0,*,"","","","https://interop.esante.gouv.fr/ig/document-core/StructureDefinition/FRLMDevice {[]} {[]}
","L'auteur est un système","L'auteur est un système","","","","","","","","","",,,,,"",,,,"FRLMEntry.header.author[x].authorDevice",0,*,"",""
"FRLMServiceRequest","FRLMServiceRequest.header.performer[x]","FRLMServiceRequest.header.performer[x]","","","",0,*,"","","","https://interop.esante.gouv.fr/ig/document-core/StructureDefinition/FRLMHealthProfessional {[]} {[]}
https://interop.esante.gouv.fr/ig/document-core/StructureDefinition/FRLMOrganisation {[]} {[]}","Exécutant (performer)","Exécutant (performer)","","","","","","","","","",,,,,"",,,,"FRLMEntry.header.performer[x]",0,*,"",""
"FRLMServiceRequest","FRLMServiceRequest.header.participant[x]","FRLMServiceRequest.header.participant[x]","","","",0,*,"","","","Base {[]} {[]}
","Participant","Participant","","","","","","","","","",,,,,"",,,,"FRLMEntry.header.participant[x]",0,*,"",""
"FRLMServiceRequest","FRLMServiceRequest.header.participant[x].participantProfessional","FRLMServiceRequest.header.participant[x].participantProfessional","","","",0,*,"","","","https://interop.esante.gouv.fr/ig/document-core/StructureDefinition/FRLMHealthProfessional {[]} {[]}
","Le participant est un professionnel de santé","Le participant est un professionnel de santé","","","","","","","","","",,,,,"",,,,"FRLMEntry.header.participant[x].participantProfessional",0,*,"",""
"FRLMServiceRequest","FRLMServiceRequest.header.participant[x].participantOrganisation","FRLMServiceRequest.header.participant[x].participantOrganisation","","","",0,*,"","","","https://interop.esante.gouv.fr/ig/document-core/StructureDefinition/FRLMOrganisation {[]} {[]}
","Le participant est une organisation","Le participant est une organisation","","","","","","","","","",,,,,"",,,,"FRLMEntry.header.participant[x].participantOrganisation",0,*,"",""
"FRLMServiceRequest","FRLMServiceRequest.header.participant[x].participantDevice","FRLMServiceRequest.header.participant[x].participantDevice","","","",0,*,"","","","https://interop.esante.gouv.fr/ig/document-core/StructureDefinition/FRLMDevice {[]} {[]}
","Le participant est un système","Le participant est un système","","","","","","","","","",,,,,"",,,,"FRLMEntry.header.participant[x].participantDevice",0,*,"",""
"FRLMServiceRequest","FRLMServiceRequest.header.informant","FRLMServiceRequest.header.informant","","","",0,*,"","","","https://interop.esante.gouv.fr/ig/document-core/StructureDefinition/FRLMInformant {[]} {[]}
","Informateur","Informateur","","","","","","","","","",,,,,"",,,,"FRLMEntry.header.informant",0,*,"",""
"FRLMServiceRequest","FRLMServiceRequest.header.date","FRLMServiceRequest.header.date","","","",0,1,"","","","dateTime {[]} {[]}
","Date/Heure de création par l'auteur","Date/Heure de création par l'auteur","","","","","","","","","",,,,,"",,,,"FRLMEntry.header.date",0,1,"",""
"FRLMServiceRequest","FRLMServiceRequest.header.status","FRLMServiceRequest.header.status","","","",1,1,"","","","CodeableConcept {[]} {[]}
","Statut de la demande","Statut","","","","","","","","","",,,,,"",,,,"FRLMEntry.header.status",0,1,"",""
"FRLMServiceRequest","FRLMServiceRequest.header.source","FRLMServiceRequest.header.source","","","",0,1,"","","","CodeableConcept {[]} {[]}
","Source","Source","","","","","","","","","",,,,,"",,,,"FRLMEntry.header.source",0,1,"",""
"FRLMServiceRequest","FRLMServiceRequest.header.language","FRLMServiceRequest.header.language","","","",0,1,"","","","CodeableConcept {[]} {[]}
","'fr-FR' pour français métropolitain (la casse des caractères doit être respectée)
La partie en minuscules indique le code de la langue utilisée (ISO-639-1)
La partie en majuscules indique le code pays (ISO-3166)","'fr-FR' pour français métropolitain (la casse des caractères doit être respectée)
La partie en minuscules indique le code de la langue utilisée (ISO-639-1)
La partie en majuscules indique le code pays (ISO-3166)","","","","","","","","","",,,,,"",,,,"FRLMEntry.header.language",0,1,"",""
"FRLMServiceRequest","FRLMServiceRequest.code","FRLMServiceRequest.code","","","",1,1,"","","","CodeableConcept {[]} {[]}
","Type de la demande","Type de la demande","","","","","","","","","",,,,,"",,,,"FRLMServiceRequest.code",1,1,"",""
"FRLMServiceRequest","FRLMServiceRequest.quantity","FRLMServiceRequest.quantity","","","",0,1,"","","","Quantity {[]} {[]}
","Quantité demandée","Quantité demandée","","","","","","","","","",,,,,"",,,,"FRLMServiceRequest.quantity",0,1,"",""
"FRLMServiceRequest","FRLMServiceRequest.bodySite","FRLMServiceRequest.bodySite","","","",0,*,"","","","https://interop.esante.gouv.fr/ig/document-core/StructureDefinition/FRLMBodyStructure {[]} {[]}
","Localisation anatomique","Localisation anatomique","","","","","","","","","",,,,,"",,,,"FRLMServiceRequest.bodySite",0,*,"",""
"FRLMServiceRequest","FRLMServiceRequest.reason[x]","FRLMServiceRequest.reason[x]","","","",0,*,"","","","https://interop.esante.gouv.fr/ig/document-core/StructureDefinition/FRLMObservation {[]} {[]}
https://interop.esante.gouv.fr/ig/document-core/StructureDefinition/FRLMCondition {[]} {[]}https://interop.esante.gouv.fr/ig/document-core/StructureDefinition/FRLMMedication {[]} {[]}string {[]} {[]}","Motif de la demande","Motif de la demande","","","","","","","","","",,,,,"",,,,"FRLMServiceRequest.reason[x]",0,*,"",""
"FRLMServiceRequest","FRLMServiceRequest.priority","FRLMServiceRequest.priority","","","",0,1,"","","","CodeableConcept {[]} {[]}
","Priorité de la demande","Priorité de la demande","","","","","","","","","",,"preferred","(preferred): HL7 Request Priority","","",,,,"FRLMServiceRequest.priority",0,1,"",""
"FRLMServiceRequest","FRLMServiceRequest.supportingInformation[x]","FRLMServiceRequest.supportingInformation[x]","","","",0,*,"","","","https://interop.esante.gouv.fr/ig/document-core/StructureDefinition/FRLMObservation {[]} {[]}
https://interop.esante.gouv.fr/ig/document-core/StructureDefinition/FRLMCondition {[]} {[]}https://interop.esante.gouv.fr/ig/document-core/StructureDefinition/FRLMProcedure {[]} {[]}https://interop.esante.gouv.fr/ig/document-core/StructureDefinition/FRLMMedicationAdministration {[]} {[]}","Informations pertinentes pour l'interprétation des résultats, par exemple le statut de jeûne, le sexe, etc.","Informations pertinentes pour l'interprétation des résultats, par exemple le statut de jeûne, le sexe, etc.","","","","","","","","","",,,,,"",,,,"FRLMServiceRequest.supportingInformation[x]",0,*,"",""
"FRLMServiceRequest","FRLMServiceRequest.specimen","FRLMServiceRequest.specimen","","","",0,*,"","","","https://interop.esante.gouv.fr/ig/document-core/StructureDefinition/FRLMSpecimen {[]} {[]}
","Prélèvement","Prélèvement","","","","","","","","","",,,,,"",,,,"FRLMServiceRequest.specimen",0,*,"",""
"FRLMServiceRequest","FRLMServiceRequest.encounter","FRLMServiceRequest.encounter","","","",0,1,"","","","https://interop.esante.gouv.fr/ig/document-core/StructureDefinition/FRLMEncounter {[]} {[]}
","Consultation à l'origine, pour avoir des informations complémentaires sur le contexte dans lequel cette demande est formulée","Consultation à l'origine, pour avoir des informations complémentaires sur le contexte dans lequel cette demande est formulée","","","","","","","","","",,,,,"",,,,"FRLMServiceRequest.encounter",0,1,"",""
"FRLMServiceRequest","FRLMServiceRequest.occurrence[x]","FRLMServiceRequest.occurrence[x]","","","",1,1,"","","","dateTime {[]} {[]}
Period {[]} {[]}","Date ou période prévisionnelle de l'examen","Date ou période prévisionnelle de l'examen","","","","","","","","","",,,,,"",,,,"FRLMServiceRequest.occurrence[x]",1,1,"",""
"FRLMServiceRequest","FRLMServiceRequest.patientInstructions","FRLMServiceRequest.patientInstructions","","","",0,1,"","","","string {[]} {[]}
","Instructions au patient","Instructions au patient","","","","","","","","","",,,,,"",,,,"FRLMServiceRequest.patientInstructions",0,1,"",""
"FRLMSocialHistory","FRLMSocialHistory","FRLMSocialHistory","","","",0,*,"","","","null {[]} {[]}
","Logical model - FR LM SocialHistory","Section Habitus et modes de vie","","","","","","","","","",,,,,"",,,,"Base",0,*,"",""
"FRLMSocialHistory","FRLMSocialHistory.codeSection","FRLMSocialHistory.codeSection","","","",1,1,"","","","CodeableConcept {[]} {[]}
","Code de la section","Code de la section","","","","","","","","","",,,,,"",,,,"FRLMSection.codeSection",1,1,"",""
"FRLMSocialHistory","FRLMSocialHistory.titleSection","FRLMSocialHistory.titleSection","","","",1,1,"","","","string {[]} {[]}
","Titre de la section","Titre de la section","","","","","","","","","",,,,,"",,,,"FRLMSection.titleSection",0,1,"",""
"FRLMSocialHistory","FRLMSocialHistory.description","FRLMSocialHistory.description","","","",1,1,"","","","string {[]} {[]}
","Bloc narratif","Bloc narratif","","","","","","","","","",,,,,"",,,,"FRLMSection.description",1,1,"",""
"FRLMSocialHistory","FRLMSocialHistory.author[x]","FRLMSocialHistory.author[x]","","","",0,*,"","","","Base {[]} {[]}
","author[x] peut correspondre soit à un professionnel, soit à une organisation, soit à un système.","author[x] peut correspondre soit à un professionnel, soit à une organisation, soit à un système.","","","","","","","","","",,,,,"",,,,"FRLMSection.author[x]",0,*,"",""
"FRLMSocialHistory","FRLMSocialHistory.author[x].authorProfessional","FRLMSocialHistory.author[x].authorProfessional","","","",0,*,"","","","https://interop.esante.gouv.fr/ig/document-core/StructureDefinition/FRLMHealthProfessional {[]} {[]}
","L'auteur est un professionnel de santé","L'auteur est un professionnel de santé","","","","","","","","","",,,,,"",,,,"FRLMSection.author[x].authorProfessional",0,*,"",""
"FRLMSocialHistory","FRLMSocialHistory.author[x].authorOrganisation","FRLMSocialHistory.author[x].authorOrganisation","","","",0,*,"","","","https://interop.esante.gouv.fr/ig/document-core/StructureDefinition/FRLMOrganisation {[]} {[]}
","L'auteur est une organisation","L'auteur est une organisation","","","","","","","","","",,,,,"",,,,"FRLMSection.author[x].authorOrganisation",0,*,"",""
"FRLMSocialHistory","FRLMSocialHistory.author[x].authorDevice","FRLMSocialHistory.author[x].authorDevice","","","",0,*,"","","","https://interop.esante.gouv.fr/ig/document-core/StructureDefinition/FRLMDevice {[]} {[]}
","L'auteur est un système","L'auteur est un système","","","","","","","","","",,,,,"",,,,"FRLMSection.author[x].authorDevice",0,*,"",""
"FRLMSocialHistory","FRLMSocialHistory.informant","FRLMSocialHistory.informant","","","",0,*,"","","","https://interop.esante.gouv.fr/ig/document-core/StructureDefinition/FRLMInformant {[]} {[]}
","Informateur","Informateur","","","","","","","","","",,,,,"",,,,"FRLMSection.informant",0,*,"",""
"FRLMSocialHistory","FRLMSocialHistory.subSection","FRLMSocialHistory.subSection","","","",0,0,"","","","Base {[]} {[]}
","Sous-sections","Sous-sections","","","","","","","","","",,,,,"",,,,"FRLMSection.subSection",0,*,"",""
"FRLMSocialHistory","FRLMSocialHistory.entry","FRLMSocialHistory.entry","","","",0,*,"","","","Base {[]} {[]}
","Entrées","Entrées","","","","","","","","","",,,,,"",,,,"FRLMSection.entry",0,*,"",""
"FRLMSocialHistory","FRLMSocialHistory.entry.observationSocialHistory","FRLMSocialHistory.entry.observationSocialHistory","","","",0,*,"","","","https://interop.esante.gouv.fr/ig/document-core/StructureDefinition/FRLMObservationSocialHistory {[]} {[]}
","Entrée Habitus, Mode de vie","Entrée Habitus, Mode de vie","","","","","","","","","",,,,,"",,,,"FRLMSocialHistory.entry.observationSocialHistory",0,*,"",""
"FRLMSpecimen","FRLMSpecimen","FRLMSpecimen","","","",0,*,"","","","null {[]} {[]}
","Logical model - FR LM Specimen","Prélèvement","","","","","","","","","",,,,,"",,,,"Base",0,*,"",""
"FRLMSpecimen","FRLMSpecimen.identifier","FRLMSpecimen.identifier","","","",1,*,"","","","Identifier {[]} {[]}
","Identifiant unique de l'échantillon, au sein d'un périmètre défini. Exemple : identifiant attribué par le système du préleveur, identifiant attribué par le laboratoire, etc. Plusieurs identifiants peuvent être utilisés.","Identifiant unique de l'échantillon, au sein d'un périmètre défini. Exemple : identifiant attribué par le système du préleveur, identifiant attribué par le laboratoire, etc. Plusieurs identifiants peuvent être utilisés.","","","","","","","","","",,,,,"",,,,"FRLMSpecimen.identifier",1,*,"",""
"FRLMSpecimen","FRLMSpecimen.status","FRLMSpecimen.status","","","",0,1,"","","","CodeableConcept {[]} {[]}
","Disponibilité du prélèvement","Disponibilité du prélèvement","","","","","","","","","",,"preferred","(preferred): HL7 specimen-status","","",,,,"FRLMSpecimen.status",0,1,"",""
"FRLMSpecimen","FRLMSpecimen.type","FRLMSpecimen.type","","","",0,1,"","","","CodeableConcept {[]} {[]}
","Échantillon prélevé","Échantillon prélevé","","","","","","","","","",,"required","jdv-specimen-type-cisis (1.2.250.1.213.1.1.5.819)","https://smt.esante.gouv.fr/fhir/ValueSet/jdv-specimen-type-cisis|20260619134042","",,,,"FRLMSpecimen.type",0,1,"",""
"FRLMSpecimen","FRLMSpecimen.specimenSource[x]","FRLMSpecimen.specimenSource[x]","","","",0,1,"","","","https://interop.esante.gouv.fr/ig/document-core/StructureDefinition/FRLMPatient {[]} {[]}
https://interop.esante.gouv.fr/ig/document-core/StructureDefinition/FRLMLocation {[]} {[]}https://interop.esante.gouv.fr/ig/document-core/StructureDefinition/FRLMDevice {[]} {[]}","Origine du prélèvement : il peut provenir d'un patient, d'un lieu ou d'un dispositif","Origine du prélèvement : il peut provenir d'un patient, d'un lieu ou d'un dispositif","","","","","","","","","",,,,,"",,,,"FRLMSpecimen.specimenSource[x]",0,1,"",""
"FRLMSpecimen","FRLMSpecimen.parentSpecimen","FRLMSpecimen.parentSpecimen","","","",0,*,"","","","https://interop.esante.gouv.fr/ig/document-core/StructureDefinition/FRLMSpecimen {[]} {[]}
","Prélèvement dont provient cet échantillon","Prélèvement dont provient cet échantillon","","","","","","","","","",,,,,"",,,,"FRLMSpecimen.parentSpecimen",0,*,"",""
"FRLMSpecimen","FRLMSpecimen.request","FRLMSpecimen.request","","","",0,*,"","","","https://interop.esante.gouv.fr/ig/document-core/StructureDefinition/FRLMServiceRequest {[]} {[]}
","Demande à l'origine du prélèvement","Demande à l'origine du prélèvement","","","","","","","","","",,,,,"",,,,"FRLMSpecimen.request",0,*,"",""
"FRLMSpecimen","FRLMSpecimen.combined","FRLMSpecimen.combined","","","",0,1,"","","","CodeableConcept {[]} {[]}
","Binding Description: (preferred): HL7 specimen-combined","Binding Description: (preferred): HL7 specimen-combined","","","","","","","","","",,"preferred","(preferred): HL7 specimen-combined","","",,,,"FRLMSpecimen.combined",0,1,"",""
"FRLMSpecimen","FRLMSpecimen.collection","FRLMSpecimen.collection","","","",0,*,"","","","Base {[]} {[]}
","Détails de la collecte","Détails de la collecte","","","","","","","","","",,,,,"",,,,"FRLMSpecimen.collection",0,*,"",""
"FRLMSpecimen","FRLMSpecimen.collection.performer[x]","FRLMSpecimen.collection.performer[x]","","","",0,1,"","","","https://interop.esante.gouv.fr/ig/document-core/StructureDefinition/FRLMHealthProfessional {[]} {[]}
https://interop.esante.gouv.fr/ig/document-core/StructureDefinition/FRLMOrganisation {[]} {[]}https://interop.esante.gouv.fr/ig/document-core/StructureDefinition/FRLMPatient {[]} {[]}https://interop.esante.gouv.fr/ig/document-core/StructureDefinition/FRLMRelatedPerson {[]} {[]}","Organisation prélevante","Organisation prélevante","","","","","","","","","",,,,,"",,,,"FRLMSpecimen.collection.performer[x]",0,1,"",""
"FRLMSpecimen","FRLMSpecimen.collection.collected[x]","FRLMSpecimen.collection.collected[x]","","","",1,1,"","","","dateTime {[]} {[]}
Period {[]} {[]}","Date du prélèvement","Date du prélèvement","","","","","","","","","",,,,,"",,,,"FRLMSpecimen.collection.collected[x]",1,1,"",""
"FRLMSpecimen","FRLMSpecimen.collection.quantity","FRLMSpecimen.collection.quantity","","","",0,1,"","","","Quantity {[]} {[]}
","Quantité","Quantité","","","","","","","","","",,,,,"",,,,"FRLMSpecimen.collection.quantity",0,1,"",""
"FRLMSpecimen","FRLMSpecimen.collection.method","FRLMSpecimen.collection.method","","","",0,1,"","","","CodeableConcept {[]} {[]}
","Acte de prélèvement","Acte de prélèvement","","","","","","","","","",,"required","NABM (1.2.250.1.215.300.2) ou 33882-2 [LOINC] Prélèvement","","",,,,"FRLMSpecimen.collection.method",0,1,"",""
"FRLMSpecimen","FRLMSpecimen.collection.device","FRLMSpecimen.collection.device","","","",0,*,"","","","https://interop.esante.gouv.fr/ig/document-core/StructureDefinition/FRLMDeviceUse {[]} {[]}
","Dispositif utilisé","Dispositif utilisé","","","","","","","","","",,,,,"",,,,"FRLMSpecimen.collection.device",0,*,"",""
"FRLMSpecimen","FRLMSpecimen.collection.additive[x]","FRLMSpecimen.collection.additive[x]","","","",0,*,"","","","CodeableConcept {[]} {[]}
https://interop.esante.gouv.fr/ig/document-core/StructureDefinition/FRLMDevice {[]} {[]}","Produit utilisé","Produit utilisé","","","","","","","","","",,,,,"",,,,"FRLMSpecimen.collection.additive[x]",0,*,"",""
"FRLMSpecimen","FRLMSpecimen.collection.bodySite","FRLMSpecimen.collection.bodySite","","","",0,1,"","","","https://interop.esante.gouv.fr/ig/document-core/StructureDefinition/FRLMBodyStructure {[]} {[]}
","Localisation du prélèvement","Localisation du prélèvement","","","","","","","","","",,,,,"",,,,"FRLMSpecimen.collection.bodySite",0,1,"",""
"FRLMSpecimen","FRLMSpecimen.receivedDate","FRLMSpecimen.receivedDate","","","",1,1,"","","","dateTime {[]} {[]}
","Date de réception de l'échantillon","Date de réception de l'échantillon","","","","","","","","","",,,,,"",,,,"FRLMSpecimen.receivedDate",1,1,"",""
"FRLMSpecimen","FRLMSpecimen.container","FRLMSpecimen.container","","","",0,*,"","","","Base {[]} {[]}
","Contenant du prélèvement","Contenant du prélèvement","","","","","","","","","",,,,,"",,,,"FRLMSpecimen.container",0,*,"",""
"FRLMSpecimen","FRLMSpecimen.container.specimenQuantity","FRLMSpecimen.container.specimenQuantity","","","",0,1,"","","","Quantity {[]} {[]}
","Quantité de prélèvement dans le contenant","Quantité de prélèvement dans le contenant","","","","","","","","","",,,,,"",,,,"FRLMSpecimen.container.specimenQuantity",0,1,"",""
"FRLMSpecimen","FRLMSpecimen.container.containerDevice","FRLMSpecimen.container.containerDevice","","","",1,1,"","","","https://interop.esante.gouv.fr/ig/document-core/StructureDefinition/FRLMDevice {[]} {[]}
","Dispositif utilisé comme contenant","Dispositif utilisé comme contenant","","","","","","","","","",,,,,"",,,,"FRLMSpecimen.container.containerDevice",1,1,"",""
"FRLMSpecimen","FRLMSpecimen.condition","FRLMSpecimen.condition","","","",0,*,"","","","CodeableConcept {[]} {[]}
","État de l'échantillon","État de l'échantillon","","","","","","","","","",,"preferred","(preferred): HL7 specimenCondition","","",,,,"FRLMSpecimen.condition",0,*,"",""
"FRLMSpecimen","FRLMSpecimen.note","FRLMSpecimen.note","","","",0,1,"","","","string {[]} {[]}
","Commentaire","Commentaire","","","","","","","","","",,,,,"",,,,"FRLMSpecimen.note",0,1,"",""
"FRLMSupportingInformation","FRLMSupportingInformation","FRLMSupportingInformation","","","",0,*,"","","","null {[]} {[]}
","Logical model - FR LM Supporting Information","Section Informations Cliniques","","","","","","","","","",,,,,"",,,,"Base",0,*,"",""
"FRLMSupportingInformation","FRLMSupportingInformation.codeSection","FRLMSupportingInformation.codeSection","","","",1,1,"","","","CodeableConcept {[]} {[]}
","Code de la section","Code de la section","","","","","","","","","",,,,,"",,,,"FRLMSection.codeSection",1,1,"",""
"FRLMSupportingInformation","FRLMSupportingInformation.titleSection","FRLMSupportingInformation.titleSection","","","",1,1,"","","","string {[]} {[]}
","Titre de la section","Titre de la section","","","","","","","","","",,,,,"",,,,"FRLMSection.titleSection",0,1,"",""
"FRLMSupportingInformation","FRLMSupportingInformation.description","FRLMSupportingInformation.description","","","",1,1,"","","","string {[]} {[]}
","Bloc narratif","Bloc narratif","","","","","","","","","",,,,,"",,,,"FRLMSection.description",1,1,"",""
"FRLMSupportingInformation","FRLMSupportingInformation.author[x]","FRLMSupportingInformation.author[x]","","","",0,*,"","","","Base {[]} {[]}
","author[x] peut correspondre soit à un professionnel, soit à une organisation, soit à un système.","author[x] peut correspondre soit à un professionnel, soit à une organisation, soit à un système.","","","","","","","","","",,,,,"",,,,"FRLMSection.author[x]",0,*,"",""
"FRLMSupportingInformation","FRLMSupportingInformation.author[x].authorProfessional","FRLMSupportingInformation.author[x].authorProfessional","","","",0,*,"","","","https://interop.esante.gouv.fr/ig/document-core/StructureDefinition/FRLMHealthProfessional {[]} {[]}
","L'auteur est un professionnel de santé","L'auteur est un professionnel de santé","","","","","","","","","",,,,,"",,,,"FRLMSection.author[x].authorProfessional",0,*,"",""
"FRLMSupportingInformation","FRLMSupportingInformation.author[x].authorOrganisation","FRLMSupportingInformation.author[x].authorOrganisation","","","",0,*,"","","","https://interop.esante.gouv.fr/ig/document-core/StructureDefinition/FRLMOrganisation {[]} {[]}
","L'auteur est une organisation","L'auteur est une organisation","","","","","","","","","",,,,,"",,,,"FRLMSection.author[x].authorOrganisation",0,*,"",""
"FRLMSupportingInformation","FRLMSupportingInformation.author[x].authorDevice","FRLMSupportingInformation.author[x].authorDevice","","","",0,*,"","","","https://interop.esante.gouv.fr/ig/document-core/StructureDefinition/FRLMDevice {[]} {[]}
","L'auteur est un système","L'auteur est un système","","","","","","","","","",,,,,"",,,,"FRLMSection.author[x].authorDevice",0,*,"",""
"FRLMSupportingInformation","FRLMSupportingInformation.informant","FRLMSupportingInformation.informant","","","",0,*,"","","","https://interop.esante.gouv.fr/ig/document-core/StructureDefinition/FRLMInformant {[]} {[]}
","Informateur","Informateur","","","","","","","","","",,,,,"",,,,"FRLMSection.informant",0,*,"",""
"FRLMSupportingInformation","FRLMSupportingInformation.subSection","FRLMSupportingInformation.subSection","","","",0,0,"","","","Base {[]} {[]}
","Sous-sections","Sous-sections","","","","","","","","","",,,,,"",,,,"FRLMSection.subSection",0,*,"",""
"FRLMSupportingInformation","FRLMSupportingInformation.entry","FRLMSupportingInformation.entry","","","",1,*,"","","","Base {[]} {[]}
","Entrées","Entrées","","","","","","","","","",,,,,"",,,,"FRLMSection.entry",0,*,"",""
"FRLMSupportingInformation","FRLMSupportingInformation.entry.previousResultsInformation","FRLMSupportingInformation.entry.previousResultsInformation","","","",0,*,"","","","https://interop.esante.gouv.fr/ig/document-core/StructureDefinition/FRLMObservation {[]} {[]}
","Résultats d'examens antérieurs pertinents","Résultats d'examens antérieurs pertinents","","","","","","","","","",,,,,"",,,,"FRLMSupportingInformation.entry.previousResultsInformation",0,*,"",""
"FRLMSupportingInformation","FRLMSupportingInformation.entry.historyOfPastIllness","FRLMSupportingInformation.entry.historyOfPastIllness","","","",1,1,"","","","https://interop.esante.gouv.fr/ig/document-core/StructureDefinition/FRLMObservation {[]} {[]}
","Observation","Observation","","","","","","","","","",,,,,"",,,,"FRLMSupportingInformation.entry.historyOfPastIllness",1,1,"",""
"FRLMSupportingInformation","FRLMSupportingInformation.entry.historyOfPastProcedures","FRLMSupportingInformation.entry.historyOfPastProcedures","","","",1,1,"","","","https://interop.esante.gouv.fr/ig/document-core/StructureDefinition/FRLMObservation {[]} {[]}
","Observation","Observation","","","","","","","","","",,,,,"",,,,"FRLMSupportingInformation.entry.historyOfPastProcedures",1,1,"",""
"FRLMSupportingInformation","FRLMSupportingInformation.entry.contraIndication","FRLMSupportingInformation.entry.contraIndication","","","",0,1,"","","","https://interop.esante.gouv.fr/ig/document-core/StructureDefinition/FRLMObservation {[]} {[]}
","Observation","Observation","","","","","","","","","",,,,,"",,,,"FRLMSupportingInformation.entry.contraIndication",0,1,"",""
"FRLMSupportingInformation","FRLMSupportingInformation.entry.condition","FRLMSupportingInformation.entry.condition","","","",0,*,"","","","https://interop.esante.gouv.fr/ig/document-core/StructureDefinition/FRLMCondition {[]} {[]}
","Problème","Problème","","","","","","","","","",,,,,"",,,,"FRLMSupportingInformation.entry.condition",0,*,"",""
"FRLMSupportingInformation","FRLMSupportingInformation.entry.device","FRLMSupportingInformation.entry.device","","","",0,*,"","","","https://interop.esante.gouv.fr/ig/document-core/StructureDefinition/FRLMDeviceUse {[]} {[]}
","Dispositif médical","Dispositif médical","","","","","","","","","",,,,,"",,,,"FRLMSupportingInformation.entry.device",0,*,"",""
"FRLMSupportingInformation","FRLMSupportingInformation.entry.pregnancyStatus","FRLMSupportingInformation.entry.pregnancyStatus","","","",0,1,"","","","https://interop.esante.gouv.fr/ig/document-core/StructureDefinition/FRLMPregnancyObservation {[]} {[]}
","Statut grossesse","Statut grossesse","","","","","","","","","",,,,,"",,,,"FRLMSupportingInformation.entry.pregnancyStatus",0,1,"",""
"FRLMSupportingInformation","FRLMSupportingInformation.entry.priorMedicationAdministration","FRLMSupportingInformation.entry.priorMedicationAdministration","","","",0,*,"","","","https://interop.esante.gouv.fr/ig/document-core/StructureDefinition/FRLMDICOMMedicationAdministration {[]} {[]}
","Produits de santé administré avant l'examen d'imagerie","Produits de santé administré avant l'examen d'imagerie","","","","","","","","","",,,,,"",,,,"FRLMSupportingInformation.entry.priorMedicationAdministration",0,*,"",""
"FRLMSupportingInformation","FRLMSupportingInformation.entry.sexForClinicalUse","FRLMSupportingInformation.entry.sexForClinicalUse","","","",0,1,"","","","CodeableConcept {[]} {[]}
","Sexe Clinique","Sexe Clinique","","","","","","","","","",,,,,"",,,,"FRLMSupportingInformation.entry.sexForClinicalUse",0,1,"",""
"FRLMTransfusionAccidents","FRLMTransfusionAccidents","FRLMTransfusionAccidents","","","",0,*,"","","","null {[]} {[]}
","Logical model - FR LM Transfusion accidents","Accidents transfusionnels","","","","","","","","","",,,,,"",,,,"Base",0,*,"",""
"FRLMTransfusionAccidents","FRLMTransfusionAccidents.header","FRLMTransfusionAccidents.header","","","",1,1,"","","","Base {[]} {[]}
","Métadonnées de base","Métadonnées de base","","","","","","","","","",,,,,"",,,,"FRLMEntry.header",1,1,"",""
"FRLMTransfusionAccidents","FRLMTransfusionAccidents.header.subject","FRLMTransfusionAccidents.header.subject","","","",1,1,"","","","https://interop.esante.gouv.fr/ig/document-core/StructureDefinition/FRLMPatient {[]} {[]}
","Patient / Usager","Patient / Usager","","","","","","","","","",,,,,"",,,,"FRLMEntry.header.subject",1,1,"",""
"FRLMTransfusionAccidents","FRLMTransfusionAccidents.header.identifier","FRLMTransfusionAccidents.header.identifier","","","",0,*,"","","","Identifier {[]} {[]}
","Identifiant de l’entrée","Identifiant de l’entrée","","","","","","","","","",,,,,"",,,,"FRLMEntry.header.identifier",0,*,"",""
"FRLMTransfusionAccidents","FRLMTransfusionAccidents.header.author[x]","FRLMTransfusionAccidents.header.author[x]","","","",0,*,"","","","Base {[]} {[]}
","author[x] peut correspondre soit à un professionnel, soit à une organisation, soit à un système.","author[x] peut correspondre soit à un professionnel, soit à une organisation, soit à un système.","","","","","","","","","",,,,,"",,,,"FRLMEntry.header.author[x]",0,*,"",""
"FRLMTransfusionAccidents","FRLMTransfusionAccidents.header.author[x].authorProfessional","FRLMTransfusionAccidents.header.author[x].authorProfessional","","","",0,*,"","","","https://interop.esante.gouv.fr/ig/document-core/StructureDefinition/FRLMHealthProfessional {[]} {[]}
","L'auteur est un professionnel de santé","L'auteur est un professionnel de santé","","","","","","","","","",,,,,"",,,,"FRLMEntry.header.author[x].authorProfessional",0,*,"",""
"FRLMTransfusionAccidents","FRLMTransfusionAccidents.header.author[x].authorOrganisation","FRLMTransfusionAccidents.header.author[x].authorOrganisation","","","",0,*,"","","","https://interop.esante.gouv.fr/ig/document-core/StructureDefinition/FRLMOrganisation {[]} {[]}
","L'auteur est une organisation","L'auteur est une organisation","","","","","","","","","",,,,,"",,,,"FRLMEntry.header.author[x].authorOrganisation",0,*,"",""
"FRLMTransfusionAccidents","FRLMTransfusionAccidents.header.author[x].authorDevice","FRLMTransfusionAccidents.header.author[x].authorDevice","","","",0,*,"","","","https://interop.esante.gouv.fr/ig/document-core/StructureDefinition/FRLMDevice {[]} {[]}
","L'auteur est un système","L'auteur est un système","","","","","","","","","",,,,,"",,,,"FRLMEntry.header.author[x].authorDevice",0,*,"",""
"FRLMTransfusionAccidents","FRLMTransfusionAccidents.header.performer[x]","FRLMTransfusionAccidents.header.performer[x]","","","",0,*,"","","","https://interop.esante.gouv.fr/ig/document-core/StructureDefinition/FRLMHealthProfessional {[]} {[]}
https://interop.esante.gouv.fr/ig/document-core/StructureDefinition/FRLMOrganisation {[]} {[]}","Exécutant (performer)","Exécutant (performer)","","","","","","","","","",,,,,"",,,,"FRLMEntry.header.performer[x]",0,*,"",""
"FRLMTransfusionAccidents","FRLMTransfusionAccidents.header.participant[x]","FRLMTransfusionAccidents.header.participant[x]","","","",0,*,"","","","Base {[]} {[]}
","Participant","Participant","","","","","","","","","",,,,,"",,,,"FRLMEntry.header.participant[x]",0,*,"",""
"FRLMTransfusionAccidents","FRLMTransfusionAccidents.header.participant[x].participantProfessional","FRLMTransfusionAccidents.header.participant[x].participantProfessional","","","",0,*,"","","","https://interop.esante.gouv.fr/ig/document-core/StructureDefinition/FRLMHealthProfessional {[]} {[]}
","Le participant est un professionnel de santé","Le participant est un professionnel de santé","","","","","","","","","",,,,,"",,,,"FRLMEntry.header.participant[x].participantProfessional",0,*,"",""
"FRLMTransfusionAccidents","FRLMTransfusionAccidents.header.participant[x].participantOrganisation","FRLMTransfusionAccidents.header.participant[x].participantOrganisation","","","",0,*,"","","","https://interop.esante.gouv.fr/ig/document-core/StructureDefinition/FRLMOrganisation {[]} {[]}
","Le participant est une organisation","Le participant est une organisation","","","","","","","","","",,,,,"",,,,"FRLMEntry.header.participant[x].participantOrganisation",0,*,"",""
"FRLMTransfusionAccidents","FRLMTransfusionAccidents.header.participant[x].participantDevice","FRLMTransfusionAccidents.header.participant[x].participantDevice","","","",0,*,"","","","https://interop.esante.gouv.fr/ig/document-core/StructureDefinition/FRLMDevice {[]} {[]}
","Le participant est un système","Le participant est un système","","","","","","","","","",,,,,"",,,,"FRLMEntry.header.participant[x].participantDevice",0,*,"",""
"FRLMTransfusionAccidents","FRLMTransfusionAccidents.header.informant","FRLMTransfusionAccidents.header.informant","","","",0,*,"","","","https://interop.esante.gouv.fr/ig/document-core/StructureDefinition/FRLMInformant {[]} {[]}
","Informateur","Informateur","","","","","","","","","",,,,,"",,,,"FRLMEntry.header.informant",0,*,"",""
"FRLMTransfusionAccidents","FRLMTransfusionAccidents.header.date","FRLMTransfusionAccidents.header.date","","","",0,1,"","","","dateTime {[]} {[]}
","Date/Heure de création par l'auteur","Date/Heure de création par l'auteur","","","","","","","","","",,,,,"",,,,"FRLMEntry.header.date",0,1,"",""
"FRLMTransfusionAccidents","FRLMTransfusionAccidents.header.status","FRLMTransfusionAccidents.header.status","","","",0,1,"","","","CodeableConcept {[]} {[]}
","Statut","Statut","","","","","","","","","",,,,,"",,,,"FRLMEntry.header.status",0,1,"",""
"FRLMTransfusionAccidents","FRLMTransfusionAccidents.header.source","FRLMTransfusionAccidents.header.source","","","",0,1,"","","","CodeableConcept {[]} {[]}
","Source","Source","","","","","","","","","",,,,,"",,,,"FRLMEntry.header.source",0,1,"",""
"FRLMTransfusionAccidents","FRLMTransfusionAccidents.header.language","FRLMTransfusionAccidents.header.language","","","",0,1,"","","","CodeableConcept {[]} {[]}
","'fr-FR' pour français métropolitain (la casse des caractères doit être respectée)
La partie en minuscules indique le code de la langue utilisée (ISO-639-1)
La partie en majuscules indique le code pays (ISO-3166)","'fr-FR' pour français métropolitain (la casse des caractères doit être respectée)
La partie en minuscules indique le code de la langue utilisée (ISO-639-1)
La partie en majuscules indique le code pays (ISO-3166)","","","","","","","","","",,,,,"",,,,"FRLMEntry.header.language",0,1,"",""
"FRLMTransfusionAccidents","FRLMTransfusionAccidents.code","FRLMTransfusionAccidents.code","","","",1,1,"","","","CodeableConcept {[]} {[]}
","Code de l’observation","Code de l’observation","","","","","","","","","",,,,,"",,,,"FRLMTransfusionAccidents.code",1,1,"",""
"FRLMTransfusionAccidents","FRLMTransfusionAccidents.valeur","FRLMTransfusionAccidents.valeur","","","",1,1,"","","","string {[]} {[]}
","Description sous forme textuelle de l'accident transfusionnel","Description sous forme textuelle de l'accident transfusionnel","","","","","","","","","",,,,,"",,,,"FRLMTransfusionAccidents.valeur",1,1,"",""
"FRLMTransfusionDeProduitsSanguins","FRLMTransfusionDeProduitsSanguins","FRLMTransfusionDeProduitsSanguins","","","",0,*,"","","","null {[]} {[]}
","Logical model - FR LM Transfusion de produits sanguins","Transfusion de produits sanguins","","","","","","","","","",,,,,"",,,,"Base",0,*,"",""
"FRLMTransfusionDeProduitsSanguins","FRLMTransfusionDeProduitsSanguins.header","FRLMTransfusionDeProduitsSanguins.header","","","",1,1,"","","","Base {[]} {[]}
","Métadonnées de base","Métadonnées de base","","","","","","","","","",,,,,"",,,,"FRLMEntry.header",1,1,"",""
"FRLMTransfusionDeProduitsSanguins","FRLMTransfusionDeProduitsSanguins.header.subject","FRLMTransfusionDeProduitsSanguins.header.subject","","","",1,1,"","","","https://interop.esante.gouv.fr/ig/document-core/StructureDefinition/FRLMPatient {[]} {[]}
","Patient / Usager","Patient / Usager","","","","","","","","","",,,,,"",,,,"FRLMEntry.header.subject",1,1,"",""
"FRLMTransfusionDeProduitsSanguins","FRLMTransfusionDeProduitsSanguins.header.identifier","FRLMTransfusionDeProduitsSanguins.header.identifier","","","",0,*,"","","","Identifier {[]} {[]}
","Identifiant de l’entrée","Identifiant de l’entrée","","","","","","","","","",,,,,"",,,,"FRLMEntry.header.identifier",0,*,"",""
"FRLMTransfusionDeProduitsSanguins","FRLMTransfusionDeProduitsSanguins.header.author[x]","FRLMTransfusionDeProduitsSanguins.header.author[x]","","","",0,*,"","","","Base {[]} {[]}
","author[x] peut correspondre soit à un professionnel, soit à une organisation, soit à un système.","author[x] peut correspondre soit à un professionnel, soit à une organisation, soit à un système.","","","","","","","","","",,,,,"",,,,"FRLMEntry.header.author[x]",0,*,"",""
"FRLMTransfusionDeProduitsSanguins","FRLMTransfusionDeProduitsSanguins.header.author[x].authorProfessional","FRLMTransfusionDeProduitsSanguins.header.author[x].authorProfessional","","","",0,*,"","","","https://interop.esante.gouv.fr/ig/document-core/StructureDefinition/FRLMHealthProfessional {[]} {[]}
","L'auteur est un professionnel de santé","L'auteur est un professionnel de santé","","","","","","","","","",,,,,"",,,,"FRLMEntry.header.author[x].authorProfessional",0,*,"",""
"FRLMTransfusionDeProduitsSanguins","FRLMTransfusionDeProduitsSanguins.header.author[x].authorOrganisation","FRLMTransfusionDeProduitsSanguins.header.author[x].authorOrganisation","","","",0,*,"","","","https://interop.esante.gouv.fr/ig/document-core/StructureDefinition/FRLMOrganisation {[]} {[]}
","L'auteur est une organisation","L'auteur est une organisation","","","","","","","","","",,,,,"",,,,"FRLMEntry.header.author[x].authorOrganisation",0,*,"",""
"FRLMTransfusionDeProduitsSanguins","FRLMTransfusionDeProduitsSanguins.header.author[x].authorDevice","FRLMTransfusionDeProduitsSanguins.header.author[x].authorDevice","","","",0,*,"","","","https://interop.esante.gouv.fr/ig/document-core/StructureDefinition/FRLMDevice {[]} {[]}
","L'auteur est un système","L'auteur est un système","","","","","","","","","",,,,,"",,,,"FRLMEntry.header.author[x].authorDevice",0,*,"",""
"FRLMTransfusionDeProduitsSanguins","FRLMTransfusionDeProduitsSanguins.header.performer[x]","FRLMTransfusionDeProduitsSanguins.header.performer[x]","","","",0,*,"","","","https://interop.esante.gouv.fr/ig/document-core/StructureDefinition/FRLMHealthProfessional {[]} {[]}
https://interop.esante.gouv.fr/ig/document-core/StructureDefinition/FRLMOrganisation {[]} {[]}","Exécutant (performer)","Exécutant (performer)","","","","","","","","","",,,,,"",,,,"FRLMEntry.header.performer[x]",0,*,"",""
"FRLMTransfusionDeProduitsSanguins","FRLMTransfusionDeProduitsSanguins.header.participant[x]","FRLMTransfusionDeProduitsSanguins.header.participant[x]","","","",0,*,"","","","Base {[]} {[]}
","Participant","Participant","","","","","","","","","",,,,,"",,,,"FRLMEntry.header.participant[x]",0,*,"",""
"FRLMTransfusionDeProduitsSanguins","FRLMTransfusionDeProduitsSanguins.header.participant[x].participantProfessional","FRLMTransfusionDeProduitsSanguins.header.participant[x].participantProfessional","","","",0,*,"","","","https://interop.esante.gouv.fr/ig/document-core/StructureDefinition/FRLMHealthProfessional {[]} {[]}
","Le participant est un professionnel de santé","Le participant est un professionnel de santé","","","","","","","","","",,,,,"",,,,"FRLMEntry.header.participant[x].participantProfessional",0,*,"",""
"FRLMTransfusionDeProduitsSanguins","FRLMTransfusionDeProduitsSanguins.header.participant[x].participantOrganisation","FRLMTransfusionDeProduitsSanguins.header.participant[x].participantOrganisation","","","",0,*,"","","","https://interop.esante.gouv.fr/ig/document-core/StructureDefinition/FRLMOrganisation {[]} {[]}
","Le participant est une organisation","Le participant est une organisation","","","","","","","","","",,,,,"",,,,"FRLMEntry.header.participant[x].participantOrganisation",0,*,"",""
"FRLMTransfusionDeProduitsSanguins","FRLMTransfusionDeProduitsSanguins.header.participant[x].participantDevice","FRLMTransfusionDeProduitsSanguins.header.participant[x].participantDevice","","","",0,*,"","","","https://interop.esante.gouv.fr/ig/document-core/StructureDefinition/FRLMDevice {[]} {[]}
","Le participant est un système","Le participant est un système","","","","","","","","","",,,,,"",,,,"FRLMEntry.header.participant[x].participantDevice",0,*,"",""
"FRLMTransfusionDeProduitsSanguins","FRLMTransfusionDeProduitsSanguins.header.informant","FRLMTransfusionDeProduitsSanguins.header.informant","","","",0,*,"","","","https://interop.esante.gouv.fr/ig/document-core/StructureDefinition/FRLMInformant {[]} {[]}
","Informateur","Informateur","","","","","","","","","",,,,,"",,,,"FRLMEntry.header.informant",0,*,"",""
"FRLMTransfusionDeProduitsSanguins","FRLMTransfusionDeProduitsSanguins.header.date","FRLMTransfusionDeProduitsSanguins.header.date","","","",0,1,"","","","dateTime {[]} {[]}
","Date/Heure de création par l'auteur","Date/Heure de création par l'auteur","","","","","","","","","",,,,,"",,,,"FRLMEntry.header.date",0,1,"",""
"FRLMTransfusionDeProduitsSanguins","FRLMTransfusionDeProduitsSanguins.header.status","FRLMTransfusionDeProduitsSanguins.header.status","","","",0,1,"","","","CodeableConcept {[]} {[]}
","Statut","Statut","","","","","","","","","",,,,,"",,,,"FRLMEntry.header.status",0,1,"",""
"FRLMTransfusionDeProduitsSanguins","FRLMTransfusionDeProduitsSanguins.header.source","FRLMTransfusionDeProduitsSanguins.header.source","","","",0,1,"","","","CodeableConcept {[]} {[]}
","Source","Source","","","","","","","","","",,,,,"",,,,"FRLMEntry.header.source",0,1,"",""
"FRLMTransfusionDeProduitsSanguins","FRLMTransfusionDeProduitsSanguins.header.language","FRLMTransfusionDeProduitsSanguins.header.language","","","",0,1,"","","","CodeableConcept {[]} {[]}
","'fr-FR' pour français métropolitain (la casse des caractères doit être respectée)
La partie en minuscules indique le code de la langue utilisée (ISO-639-1)
La partie en majuscules indique le code pays (ISO-3166)","'fr-FR' pour français métropolitain (la casse des caractères doit être respectée)
La partie en minuscules indique le code de la langue utilisée (ISO-639-1)
La partie en majuscules indique le code pays (ISO-3166)","","","","","","","","","",,,,,"",,,,"FRLMEntry.header.language",0,1,"",""
"FRLMTransfusionDeProduitsSanguins","FRLMTransfusionDeProduitsSanguins.code","FRLMTransfusionDeProduitsSanguins.code","","","",1,1,"","","","CodeableConcept {[]} {[]}
","Code de l'entrée","Code de l'entrée","","","","","","","","","",,,,,"",,,,"FRLMTransfusionDeProduitsSanguins.code",1,1,"",""
"FRLMTransfusionDeProduitsSanguins","FRLMTransfusionDeProduitsSanguins.transfusionProduitSanguin","FRLMTransfusionDeProduitsSanguins.transfusionProduitSanguin","","","",1,1,"","","","boolean {[]} {[]}
","Transfusion de produit sanguin","Transfusion de produit sanguin","","","","","","","","","",,,,,"",,,,"FRLMTransfusionDeProduitsSanguins.transfusionProduitSanguin",1,1,"",""
"FRLMTravelHistory","FRLMTravelHistory","FRLMTravelHistory","","","",0,*,"","","","null {[]} {[]}
","Logical model - FR LM TravelHistory","Historique des voyages.","","","","","","","","","",,,,,"",,,,"Base",0,*,"",""
"FRLMTravelHistory","FRLMTravelHistory.header","FRLMTravelHistory.header","","","",1,1,"","","","Base {[]} {[]}
","Métadonnées de base","Métadonnées de base","","","","","","","","","",,,,,"",,,,"FRLMEntry.header",1,1,"",""
"FRLMTravelHistory","FRLMTravelHistory.header.subject","FRLMTravelHistory.header.subject","","","",1,1,"","","","https://interop.esante.gouv.fr/ig/document-core/StructureDefinition/FRLMPatient {[]} {[]}
","Patient / Usager","Patient / Usager","","","","","","","","","",,,,,"",,,,"FRLMEntry.header.subject",1,1,"",""
"FRLMTravelHistory","FRLMTravelHistory.header.identifier","FRLMTravelHistory.header.identifier","","","",0,*,"","","","Identifier {[]} {[]}
","Identifiant de l’entrée","Identifiant de l’entrée","","","","","","","","","",,,,,"",,,,"FRLMEntry.header.identifier",0,*,"",""
"FRLMTravelHistory","FRLMTravelHistory.header.author[x]","FRLMTravelHistory.header.author[x]","","","",0,*,"","","","Base {[]} {[]}
","author[x] peut correspondre soit à un professionnel, soit à une organisation, soit à un système.","author[x] peut correspondre soit à un professionnel, soit à une organisation, soit à un système.","","","","","","","","","",,,,,"",,,,"FRLMEntry.header.author[x]",0,*,"",""
"FRLMTravelHistory","FRLMTravelHistory.header.author[x].authorProfessional","FRLMTravelHistory.header.author[x].authorProfessional","","","",0,*,"","","","https://interop.esante.gouv.fr/ig/document-core/StructureDefinition/FRLMHealthProfessional {[]} {[]}
","L'auteur est un professionnel de santé","L'auteur est un professionnel de santé","","","","","","","","","",,,,,"",,,,"FRLMEntry.header.author[x].authorProfessional",0,*,"",""
"FRLMTravelHistory","FRLMTravelHistory.header.author[x].authorOrganisation","FRLMTravelHistory.header.author[x].authorOrganisation","","","",0,*,"","","","https://interop.esante.gouv.fr/ig/document-core/StructureDefinition/FRLMOrganisation {[]} {[]}
","L'auteur est une organisation","L'auteur est une organisation","","","","","","","","","",,,,,"",,,,"FRLMEntry.header.author[x].authorOrganisation",0,*,"",""
"FRLMTravelHistory","FRLMTravelHistory.header.author[x].authorDevice","FRLMTravelHistory.header.author[x].authorDevice","","","",0,*,"","","","https://interop.esante.gouv.fr/ig/document-core/StructureDefinition/FRLMDevice {[]} {[]}
","L'auteur est un système","L'auteur est un système","","","","","","","","","",,,,,"",,,,"FRLMEntry.header.author[x].authorDevice",0,*,"",""
"FRLMTravelHistory","FRLMTravelHistory.header.performer[x]","FRLMTravelHistory.header.performer[x]","","","",0,*,"","","","https://interop.esante.gouv.fr/ig/document-core/StructureDefinition/FRLMHealthProfessional {[]} {[]}
https://interop.esante.gouv.fr/ig/document-core/StructureDefinition/FRLMOrganisation {[]} {[]}","Exécutant (performer)","Exécutant (performer)","","","","","","","","","",,,,,"",,,,"FRLMEntry.header.performer[x]",0,*,"",""
"FRLMTravelHistory","FRLMTravelHistory.header.participant[x]","FRLMTravelHistory.header.participant[x]","","","",0,*,"","","","Base {[]} {[]}
","Participant","Participant","","","","","","","","","",,,,,"",,,,"FRLMEntry.header.participant[x]",0,*,"",""
"FRLMTravelHistory","FRLMTravelHistory.header.participant[x].participantProfessional","FRLMTravelHistory.header.participant[x].participantProfessional","","","",0,*,"","","","https://interop.esante.gouv.fr/ig/document-core/StructureDefinition/FRLMHealthProfessional {[]} {[]}
","Le participant est un professionnel de santé","Le participant est un professionnel de santé","","","","","","","","","",,,,,"",,,,"FRLMEntry.header.participant[x].participantProfessional",0,*,"",""
"FRLMTravelHistory","FRLMTravelHistory.header.participant[x].participantOrganisation","FRLMTravelHistory.header.participant[x].participantOrganisation","","","",0,*,"","","","https://interop.esante.gouv.fr/ig/document-core/StructureDefinition/FRLMOrganisation {[]} {[]}
","Le participant est une organisation","Le participant est une organisation","","","","","","","","","",,,,,"",,,,"FRLMEntry.header.participant[x].participantOrganisation",0,*,"",""
"FRLMTravelHistory","FRLMTravelHistory.header.participant[x].participantDevice","FRLMTravelHistory.header.participant[x].participantDevice","","","",0,*,"","","","https://interop.esante.gouv.fr/ig/document-core/StructureDefinition/FRLMDevice {[]} {[]}
","Le participant est un système","Le participant est un système","","","","","","","","","",,,,,"",,,,"FRLMEntry.header.participant[x].participantDevice",0,*,"",""
"FRLMTravelHistory","FRLMTravelHistory.header.informant","FRLMTravelHistory.header.informant","","","",0,*,"","","","https://interop.esante.gouv.fr/ig/document-core/StructureDefinition/FRLMInformant {[]} {[]}
","Informateur","Informateur","","","","","","","","","",,,,,"",,,,"FRLMEntry.header.informant",0,*,"",""
"FRLMTravelHistory","FRLMTravelHistory.header.date","FRLMTravelHistory.header.date","","","",0,1,"","","","dateTime {[]} {[]}
","Date/Heure de création par l'auteur","Date/Heure de création par l'auteur","","","","","","","","","",,,,,"",,,,"FRLMEntry.header.date",0,1,"",""
"FRLMTravelHistory","FRLMTravelHistory.header.status","FRLMTravelHistory.header.status","","","",0,1,"","","","CodeableConcept {[]} {[]}
","Statut","Statut","","","","","","","","","",,,,,"",,,,"FRLMEntry.header.status",0,1,"",""
"FRLMTravelHistory","FRLMTravelHistory.header.source","FRLMTravelHistory.header.source","","","",0,1,"","","","CodeableConcept {[]} {[]}
","Source","Source","","","","","","","","","",,,,,"",,,,"FRLMEntry.header.source",0,1,"",""
"FRLMTravelHistory","FRLMTravelHistory.header.language","FRLMTravelHistory.header.language","","","",0,1,"","","","CodeableConcept {[]} {[]}
","'fr-FR' pour français métropolitain (la casse des caractères doit être respectée)
La partie en minuscules indique le code de la langue utilisée (ISO-639-1)
La partie en majuscules indique le code pays (ISO-3166)","'fr-FR' pour français métropolitain (la casse des caractères doit être respectée)
La partie en minuscules indique le code de la langue utilisée (ISO-639-1)
La partie en majuscules indique le code pays (ISO-3166)","","","","","","","","","",,,,,"",,,,"FRLMEntry.header.language",0,1,"",""
"FRLMTravelHistory","FRLMTravelHistory.country","FRLMTravelHistory.country","","","",1,1,"","","","CodeableConcept {[]} {[]}
","Pays de destination du voyage","Pays de destination du voyage","","","","","","","","","",,"preferred","ISO 3166","","",,,,"FRLMTravelHistory.country",1,1,"",""
"FRLMTravelHistory","FRLMTravelHistory.period","FRLMTravelHistory.period","","","",0,1,"","","","Period {[]} {[]}
","Période du voyage","Période du voyage","","","","","","","","","",,,,,"",,,,"FRLMTravelHistory.period",0,1,"",""
"FRLMVitalSigns","FRLMVitalSigns","FRLMVitalSigns","","","",0,*,"","","","null {[]} {[]}
","Logical model - FR LM Vital Signs","Section Signes vitaux","","","","","","","","","",,,,,"",,,,"Base",0,*,"",""
"FRLMVitalSigns","FRLMVitalSigns.codeSection","FRLMVitalSigns.codeSection","","","",1,1,"","","","CodeableConcept {[]} {[]}
","Code de la section","Code de la section","","","","","","","","","",,,,,"",,,,"FRLMSection.codeSection",1,1,"",""
"FRLMVitalSigns","FRLMVitalSigns.titleSection","FRLMVitalSigns.titleSection","","","",1,1,"","","","string {[]} {[]}
","Titre de la section","Titre de la section","","","","","","","","","",,,,,"",,,,"FRLMSection.titleSection",0,1,"",""
"FRLMVitalSigns","FRLMVitalSigns.description","FRLMVitalSigns.description","","","",1,1,"","","","string {[]} {[]}
","Bloc narratif","Bloc narratif","","","","","","","","","",,,,,"",,,,"FRLMSection.description",1,1,"",""
"FRLMVitalSigns","FRLMVitalSigns.author[x]","FRLMVitalSigns.author[x]","","","",0,*,"","","","Base {[]} {[]}
","author[x] peut correspondre soit à un professionnel, soit à une organisation, soit à un système.","author[x] peut correspondre soit à un professionnel, soit à une organisation, soit à un système.","","","","","","","","","",,,,,"",,,,"FRLMSection.author[x]",0,*,"",""
"FRLMVitalSigns","FRLMVitalSigns.author[x].authorProfessional","FRLMVitalSigns.author[x].authorProfessional","","","",0,*,"","","","https://interop.esante.gouv.fr/ig/document-core/StructureDefinition/FRLMHealthProfessional {[]} {[]}
","L'auteur est un professionnel de santé","L'auteur est un professionnel de santé","","","","","","","","","",,,,,"",,,,"FRLMSection.author[x].authorProfessional",0,*,"",""
"FRLMVitalSigns","FRLMVitalSigns.author[x].authorOrganisation","FRLMVitalSigns.author[x].authorOrganisation","","","",0,*,"","","","https://interop.esante.gouv.fr/ig/document-core/StructureDefinition/FRLMOrganisation {[]} {[]}
","L'auteur est une organisation","L'auteur est une organisation","","","","","","","","","",,,,,"",,,,"FRLMSection.author[x].authorOrganisation",0,*,"",""
"FRLMVitalSigns","FRLMVitalSigns.author[x].authorDevice","FRLMVitalSigns.author[x].authorDevice","","","",0,*,"","","","https://interop.esante.gouv.fr/ig/document-core/StructureDefinition/FRLMDevice {[]} {[]}
","L'auteur est un système","L'auteur est un système","","","","","","","","","",,,,,"",,,,"FRLMSection.author[x].authorDevice",0,*,"",""
"FRLMVitalSigns","FRLMVitalSigns.informant","FRLMVitalSigns.informant","","","",0,*,"","","","https://interop.esante.gouv.fr/ig/document-core/StructureDefinition/FRLMInformant {[]} {[]}
","Informateur","Informateur","","","","","","","","","",,,,,"",,,,"FRLMSection.informant",0,*,"",""
"FRLMVitalSigns","FRLMVitalSigns.subSection","FRLMVitalSigns.subSection","","","",0,0,"","","","Base {[]} {[]}
","Sous-sections","Sous-sections","","","","","","","","","",,,,,"",,,,"FRLMSection.subSection",0,*,"",""
"FRLMVitalSigns","FRLMVitalSigns.entry","FRLMVitalSigns.entry","","","",0,*,"","","","Base {[]} {[]}
","Entrées","Entrées","","","","","","","","","",,,,,"",,,,"FRLMSection.entry",0,*,"",""
"FRLMVitalSigns","FRLMVitalSigns.entry.observationVitalSign","FRLMVitalSigns.entry.observationVitalSign","","","",1,*,"","","","https://interop.esante.gouv.fr/ig/document-core/StructureDefinition/FRLMObservationVitalSign {[]} {[]}
","Entrée Signes vitaux","Entrée Signes vitaux","","","","","","","","","",,,,,"",,,,"FRLMVitalSigns.entry.observationVitalSign",1,*,"",""
